data,godzina,wylot,przylot,cena,waluta,link
2026-10-07,13:35,SVQ,WAW,168.19,EUR,https://www.ryanair.com/pl/pl/trip/flights/select?adults=1&dateOut=2026-10-07&originIata=SVQ&destinationIata=WAW&isReturn=false
2026-10-07,18:10,WAW,SVQ,231.73,PLN,https://www.ryanair.com/pl/pl/trip/flights/select?adults=1&dateOut=2026-10-07&originIata=WAW&destinationIata=SVQ&isReturn=false
2026-10-07,14:45,ALC,WAW,235.2,EUR,https://www.ryanair.com/pl/pl/trip/flights/select?adults=1&dateOut=2026-10-07&originIata=ALC&destinationIata=WAW&isReturn=false
2026-10-07,18:30,WAW,ALC,722.64,PLN,https://www.ryanair.com/pl/pl/trip/flights/select?adults=1&dateOut=2026-10-07&originIata=WAW&destinationIata=ALC&isReturn=false
2026-10-08,16:50,LBA,WAW,62.84,GBP,https://www.ryanair.com/pl/pl/trip/flights/select?adults=1&dateOut=2026-10-08&originIata=LBA&destinationIata=WAW&isReturn=false
2026-10-08,07:15,AGP,WAW,153.99,EUR,https://www.ryanair.com/pl/pl/trip/flights/select?adults=1&dateOut=2026-10-08&originIata=AGP&destinationIata=WAW&isReturn=false
2026-10-08,14:25,ALC,WAW,188.76,EUR,https://www.ryanair.com/pl/pl/trip/flights/select?adults=1&dateOut=2026-10-08&originIata=ALC&destinationIata=WAW&isReturn=false
2026-10-08,21:40,WAW,LBA,343.29,PLN,https://www.ryanair.com/pl/pl/trip/flights/select?adults=1&dateOut=2026-10-08&originIata=WAW&destinationIata=LBA&isReturn=false
2026-10-08,18:10,WAW,ALC,740.16,PLN,https://www.ryanair.com/pl/pl/trip/flights/select?adults=1&dateOut=2026-10-08&originIata=WAW&destinationIata=ALC&isReturn=false
2026-10-08,11:30,WAW,AGP,823.78,PLN,https://www.ryanair.com/pl/pl/trip/flights/select?adults=1&dateOut=2026-10-08&originIata=WAW&destinationIata=AGP&isReturn=false
2026-10-09,15:55,TIA,WAW,82.99,EUR,https://www.ryanair.com/pl/pl/trip/flights/select?adults=1&dateOut=2026-10-09&originIata=TIA&destinationIata=WAW&isReturn=false
2026-10-09,16:30,MAN,WAW,84.99,GBP,https://www.ryanair.com/pl/pl/trip/flights/select?adults=1&dateOut=2026-10-09&originIata=MAN&destinationIata=WAW&isReturn=false
2026-10-09,07:40,VIE,WAW,90.99,EUR,https://www.ryanair.com/pl/pl/trip/flights/select?adults=1&dateOut=2026-10-09&originIata=VIE&destinationIata=WAW&isReturn=false
2026-10-09,06:30,CRL,WAW,125.99,EUR,https://www.ryanair.com/pl/pl/trip/flights/select?adults=1&dateOut=2026-10-09&originIata=CRL&destinationIata=WAW&isReturn=false
2026-10-09,08:55,WAW,CRL,310.93,PLN,https://www.ryanair.com/pl/pl/trip/flights/select?adults=1&dateOut=2026-10-09&originIata=WAW&destinationIata=CRL&isReturn=false
2026-10-09,14:30,ALC,WAW,332.99,EUR,https://www.ryanair.com/pl/pl/trip/flights/select?adults=1&dateOut=2026-10-09&originIata=ALC&destinationIata=WAW&isReturn=false
2026-10-09,18:25,WAW,TIA,388.65,PLN,https://www.ryanair.com/pl/pl/trip/flights/select?adults=1&dateOut=2026-10-09&originIata=WAW&destinationIata=TIA&isReturn=false
2026-10-09,20:45,WAW,MAN,394.15,PLN,https://www.ryanair.com/pl/pl/trip/flights/select?adults=1&dateOut=2026-10-09&originIata=WAW&destinationIata=MAN&isReturn=false
2026-10-09,09:20,WAW,VIE,398.53,PLN,https://www.ryanair.com/pl/pl/trip/flights/select?adults=1&dateOut=2026-10-09&originIata=WAW&destinationIata=VIE&isReturn=false
2026-10-09,18:15,WAW,ALC,976.67,PLN,https://www.ryanair.com/pl/pl/trip/flights/select?adults=1&dateOut=2026-10-09&originIata=WAW&destinationIata=ALC&isReturn=false
2026-10-10,13:30,LBA,WAW,46.12,GBP,https://www.ryanair.com/pl/pl/trip/flights/select?adults=1&dateOut=2026-10-10&originIata=LBA&destinationIata=WAW&isReturn=false
2026-10-10,07:15,VIE,WAW,59.02,EUR,https://www.ryanair.com/pl/pl/trip/flights/select?adults=1&dateOut=2026-10-10&originIata=VIE&destinationIata=WAW&isReturn=false
2026-10-10,14:15,AGP,WAW,131.83,EUR,https://www.ryanair.com/pl/pl/trip/flights/select?adults=1&dateOut=2026-10-10&originIata=AGP&destinationIata=WAW&isReturn=false
2026-10-10,17:50,WAW,LBA,195.24,PLN,https://www.ryanair.com/pl/pl/trip/flights/select?adults=1&dateOut=2026-10-10&originIata=WAW&destinationIata=LBA&isReturn=false
2026-10-10,18:40,WAW,SVQ,232.09,PLN,https://www.ryanair.com/pl/pl/trip/flights/select?adults=1&dateOut=2026-10-10&originIata=WAW&destinationIata=SVQ&isReturn=false
2026-10-10,06:10,ALC,WAW,255.99,EUR,https://www.ryanair.com/pl/pl/trip/flights/select?adults=1&dateOut=2026-10-10&originIata=ALC&destinationIata=WAW&isReturn=false
2026-10-10,09:30,WAW,VIE,315.31,PLN,https://www.ryanair.com/pl/pl/trip/flights/select?adults=1&dateOut=2026-10-10&originIata=WAW&destinationIata=VIE&isReturn=false
2026-10-10,14:10,SVQ,WAW,326.47,EUR,https://www.ryanair.com/pl/pl/trip/flights/select?adults=1&dateOut=2026-10-10&originIata=SVQ&destinationIata=WAW&isReturn=false
2026-10-10,19:15,WAW,ALC,524.21,PLN,https://www.ryanair.com/pl/pl/trip/flights/select?adults=1&dateOut=2026-10-10&originIata=WAW&destinationIata=ALC&isReturn=false
2026-10-10,18:35,WAW,AGP,549.52,PLN,https://www.ryanair.com/pl/pl/trip/flights/select?adults=1&dateOut=2026-10-10&originIata=WAW&destinationIata=AGP&isReturn=false
2026-10-11,14:35,MAN,WAW,47.93,GBP,https://www.ryanair.com/pl/pl/trip/flights/select?adults=1&dateOut=2026-10-11&originIata=MAN&destinationIata=WAW&isReturn=false
2026-10-11,19:25,VIE,WAW,97.99,EUR,https://www.ryanair.com/pl/pl/trip/flights/select?adults=1&dateOut=2026-10-11&originIata=VIE&destinationIata=WAW&isReturn=false
2026-10-11,07:05,AGP,WAW,105.99,EUR,https://www.ryanair.com/pl/pl/trip/flights/select?adults=1&dateOut=2026-10-11&originIata=AGP&destinationIata=WAW&isReturn=false
2026-10-11,16:05,CRL,WAW,105.99,EUR,https://www.ryanair.com/pl/pl/trip/flights/select?adults=1&dateOut=2026-10-11&originIata=CRL&destinationIata=WAW&isReturn=false
2026-10-11,07:35,ALC,WAW,241.27,EUR,https://www.ryanair.com/pl/pl/trip/flights/select?adults=1&dateOut=2026-10-11&originIata=ALC&destinationIata=WAW&isReturn=false
2026-10-11,21:10,WAW,VIE,376.63,PLN,https://www.ryanair.com/pl/pl/trip/flights/select?adults=1&dateOut=2026-10-11&originIata=WAW&destinationIata=VIE&isReturn=false
2026-10-11,18:35,WAW,CRL,411.67,PLN,https://www.ryanair.com/pl/pl/trip/flights/select?adults=1&dateOut=2026-10-11&originIata=WAW&destinationIata=CRL&isReturn=false
2026-10-11,11:20,WAW,AGP,635.04,PLN,https://www.ryanair.com/pl/pl/trip/flights/select?adults=1&dateOut=2026-10-11&originIata=WAW&destinationIata=AGP&isReturn=false
2026-10-11,19:20,WAW,MAN,931.58,PLN,https://www.ryanair.com/pl/pl/trip/flights/select?adults=1&dateOut=2026-10-11&originIata=WAW&destinationIata=MAN&isReturn=false
2026-10-11,11:30,WAW,ALC,1046.75,PLN,https://www.ryanair.com/pl/pl/trip/flights/select?adults=1&dateOut=2026-10-11&originIata=WAW&destinationIata=ALC&isReturn=false
2026-10-12,07:15,MAN,WAW,23.71,GBP,https://www.ryanair.com/pl/pl/trip/flights/select?adults=1&dateOut=2026-10-12&originIata=MAN&destinationIata=WAW&isReturn=false
2026-10-12,14:45,LBA,WAW,49.49,GBP,https://www.ryanair.com/pl/pl/trip/flights/select?adults=1&dateOut=2026-10-12&originIata=LBA&destinationIata=WAW&isReturn=false
2026-10-12,15:00,TIA,WAW,55.99,EUR,https://www.ryanair.com/pl/pl/trip/flights/select?adults=1&dateOut=2026-10-12&originIata=TIA&destinationIata=WAW&isReturn=false
2026-10-12,18:00,CRL,WAW,59.88,EUR,https://www.ryanair.com/pl/pl/trip/flights/select?adults=1&dateOut=2026-10-12&originIata=CRL&destinationIata=WAW&isReturn=false
2026-10-12,18:05,VIE,WAW,61.99,EUR,https://www.ryanair.com/pl/pl/trip/flights/select?adults=1&dateOut=2026-10-12&originIata=VIE&destinationIata=WAW&isReturn=false
2026-10-12,17:50,WAW,TIA,139.64,PLN,https://www.ryanair.com/pl/pl/trip/flights/select?adults=1&dateOut=2026-10-12&originIata=WAW&destinationIata=TIA&isReturn=false
2026-10-12,07:20,AGP,WAW,156.99,EUR,https://www.ryanair.com/pl/pl/trip/flights/select?adults=1&dateOut=2026-10-12&originIata=AGP&destinationIata=WAW&isReturn=false
2026-10-12,14:45,ALC,WAW,290.34,EUR,https://www.ryanair.com/pl/pl/trip/flights/select?adults=1&dateOut=2026-10-12&originIata=ALC&destinationIata=WAW&isReturn=false
2026-10-12,20:25,WAW,CRL,315.31,PLN,https://www.ryanair.com/pl/pl/trip/flights/select?adults=1&dateOut=2026-10-12&originIata=WAW&destinationIata=CRL&isReturn=false
2026-10-12,11:15,WAW,MAN,363.49,PLN,https://www.ryanair.com/pl/pl/trip/flights/select?adults=1&dateOut=2026-10-12&originIata=WAW&destinationIata=MAN&isReturn=false
2026-10-12,19:45,WAW,VIE,429.31,PLN,https://www.ryanair.com/pl/pl/trip/flights/select?adults=1&dateOut=2026-10-12&originIata=WAW&destinationIata=VIE&isReturn=false
2026-10-12,18:45,WAW,LBA,489.8,PLN,https://www.ryanair.com/pl/pl/trip/flights/select?adults=1&dateOut=2026-10-12&originIata=WAW&destinationIata=LBA&isReturn=false
2026-10-12,11:35,WAW,AGP,823.38,PLN,https://www.ryanair.com/pl/pl/trip/flights/select?adults=1&dateOut=2026-10-12&originIata=WAW&destinationIata=AGP&isReturn=false
2026-10-12,18:30,WAW,ALC,994.19,PLN,https://www.ryanair.com/pl/pl/trip/flights/select?adults=1&dateOut=2026-10-12&originIata=WAW&destinationIata=ALC&isReturn=false
2026-10-13,05:45,AGP,WAW,85.99,EUR,https://www.ryanair.com/pl/pl/trip/flights/select?adults=1&dateOut=2026-10-13&originIata=AGP&destinationIata=WAW&isReturn=false
2026-10-13,07:35,ALC,WAW,110.76,EUR,https://www.ryanair.com/pl/pl/trip/flights/select?adults=1&dateOut=2026-10-13&originIata=ALC&destinationIata=WAW&isReturn=false
2026-10-13,10:10,WAW,AGP,477.37,PLN,https://www.ryanair.com/pl/pl/trip/flights/select?adults=1&dateOut=2026-10-13&originIata=WAW&destinationIata=AGP&isReturn=false
2026-10-13,11:30,WAW,ALC,954.77,PLN,https://www.ryanair.com/pl/pl/trip/flights/select?adults=1&dateOut=2026-10-13&originIata=WAW&destinationIata=ALC&isReturn=false
2026-10-14,13:35,SVQ,WAW,132.19,EUR,https://www.ryanair.com/pl/pl/trip/flights/select?adults=1&dateOut=2026-10-14&originIata=SVQ&destinationIata=WAW&isReturn=false
2026-10-14,14:45,ALC,WAW,136.99,EUR,https://www.ryanair.com/pl/pl/trip/flights/select?adults=1&dateOut=2026-10-14&originIata=ALC&destinationIata=WAW&isReturn=false
2026-10-14,18:10,WAW,SVQ,152.39,PLN,https://www.ryanair.com/pl/pl/trip/flights/select?adults=1&dateOut=2026-10-14&originIata=WAW&destinationIata=SVQ&isReturn=false
2026-10-14,18:30,WAW,ALC,381.01,PLN,https://www.ryanair.com/pl/pl/trip/flights/select?adults=1&dateOut=2026-10-14&originIata=WAW&destinationIata=ALC&isReturn=false
2026-10-15,16:50,LBA,WAW,76.99,GBP,https://www.ryanair.com/pl/pl/trip/flights/select?adults=1&dateOut=2026-10-15&originIata=LBA&destinationIata=WAW&isReturn=false
2026-10-15,07:15,AGP,WAW,131.67,EUR,https://www.ryanair.com/pl/pl/trip/flights/select?adults=1&dateOut=2026-10-15&originIata=AGP&destinationIata=WAW&isReturn=false
2026-10-15,21:40,WAW,LBA,155.16,PLN,https://www.ryanair.com/pl/pl/trip/flights/select?adults=1&dateOut=2026-10-15&originIata=WAW&destinationIata=LBA&isReturn=false
2026-10-15,14:25,ALC,WAW,174.52,EUR,https://www.ryanair.com/pl/pl/trip/flights/select?adults=1&dateOut=2026-10-15&originIata=ALC&destinationIata=WAW&isReturn=false
2026-10-15,18:10,WAW,ALC,444.35,PLN,https://www.ryanair.com/pl/pl/trip/flights/select?adults=1&dateOut=2026-10-15&originIata=WAW&destinationIata=ALC&isReturn=false
2026-10-15,11:30,WAW,AGP,512.4,PLN,https://www.ryanair.com/pl/pl/trip/flights/select?adults=1&dateOut=2026-10-15&originIata=WAW&destinationIata=AGP&isReturn=false
2026-10-16,15:55,TIA,WAW,38.99,EUR,https://www.ryanair.com/pl/pl/trip/flights/select?adults=1&dateOut=2026-10-16&originIata=TIA&destinationIata=WAW&isReturn=false
2026-10-16,07:40,VIE,WAW,44.67,EUR,https://www.ryanair.com/pl/pl/trip/flights/select?adults=1&dateOut=2026-10-16&originIata=VIE&destinationIata=WAW&isReturn=false
2026-10-16,06:30,CRL,WAW,109.99,EUR,https://www.ryanair.com/pl/pl/trip/flights/select?adults=1&dateOut=2026-10-16&originIata=CRL&destinationIata=WAW&isReturn=false
2026-10-16,08:55,WAW,CRL,131.35,PLN,https://www.ryanair.com/pl/pl/trip/flights/select?adults=1&dateOut=2026-10-16&originIata=WAW&destinationIata=CRL&isReturn=false
2026-10-16,14:30,ALC,WAW,143.17,EUR,https://www.ryanair.com/pl/pl/trip/flights/select?adults=1&dateOut=2026-10-16&originIata=ALC&destinationIata=WAW&isReturn=false
2026-10-16,16:30,MAN,WAW,166.74,GBP,https://www.ryanair.com/pl/pl/trip/flights/select?adults=1&dateOut=2026-10-16&originIata=MAN&destinationIata=WAW&isReturn=false
2026-10-16,18:25,WAW,TIA,179.53,PLN,https://www.ryanair.com/pl/pl/trip/flights/select?adults=1&dateOut=2026-10-16&originIata=WAW&destinationIata=TIA&isReturn=false
2026-10-16,09:20,WAW,VIE,337.21,PLN,https://www.ryanair.com/pl/pl/trip/flights/select?adults=1&dateOut=2026-10-16&originIata=WAW&destinationIata=VIE&isReturn=false
2026-10-16,18:15,WAW,ALC,543.06,PLN,https://www.ryanair.com/pl/pl/trip/flights/select?adults=1&dateOut=2026-10-16&originIata=WAW&destinationIata=ALC&isReturn=false
2026-10-16,20:45,WAW,MAN,557.4,PLN,https://www.ryanair.com/pl/pl/trip/flights/select?adults=1&dateOut=2026-10-16&originIata=WAW&destinationIata=MAN&isReturn=false
2026-10-17,07:15,VIE,WAW,32.99,EUR,https://www.ryanair.com/pl/pl/trip/flights/select?adults=1&dateOut=2026-10-17&originIata=VIE&destinationIata=WAW&isReturn=false
2026-10-17,13:30,LBA,WAW,46.99,GBP,https://www.ryanair.com/pl/pl/trip/flights/select?adults=1&dateOut=2026-10-17&originIata=LBA&destinationIata=WAW&isReturn=false
2026-10-17,14:10,SVQ,WAW,81.94,EUR,https://www.ryanair.com/pl/pl/trip/flights/select?adults=1&dateOut=2026-10-17&originIata=SVQ&destinationIata=WAW&isReturn=false
2026-10-17,14:15,AGP,WAW,140.33,EUR,https://www.ryanair.com/pl/pl/trip/flights/select?adults=1&dateOut=2026-10-17&originIata=AGP&destinationIata=WAW&isReturn=false
2026-10-17,17:50,WAW,LBA,153.25,PLN,https://www.ryanair.com/pl/pl/trip/flights/select?adults=1&dateOut=2026-10-17&originIata=WAW&destinationIata=LBA&isReturn=false
2026-10-17,14:30,ALC,WAW,186.87,EUR,https://www.ryanair.com/pl/pl/trip/flights/select?adults=1&dateOut=2026-10-17&originIata=ALC&destinationIata=WAW&isReturn=false
2026-10-17,19:15,WAW,ALC,233.08,PLN,https://www.ryanair.com/pl/pl/trip/flights/select?adults=1&dateOut=2026-10-17&originIata=WAW&destinationIata=ALC&isReturn=false
2026-10-17,09:30,WAW,VIE,258.37,PLN,https://www.ryanair.com/pl/pl/trip/flights/select?adults=1&dateOut=2026-10-17&originIata=WAW&destinationIata=VIE&isReturn=false
2026-10-17,18:40,WAW,SVQ,517.27,PLN,https://www.ryanair.com/pl/pl/trip/flights/select?adults=1&dateOut=2026-10-17&originIata=WAW&destinationIata=SVQ&isReturn=false
2026-10-17,18:35,WAW,AGP,546.41,PLN,https://www.ryanair.com/pl/pl/trip/flights/select?adults=1&dateOut=2026-10-17&originIata=WAW&destinationIata=AGP&isReturn=false
2026-10-18,14:35,MAN,WAW,58.54,GBP,https://www.ryanair.com/pl/pl/trip/flights/select?adults=1&dateOut=2026-10-18&originIata=MAN&destinationIata=WAW&isReturn=false
2026-10-18,19:25,VIE,WAW,88.99,EUR,https://www.ryanair.com/pl/pl/trip/flights/select?adults=1&dateOut=2026-10-18&originIata=VIE&destinationIata=WAW&isReturn=false
2026-10-18,16:05,CRL,WAW,93.99,EUR,https://www.ryanair.com/pl/pl/trip/flights/select?adults=1&dateOut=2026-10-18&originIata=CRL&destinationIata=WAW&isReturn=false
2026-10-18,07:05,AGP,WAW,148.65,EUR,https://www.ryanair.com/pl/pl/trip/flights/select?adults=1&dateOut=2026-10-18&originIata=AGP&destinationIata=WAW&isReturn=false
2026-10-18,21:10,WAW,VIE,166.39,PLN,https://www.ryanair.com/pl/pl/trip/flights/select?adults=1&dateOut=2026-10-18&originIata=WAW&destinationIata=VIE&isReturn=false
2026-10-18,07:35,ALC,WAW,180.99,EUR,https://www.ryanair.com/pl/pl/trip/flights/select?adults=1&dateOut=2026-10-18&originIata=ALC&destinationIata=WAW&isReturn=false
2026-10-18,19:20,WAW,MAN,197.41,PLN,https://www.ryanair.com/pl/pl/trip/flights/select?adults=1&dateOut=2026-10-18&originIata=WAW&destinationIata=MAN&isReturn=false
2026-10-18,18:35,WAW,CRL,210.19,PLN,https://www.ryanair.com/pl/pl/trip/flights/select?adults=1&dateOut=2026-10-18&originIata=WAW&destinationIata=CRL&isReturn=false
2026-10-18,11:30,WAW,ALC,313.84,PLN,https://www.ryanair.com/pl/pl/trip/flights/select?adults=1&dateOut=2026-10-18&originIata=WAW&destinationIata=ALC&isReturn=false
2026-10-18,11:20,WAW,AGP,418.14,PLN,https://www.ryanair.com/pl/pl/trip/flights/select?adults=1&dateOut=2026-10-18&originIata=WAW&destinationIata=AGP&isReturn=false
2026-10-19,07:15,MAN,WAW,45.99,GBP,https://www.ryanair.com/pl/pl/trip/flights/select?adults=1&dateOut=2026-10-19&originIata=MAN&destinationIata=WAW&isReturn=false
2026-10-19,14:45,LBA,WAW,48.99,GBP,https://www.ryanair.com/pl/pl/trip/flights/select?adults=1&dateOut=2026-10-19&originIata=LBA&destinationIata=WAW&isReturn=false
2026-10-19,18:05,VIE,WAW,58.51,EUR,https://www.ryanair.com/pl/pl/trip/flights/select?adults=1&dateOut=2026-10-19&originIata=VIE&destinationIata=WAW&isReturn=false
2026-10-19,18:00,CRL,WAW,85.99,EUR,https://www.ryanair.com/pl/pl/trip/flights/select?adults=1&dateOut=2026-10-19&originIata=CRL&destinationIata=WAW&isReturn=false
2026-10-19,17:50,WAW,TIA,87.55,PLN,https://www.ryanair.com/pl/pl/trip/flights/select?adults=1&dateOut=2026-10-19&originIata=WAW&destinationIata=TIA&isReturn=false
2026-10-19,15:00,TIA,WAW,88.99,EUR,https://www.ryanair.com/pl/pl/trip/flights/select?adults=1&dateOut=2026-10-19&originIata=TIA&destinationIata=WAW&isReturn=false
2026-10-19,20:25,WAW,CRL,105.07,PLN,https://www.ryanair.com/pl/pl/trip/flights/select?adults=1&dateOut=2026-10-19&originIata=WAW&destinationIata=CRL&isReturn=false
2026-10-19,07:20,AGP,WAW,134.66,EUR,https://www.ryanair.com/pl/pl/trip/flights/select?adults=1&dateOut=2026-10-19&originIata=AGP&destinationIata=WAW&isReturn=false
2026-10-19,19:45,WAW,VIE,148.87,PLN,https://www.ryanair.com/pl/pl/trip/flights/select?adults=1&dateOut=2026-10-19&originIata=WAW&destinationIata=VIE&isReturn=false
2026-10-19,11:15,WAW,MAN,170.77,PLN,https://www.ryanair.com/pl/pl/trip/flights/select?adults=1&dateOut=2026-10-19&originIata=WAW&destinationIata=MAN&isReturn=false
2026-10-19,18:30,WAW,ALC,232.09,PLN,https://www.ryanair.com/pl/pl/trip/flights/select?adults=1&dateOut=2026-10-19&originIata=WAW&destinationIata=ALC&isReturn=false
2026-10-19,18:45,WAW,LBA,240.85,PLN,https://www.ryanair.com/pl/pl/trip/flights/select?adults=1&dateOut=2026-10-19&originIata=WAW&destinationIata=LBA&isReturn=false
2026-10-19,14:45,ALC,WAW,271.99,EUR,https://www.ryanair.com/pl/pl/trip/flights/select?adults=1&dateOut=2026-10-19&originIata=ALC&destinationIata=WAW&isReturn=false
2026-10-19,11:35,WAW,AGP,357.8,PLN,https://www.ryanair.com/pl/pl/trip/flights/select?adults=1&dateOut=2026-10-19&originIata=WAW&destinationIata=AGP&isReturn=false
2026-10-20,05:45,AGP,WAW,117.99,EUR,https://www.ryanair.com/pl/pl/trip/flights/select?adults=1&dateOut=2026-10-20&originIata=AGP&destinationIata=WAW&isReturn=false
2026-10-20,11:30,WAW,ALC,162.01,PLN,https://www.ryanair.com/pl/pl/trip/flights/select?adults=1&dateOut=2026-10-20&originIata=WAW&destinationIata=ALC&isReturn=false
2026-10-20,07:35,ALC,WAW,170.99,EUR,https://www.ryanair.com/pl/pl/trip/flights/select?adults=1&dateOut=2026-10-20&originIata=ALC&destinationIata=WAW&isReturn=false
2026-10-20,10:10,WAW,AGP,204.32,PLN,https://www.ryanair.com/pl/pl/trip/flights/select?adults=1&dateOut=2026-10-20&originIata=WAW&destinationIata=AGP&isReturn=false
2026-10-21,13:35,SVQ,WAW,44.91,EUR,https://www.ryanair.com/pl/pl/trip/flights/select?adults=1&dateOut=2026-10-21&originIata=SVQ&destinationIata=WAW&isReturn=false
2026-10-21,14:45,ALC,WAW,158.64,EUR,https://www.ryanair.com/pl/pl/trip/flights/select?adults=1&dateOut=2026-10-21&originIata=ALC&destinationIata=WAW&isReturn=false
2026-10-21,18:30,WAW,ALC,170.77,PLN,https://www.ryanair.com/pl/pl/trip/flights/select?adults=1&dateOut=2026-10-21&originIata=WAW&destinationIata=ALC&isReturn=false
2026-10-21,18:10,WAW,SVQ,194.95,PLN,https://www.ryanair.com/pl/pl/trip/flights/select?adults=1&dateOut=2026-10-21&originIata=WAW&destinationIata=SVQ&isReturn=false
2026-10-22,21:40,WAW,LBA,74.0,PLN,https://www.ryanair.com/pl/pl/trip/flights/select?adults=1&dateOut=2026-10-22&originIata=WAW&destinationIata=LBA&isReturn=false
2026-10-22,07:15,AGP,WAW,77.99,EUR,https://www.ryanair.com/pl/pl/trip/flights/select?adults=1&dateOut=2026-10-22&originIata=AGP&destinationIata=WAW&isReturn=false
2026-10-22,16:50,LBA,WAW,83.99,GBP,https://www.ryanair.com/pl/pl/trip/flights/select?adults=1&dateOut=2026-10-22&originIata=LBA&destinationIata=WAW&isReturn=false
2026-10-22,14:25,ALC,WAW,107.38,EUR,https://www.ryanair.com/pl/pl/trip/flights/select?adults=1&dateOut=2026-10-22&originIata=ALC&destinationIata=WAW&isReturn=false
2026-10-22,18:10,WAW,ALC,172.74,PLN,https://www.ryanair.com/pl/pl/trip/flights/select?adults=1&dateOut=2026-10-22&originIata=WAW&destinationIata=ALC&isReturn=false
2026-10-22,11:30,WAW,AGP,398.53,PLN,https://www.ryanair.com/pl/pl/trip/flights/select?adults=1&dateOut=2026-10-22&originIata=WAW&destinationIata=AGP&isReturn=false
2026-10-23,15:55,TIA,WAW,37.86,EUR,https://www.ryanair.com/pl/pl/trip/flights/select?adults=1&dateOut=2026-10-23&originIata=TIA&destinationIata=WAW&isReturn=false
2026-10-23,07:40,VIE,WAW,55.99,EUR,https://www.ryanair.com/pl/pl/trip/flights/select?adults=1&dateOut=2026-10-23&originIata=VIE&destinationIata=WAW&isReturn=false
2026-10-23,06:30,CRL,WAW,76.99,EUR,https://www.ryanair.com/pl/pl/trip/flights/select?adults=1&dateOut=2026-10-23&originIata=CRL&destinationIata=WAW&isReturn=false
2026-10-23,09:20,WAW,VIE,89.32,PLN,https://www.ryanair.com/pl/pl/trip/flights/select?adults=1&dateOut=2026-10-23&originIata=WAW&destinationIata=VIE&isReturn=false
2026-10-23,14:30,ALC,WAW,109.76,EUR,https://www.ryanair.com/pl/pl/trip/flights/select?adults=1&dateOut=2026-10-23&originIata=ALC&destinationIata=WAW&isReturn=false
2026-10-23,18:25,WAW,TIA,118.21,PLN,https://www.ryanair.com/pl/pl/trip/flights/select?adults=1&dateOut=2026-10-23&originIata=WAW&destinationIata=TIA&isReturn=false
2026-10-23,16:30,MAN,WAW,121.99,GBP,https://www.ryanair.com/pl/pl/trip/flights/select?adults=1&dateOut=2026-10-23&originIata=MAN&destinationIata=WAW&isReturn=false
2026-10-23,20:45,WAW,MAN,232.09,PLN,https://www.ryanair.com/pl/pl/trip/flights/select?adults=1&dateOut=2026-10-23&originIata=WAW&destinationIata=MAN&isReturn=false
2026-10-23,18:15,WAW,ALC,337.21,PLN,https://www.ryanair.com/pl/pl/trip/flights/select?adults=1&dateOut=2026-10-23&originIata=WAW&destinationIata=ALC&isReturn=false
2026-10-23,08:55,WAW,CRL,404.36,PLN,https://www.ryanair.com/pl/pl/trip/flights/select?adults=1&dateOut=2026-10-23&originIata=WAW&destinationIata=CRL&isReturn=false
2026-10-24,07:15,VIE,WAW,82.99,EUR,https://www.ryanair.com/pl/pl/trip/flights/select?adults=1&dateOut=2026-10-24&originIata=VIE&destinationIata=WAW&isReturn=false
2026-10-24,09:30,WAW,VIE,87.0,PLN,https://www.ryanair.com/pl/pl/trip/flights/select?adults=1&dateOut=2026-10-24&originIata=WAW&destinationIata=VIE&isReturn=false
2026-10-24,13:30,LBA,WAW,96.99,GBP,https://www.ryanair.com/pl/pl/trip/flights/select?adults=1&dateOut=2026-10-24&originIata=LBA&destinationIata=WAW&isReturn=false
2026-10-24,06:10,ALC,WAW,99.99,EUR,https://www.ryanair.com/pl/pl/trip/flights/select?adults=1&dateOut=2026-10-24&originIata=ALC&destinationIata=WAW&isReturn=false
2026-10-24,18:35,WAW,AGP,121.0,PLN,https://www.ryanair.com/pl/pl/trip/flights/select?adults=1&dateOut=2026-10-24&originIata=WAW&destinationIata=AGP&isReturn=false
2026-10-24,14:15,AGP,WAW,141.99,EUR,https://www.ryanair.com/pl/pl/trip/flights/select?adults=1&dateOut=2026-10-24&originIata=AGP&destinationIata=WAW&isReturn=false
2026-10-24,19:15,WAW,ALC,162.71,PLN,https://www.ryanair.com/pl/pl/trip/flights/select?adults=1&dateOut=2026-10-24&originIata=WAW&destinationIata=ALC&isReturn=false
2026-10-24,18:40,WAW,SVQ,210.19,PLN,https://www.ryanair.com/pl/pl/trip/flights/select?adults=1&dateOut=2026-10-24&originIata=WAW&destinationIata=SVQ&isReturn=false
2026-10-24,14:10,SVQ,WAW,254.99,EUR,https://www.ryanair.com/pl/pl/trip/flights/select?adults=1&dateOut=2026-10-24&originIata=SVQ&destinationIata=WAW&isReturn=false
2026-10-24,17:50,WAW,LBA,346.13,PLN,https://www.ryanair.com/pl/pl/trip/flights/select?adults=1&dateOut=2026-10-24&originIata=WAW&destinationIata=LBA&isReturn=false
2026-10-25,06:55,SVQ,WAW,62.77,EUR,https://www.ryanair.com/pl/pl/trip/flights/select?adults=1&dateOut=2026-10-25&originIata=SVQ&destinationIata=WAW&isReturn=false
2026-10-25,10:00,BLQ,WAW,65.19,EUR,https://www.ryanair.com/pl/pl/trip/flights/select?adults=1&dateOut=2026-10-25&originIata=BLQ&destinationIata=WAW&isReturn=false
2026-10-25,21:10,WAW,CTA,95.0,PLN,https://www.ryanair.com/pl/pl/trip/flights/select?adults=1&dateOut=2026-10-25&originIata=WAW&destinationIata=CTA&isReturn=false
2026-10-25,17:40,CTA,WAW,96.24,EUR,https://www.ryanair.com/pl/pl/trip/flights/select?adults=1&dateOut=2026-10-25&originIata=CTA&destinationIata=WAW&isReturn=false
2026-10-25,16:20,CRL,WAW,98.57,EUR,https://www.ryanair.com/pl/pl/trip/flights/select?adults=1&dateOut=2026-10-25&originIata=CRL&destinationIata=WAW&isReturn=false
2026-10-25,06:05,LBA,WAW,113.64,GBP,https://www.ryanair.com/pl/pl/trip/flights/select?adults=1&dateOut=2026-10-25&originIata=LBA&destinationIata=WAW&isReturn=false
2026-10-25,15:40,BRI,WAW,123.99,EUR,https://www.ryanair.com/pl/pl/trip/flights/select?adults=1&dateOut=2026-10-25&originIata=BRI&destinationIata=WAW&isReturn=false
2026-10-25,07:25,AGP,WAW,131.83,EUR,https://www.ryanair.com/pl/pl/trip/flights/select?adults=1&dateOut=2026-10-25&originIata=AGP&destinationIata=WAW&isReturn=false
2026-10-25,18:25,WAW,BRI,134.35,PLN,https://www.ryanair.com/pl/pl/trip/flights/select?adults=1&dateOut=2026-10-25&originIata=WAW&destinationIata=BRI&isReturn=false
2026-10-25,09:55,WAW,LBA,190.33,PLN,https://www.ryanair.com/pl/pl/trip/flights/select?adults=1&dateOut=2026-10-25&originIata=WAW&destinationIata=LBA&isReturn=false
2026-10-25,11:10,WAW,SVQ,272.36,PLN,https://www.ryanair.com/pl/pl/trip/flights/select?adults=1&dateOut=2026-10-25&originIata=WAW&destinationIata=SVQ&isReturn=false
2026-10-25,12:35,WAW,BLQ,317.56,PLN,https://www.ryanair.com/pl/pl/trip/flights/select?adults=1&dateOut=2026-10-25&originIata=WAW&destinationIata=BLQ&isReturn=false
2026-10-25,11:40,WAW,AGP,357.8,PLN,https://www.ryanair.com/pl/pl/trip/flights/select?adults=1&dateOut=2026-10-25&originIata=WAW&destinationIata=AGP&isReturn=false
2026-10-25,18:50,WAW,CRL,496.63,PLN,https://www.ryanair.com/pl/pl/trip/flights/select?adults=1&dateOut=2026-10-25&originIata=WAW&destinationIata=CRL&isReturn=false
2026-10-26,06:15,VCE,WAW,14.99,EUR,https://www.ryanair.com/pl/pl/trip/flights/select?adults=1&dateOut=2026-10-26&originIata=VCE&destinationIata=WAW&isReturn=false
2026-10-26,06:15,CTA,WAW,21.99,EUR,https://www.ryanair.com/pl/pl/trip/flights/select?adults=1&dateOut=2026-10-26&originIata=CTA&destinationIata=WAW&isReturn=false
2026-10-26,18:25,CRL,WAW,26.35,EUR,https://www.ryanair.com/pl/pl/trip/flights/select?adults=1&dateOut=2026-10-26&originIata=CRL&destinationIata=WAW&isReturn=false
2026-10-26,16:10,BLQ,WAW,58.11,EUR,https://www.ryanair.com/pl/pl/trip/flights/select?adults=1&dateOut=2026-10-26&originIata=BLQ&destinationIata=WAW&isReturn=false
2026-10-26,18:55,WAW,VCE,65.0,PLN,https://www.ryanair.com/pl/pl/trip/flights/select?adults=1&dateOut=2026-10-26&originIata=WAW&destinationIata=VCE&isReturn=false
2026-10-26,19:00,TIA,WAW,70.79,EUR,https://www.ryanair.com/pl/pl/trip/flights/select?adults=1&dateOut=2026-10-26&originIata=TIA&destinationIata=WAW&isReturn=false
2026-10-26,17:05,LPL,WAW,82.64,GBP,https://www.ryanair.com/pl/pl/trip/flights/select?adults=1&dateOut=2026-10-26&originIata=LPL&destinationIata=WAW&isReturn=false
2026-10-26,21:30,WAW,TIA,87.0,PLN,https://www.ryanair.com/pl/pl/trip/flights/select?adults=1&dateOut=2026-10-26&originIata=WAW&destinationIata=TIA&isReturn=false
2026-10-26,07:15,AGP,WAW,109.76,EUR,https://www.ryanair.com/pl/pl/trip/flights/select?adults=1&dateOut=2026-10-26&originIata=AGP&destinationIata=WAW&isReturn=false
2026-10-26,21:15,WAW,LPL,152.03,PLN,https://www.ryanair.com/pl/pl/trip/flights/select?adults=1&dateOut=2026-10-26&originIata=WAW&destinationIata=LPL&isReturn=false
2026-10-26,09:35,WAW,CTA,152.82,PLN,https://www.ryanair.com/pl/pl/trip/flights/select?adults=1&dateOut=2026-10-26&originIata=WAW&destinationIata=CTA&isReturn=false
2026-10-26,12:30,WAW,AGP,162.71,PLN,https://www.ryanair.com/pl/pl/trip/flights/select?adults=1&dateOut=2026-10-26&originIata=WAW&destinationIata=AGP&isReturn=false
2026-10-26,20:50,WAW,CRL,190.09,PLN,https://www.ryanair.com/pl/pl/trip/flights/select?adults=1&dateOut=2026-10-26&originIata=WAW&destinationIata=CRL&isReturn=false
2026-10-26,11:30,WAW,ALC,226.0,PLN,https://www.ryanair.com/pl/pl/trip/flights/select?adults=1&dateOut=2026-10-26&originIata=WAW&destinationIata=ALC&isReturn=false
2026-10-26,19:35,WAW,BLQ,227.82,PLN,https://www.ryanair.com/pl/pl/trip/flights/select?adults=1&dateOut=2026-10-26&originIata=WAW&destinationIata=BLQ&isReturn=false
2026-10-26,07:45,ALC,WAW,299.92,EUR,https://www.ryanair.com/pl/pl/trip/flights/select?adults=1&dateOut=2026-10-26&originIata=ALC&destinationIata=WAW&isReturn=false
2026-10-27,08:20,CTA,WAW,21.99,EUR,https://www.ryanair.com/pl/pl/trip/flights/select?adults=1&dateOut=2026-10-27&originIata=CTA&destinationIata=WAW&isReturn=false
2026-10-27,16:30,AGP,WAW,81.56,EUR,https://www.ryanair.com/pl/pl/trip/flights/select?adults=1&dateOut=2026-10-27&originIata=AGP&destinationIata=WAW&isReturn=false
2026-10-27,12:35,WAW,CTA,95.0,PLN,https://www.ryanair.com/pl/pl/trip/flights/select?adults=1&dateOut=2026-10-27&originIata=WAW&destinationIata=CTA&isReturn=false
2026-10-27,20:50,WAW,AGP,121.0,PLN,https://www.ryanair.com/pl/pl/trip/flights/select?adults=1&dateOut=2026-10-27&originIata=WAW&destinationIata=AGP&isReturn=false
2026-10-27,11:40,WAW,ALC,167.71,PLN,https://www.ryanair.com/pl/pl/trip/flights/select?adults=1&dateOut=2026-10-27&originIata=WAW&destinationIata=ALC&isReturn=false
2026-10-27,07:25,ALC,WAW,169.81,EUR,https://www.ryanair.com/pl/pl/trip/flights/select?adults=1&dateOut=2026-10-27&originIata=ALC&destinationIata=WAW&isReturn=false
2026-10-28,06:15,VCE,WAW,14.99,EUR,https://www.ryanair.com/pl/pl/trip/flights/select?adults=1&dateOut=2026-10-28&originIata=VCE&destinationIata=WAW&isReturn=false
2026-10-28,06:55,BRI,WAW,28.25,EUR,https://www.ryanair.com/pl/pl/trip/flights/select?adults=1&dateOut=2026-10-28&originIata=BRI&destinationIata=WAW&isReturn=false
2026-10-28,08:40,WAW,VCE,65.0,PLN,https://www.ryanair.com/pl/pl/trip/flights/select?adults=1&dateOut=2026-10-28&originIata=WAW&destinationIata=VCE&isReturn=false
2026-10-28,06:50,SVQ,WAW,81.39,EUR,https://www.ryanair.com/pl/pl/trip/flights/select?adults=1&dateOut=2026-10-28&originIata=SVQ&destinationIata=WAW&isReturn=false
2026-10-28,09:45,WAW,BRI,107.45,PLN,https://www.ryanair.com/pl/pl/trip/flights/select?adults=1&dateOut=2026-10-28&originIata=WAW&destinationIata=BRI&isReturn=false
2026-10-28,14:25,AGP,WAW,143.17,EUR,https://www.ryanair.com/pl/pl/trip/flights/select?adults=1&dateOut=2026-10-28&originIata=AGP&destinationIata=WAW&isReturn=false
2026-10-28,19:35,WAW,AGP,150.36,PLN,https://www.ryanair.com/pl/pl/trip/flights/select?adults=1&dateOut=2026-10-28&originIata=WAW&destinationIata=AGP&isReturn=false
2026-10-28,08:20,ALC,WAW,151.98,EUR,https://www.ryanair.com/pl/pl/trip/flights/select?adults=1&dateOut=2026-10-28&originIata=ALC&destinationIata=WAW&isReturn=false
2026-10-28,12:15,WAW,ALC,200.99,PLN,https://www.ryanair.com/pl/pl/trip/flights/select?adults=1&dateOut=2026-10-28&originIata=WAW&destinationIata=ALC&isReturn=false
2026-10-28,11:30,WAW,SVQ,363.13,PLN,https://www.ryanair.com/pl/pl/trip/flights/select?adults=1&dateOut=2026-10-28&originIata=WAW&destinationIata=SVQ&isReturn=false
2026-10-29,05:45,CTA,WAW,21.99,EUR,https://www.ryanair.com/pl/pl/trip/flights/select?adults=1&dateOut=2026-10-29&originIata=CTA&destinationIata=WAW&isReturn=false
2026-10-29,16:30,LBA,WAW,79.79,GBP,https://www.ryanair.com/pl/pl/trip/flights/select?adults=1&dateOut=2026-10-29&originIata=LBA&destinationIata=WAW&isReturn=false
2026-10-29,15:15,CRL,WAW,91.11,EUR,https://www.ryanair.com/pl/pl/trip/flights/select?adults=1&dateOut=2026-10-29&originIata=CRL&destinationIata=WAW&isReturn=false
2026-10-29,06:45,AGP,WAW,116.92,EUR,https://www.ryanair.com/pl/pl/trip/flights/select?adults=1&dateOut=2026-10-29&originIata=AGP&destinationIata=WAW&isReturn=false
2026-10-29,09:05,WAW,CTA,167.0,PLN,https://www.ryanair.com/pl/pl/trip/flights/select?adults=1&dateOut=2026-10-29&originIata=WAW&destinationIata=CTA&isReturn=false
2026-10-29,07:15,ALC,WAW,169.81,EUR,https://www.ryanair.com/pl/pl/trip/flights/select?adults=1&dateOut=2026-10-29&originIata=ALC&destinationIata=WAW&isReturn=false
2026-10-29,11:10,WAW,ALC,210.23,PLN,https://www.ryanair.com/pl/pl/trip/flights/select?adults=1&dateOut=2026-10-29&originIata=WAW&destinationIata=ALC&isReturn=false
2026-10-29,18:40,WAW,CRL,374.43,PLN,https://www.ryanair.com/pl/pl/trip/flights/select?adults=1&dateOut=2026-10-29&originIata=WAW&destinationIata=CRL&isReturn=false
2026-10-29,11:10,WAW,AGP,420.39,PLN,https://www.ryanair.com/pl/pl/trip/flights/select?adults=1&dateOut=2026-10-29&originIata=WAW&destinationIata=AGP&isReturn=false
2026-10-29,20:40,WAW,LBA,552.21,PLN,https://www.ryanair.com/pl/pl/trip/flights/select?adults=1&dateOut=2026-10-29&originIata=WAW&destinationIata=LBA&isReturn=false
2026-10-30,15:50,TIA,WAW,19.99,EUR,https://www.ryanair.com/pl/pl/trip/flights/select?adults=1&dateOut=2026-10-30&originIata=TIA&destinationIata=WAW&isReturn=false
2026-10-30,06:05,VCE,WAW,26.91,EUR,https://www.ryanair.com/pl/pl/trip/flights/select?adults=1&dateOut=2026-10-30&originIata=VCE&destinationIata=WAW&isReturn=false
2026-10-30,06:00,BRI,WAW,48.79,EUR,https://www.ryanair.com/pl/pl/trip/flights/select?adults=1&dateOut=2026-10-30&originIata=BRI&destinationIata=WAW&isReturn=false
2026-10-30,14:25,CTA,WAW,71.59,EUR,https://www.ryanair.com/pl/pl/trip/flights/select?adults=1&dateOut=2026-10-30&originIata=CTA&destinationIata=WAW&isReturn=false
2026-10-30,18:30,WAW,TIA,87.0,PLN,https://www.ryanair.com/pl/pl/trip/flights/select?adults=1&dateOut=2026-10-30&originIata=WAW&destinationIata=TIA&isReturn=false
2026-10-30,17:45,CRL,WAW,92.69,EUR,https://www.ryanair.com/pl/pl/trip/flights/select?adults=1&dateOut=2026-10-30&originIata=CRL&destinationIata=WAW&isReturn=false
2026-10-30,15:50,BLQ,WAW,96.65,EUR,https://www.ryanair.com/pl/pl/trip/flights/select?adults=1&dateOut=2026-10-30&originIata=BLQ&destinationIata=WAW&isReturn=false
2026-10-30,16:10,AGP,WAW,111.23,EUR,https://www.ryanair.com/pl/pl/trip/flights/select?adults=1&dateOut=2026-10-30&originIata=AGP&destinationIata=WAW&isReturn=false
2026-10-30,08:35,ALC,WAW,141.41,EUR,https://www.ryanair.com/pl/pl/trip/flights/select?adults=1&dateOut=2026-10-30&originIata=ALC&destinationIata=WAW&isReturn=false
2026-10-30,18:20,WAW,BLQ,197.77,PLN,https://www.ryanair.com/pl/pl/trip/flights/select?adults=1&dateOut=2026-10-30&originIata=WAW&destinationIata=BLQ&isReturn=false
2026-10-30,18:00,WAW,CTA,221.58,PLN,https://www.ryanair.com/pl/pl/trip/flights/select?adults=1&dateOut=2026-10-30&originIata=WAW&destinationIata=CTA&isReturn=false
2026-10-30,08:30,WAW,VCE,257.11,PLN,https://www.ryanair.com/pl/pl/trip/flights/select?adults=1&dateOut=2026-10-30&originIata=WAW&destinationIata=VCE&isReturn=false
2026-10-30,08:45,WAW,BRI,283.82,PLN,https://www.ryanair.com/pl/pl/trip/flights/select?adults=1&dateOut=2026-10-30&originIata=WAW&destinationIata=BRI&isReturn=false
2026-10-30,20:25,WAW,AGP,321.64,PLN,https://www.ryanair.com/pl/pl/trip/flights/select?adults=1&dateOut=2026-10-30&originIata=WAW&destinationIata=AGP&isReturn=false
2026-10-30,20:10,WAW,CRL,374.43,PLN,https://www.ryanair.com/pl/pl/trip/flights/select?adults=1&dateOut=2026-10-30&originIata=WAW&destinationIata=CRL&isReturn=false
2026-10-30,12:45,WAW,ALC,583.27,PLN,https://www.ryanair.com/pl/pl/trip/flights/select?adults=1&dateOut=2026-10-30&originIata=WAW&destinationIata=ALC&isReturn=false
2026-10-31,06:15,TRN,WAW,14.99,EUR,https://www.ryanair.com/pl/pl/trip/flights/select?adults=1&dateOut=2026-10-31&originIata=TRN&destinationIata=WAW&isReturn=false
2026-10-31,06:10,TIA,WAW,19.99,EUR,https://www.ryanair.com/pl/pl/trip/flights/select?adults=1&dateOut=2026-10-31&originIata=TIA&destinationIata=WAW&isReturn=false
2026-10-31,16:20,LPL,WAW,30.49,GBP,https://www.ryanair.com/pl/pl/trip/flights/select?adults=1&dateOut=2026-10-31&originIata=LPL&destinationIata=WAW&isReturn=false
2026-10-31,13:50,LBA,WAW,52.19,GBP,https://www.ryanair.com/pl/pl/trip/flights/select?adults=1&dateOut=2026-10-31&originIata=LBA&destinationIata=WAW&isReturn=false
2026-10-31,08:55,WAW,TRN,65.0,PLN,https://www.ryanair.com/pl/pl/trip/flights/select?adults=1&dateOut=2026-10-31&originIata=WAW&destinationIata=TRN&isReturn=false
2026-10-31,06:15,CTA,WAW,72.79,EUR,https://www.ryanair.com/pl/pl/trip/flights/select?adults=1&dateOut=2026-10-31&originIata=CTA&destinationIata=WAW&isReturn=false
2026-10-31,08:40,WAW,TIA,87.0,PLN,https://www.ryanair.com/pl/pl/trip/flights/select?adults=1&dateOut=2026-10-31&originIata=WAW&destinationIata=TIA&isReturn=false
2026-10-31,07:30,CRL,WAW,93.22,EUR,https://www.ryanair.com/pl/pl/trip/flights/select?adults=1&dateOut=2026-10-31&originIata=CRL&destinationIata=WAW&isReturn=false
2026-10-31,13:45,AGP,WAW,145.32,EUR,https://www.ryanair.com/pl/pl/trip/flights/select?adults=1&dateOut=2026-10-31&originIata=AGP&destinationIata=WAW&isReturn=false
2026-10-31,18:00,WAW,AGP,299.11,PLN,https://www.ryanair.com/pl/pl/trip/flights/select?adults=1&dateOut=2026-10-31&originIata=WAW&destinationIata=AGP&isReturn=false
2026-10-31,09:35,WAW,CTA,305.15,PLN,https://www.ryanair.com/pl/pl/trip/flights/select?adults=1&dateOut=2026-10-31&originIata=WAW&destinationIata=CTA&isReturn=false
2026-10-31,14:30,ALC,WAW,319.05,EUR,https://www.ryanair.com/pl/pl/trip/flights/select?adults=1&dateOut=2026-10-31&originIata=ALC&destinationIata=WAW&isReturn=false
2026-10-31,10:05,WAW,CRL,396.91,PLN,https://www.ryanair.com/pl/pl/trip/flights/select?adults=1&dateOut=2026-10-31&originIata=WAW&destinationIata=CRL&isReturn=false
2026-10-31,20:25,WAW,LPL,591.74,PLN,https://www.ryanair.com/pl/pl/trip/flights/select?adults=1&dateOut=2026-10-31&originIata=WAW&destinationIata=LPL&isReturn=false
2026-10-31,18:40,WAW,ALC,665.79,PLN,https://www.ryanair.com/pl/pl/trip/flights/select?adults=1&dateOut=2026-10-31&originIata=WAW&destinationIata=ALC&isReturn=false
2026-10-31,18:40,WAW,LBA,728.84,PLN,https://www.ryanair.com/pl/pl/trip/flights/select?adults=1&dateOut=2026-10-31&originIata=WAW&destinationIata=LBA&isReturn=false
2026-11-01,06:05,LBA,WAW,19.99,GBP,https://www.ryanair.com/pl/pl/trip/flights/select?adults=1&dateOut=2026-11-01&originIata=LBA&destinationIata=WAW&isReturn=false
2026-11-01,10:00,BLQ,WAW,35.99,EUR,https://www.ryanair.com/pl/pl/trip/flights/select?adults=1&dateOut=2026-11-01&originIata=BLQ&destinationIata=WAW&isReturn=false
2026-11-01,16:20,CRL,WAW,53.99,EUR,https://www.ryanair.com/pl/pl/trip/flights/select?adults=1&dateOut=2026-11-01&originIata=CRL&destinationIata=WAW&isReturn=false
2026-11-01,17:40,CTA,WAW,68.99,EUR,https://www.ryanair.com/pl/pl/trip/flights/select?adults=1&dateOut=2026-11-01&originIata=CTA&destinationIata=WAW&isReturn=false
2026-11-01,07:25,AGP,WAW,71.99,EUR,https://www.ryanair.com/pl/pl/trip/flights/select?adults=1&dateOut=2026-11-01&originIata=AGP&destinationIata=WAW&isReturn=false
2026-11-01,06:55,SVQ,WAW,79.74,EUR,https://www.ryanair.com/pl/pl/trip/flights/select?adults=1&dateOut=2026-11-01&originIata=SVQ&destinationIata=WAW&isReturn=false
2026-11-01,15:40,BRI,WAW,90.99,EUR,https://www.ryanair.com/pl/pl/trip/flights/select?adults=1&dateOut=2026-11-01&originIata=BRI&destinationIata=WAW&isReturn=false
2026-11-01,18:25,WAW,BRI,171.67,PLN,https://www.ryanair.com/pl/pl/trip/flights/select?adults=1&dateOut=2026-11-01&originIata=WAW&destinationIata=BRI&isReturn=false
2026-11-01,11:10,WAW,SVQ,180.15,PLN,https://www.ryanair.com/pl/pl/trip/flights/select?adults=1&dateOut=2026-11-01&originIata=WAW&destinationIata=SVQ&isReturn=false
2026-11-01,21:10,WAW,CTA,196.36,PLN,https://www.ryanair.com/pl/pl/trip/flights/select?adults=1&dateOut=2026-11-01&originIata=WAW&destinationIata=CTA&isReturn=false
2026-11-01,12:35,WAW,BLQ,238.59,PLN,https://www.ryanair.com/pl/pl/trip/flights/select?adults=1&dateOut=2026-11-01&originIata=WAW&destinationIata=BLQ&isReturn=false
2026-11-01,11:40,WAW,AGP,302.17,PLN,https://www.ryanair.com/pl/pl/trip/flights/select?adults=1&dateOut=2026-11-01&originIata=WAW&destinationIata=AGP&isReturn=false
2026-11-01,18:50,WAW,CRL,490.51,PLN,https://www.ryanair.com/pl/pl/trip/flights/select?adults=1&dateOut=2026-11-01&originIata=WAW&destinationIata=CRL&isReturn=false
2026-11-01,09:55,WAW,LBA,511.99,PLN,https://www.ryanair.com/pl/pl/trip/flights/select?adults=1&dateOut=2026-11-01&originIata=WAW&destinationIata=LBA&isReturn=false
2026-11-02,06:15,VCE,WAW,14.99,EUR,https://www.ryanair.com/pl/pl/trip/flights/select?adults=1&dateOut=2026-11-02&originIata=VCE&destinationIata=WAW&isReturn=false
2026-11-02,18:25,CRL,WAW,21.99,EUR,https://www.ryanair.com/pl/pl/trip/flights/select?adults=1&dateOut=2026-11-02&originIata=CRL&destinationIata=WAW&isReturn=false
2026-11-02,17:05,LPL,WAW,27.62,GBP,https://www.ryanair.com/pl/pl/trip/flights/select?adults=1&dateOut=2026-11-02&originIata=LPL&destinationIata=WAW&isReturn=false
2026-11-02,06:15,CTA,WAW,36.99,EUR,https://www.ryanair.com/pl/pl/trip/flights/select?adults=1&dateOut=2026-11-02&originIata=CTA&destinationIata=WAW&isReturn=false
2026-11-02,19:00,TIA,WAW,43.99,EUR,https://www.ryanair.com/pl/pl/trip/flights/select?adults=1&dateOut=2026-11-02&originIata=TIA&destinationIata=WAW&isReturn=false
2026-11-02,16:10,BLQ,WAW,44.64,EUR,https://www.ryanair.com/pl/pl/trip/flights/select?adults=1&dateOut=2026-11-02&originIata=BLQ&destinationIata=WAW&isReturn=false
2026-11-02,07:15,AGP,WAW,67.99,EUR,https://www.ryanair.com/pl/pl/trip/flights/select?adults=1&dateOut=2026-11-02&originIata=AGP&destinationIata=WAW&isReturn=false
2026-11-02,08:50,WAW,VCE,74.0,PLN,https://www.ryanair.com/pl/pl/trip/flights/select?adults=1&dateOut=2026-11-02&originIata=WAW&destinationIata=VCE&isReturn=false
2026-11-02,07:45,ALC,WAW,86.99,EUR,https://www.ryanair.com/pl/pl/trip/flights/select?adults=1&dateOut=2026-11-02&originIata=ALC&destinationIata=WAW&isReturn=false
2026-11-02,21:30,WAW,TIA,95.0,PLN,https://www.ryanair.com/pl/pl/trip/flights/select?adults=1&dateOut=2026-11-02&originIata=WAW&destinationIata=TIA&isReturn=false
2026-11-02,19:35,WAW,BLQ,197.05,PLN,https://www.ryanair.com/pl/pl/trip/flights/select?adults=1&dateOut=2026-11-02&originIata=WAW&destinationIata=BLQ&isReturn=false
2026-11-02,09:35,WAW,CTA,217.38,PLN,https://www.ryanair.com/pl/pl/trip/flights/select?adults=1&dateOut=2026-11-02&originIata=WAW&destinationIata=CTA&isReturn=false
2026-11-02,11:30,WAW,ALC,253.99,PLN,https://www.ryanair.com/pl/pl/trip/flights/select?adults=1&dateOut=2026-11-02&originIata=WAW&destinationIata=ALC&isReturn=false
2026-11-02,20:50,WAW,CRL,345.75,PLN,https://www.ryanair.com/pl/pl/trip/flights/select?adults=1&dateOut=2026-11-02&originIata=WAW&destinationIata=CRL&isReturn=false
2026-11-02,12:30,WAW,AGP,407.34,PLN,https://www.ryanair.com/pl/pl/trip/flights/select?adults=1&dateOut=2026-11-02&originIata=WAW&destinationIata=AGP&isReturn=false
2026-11-02,21:15,WAW,LPL,507.43,PLN,https://www.ryanair.com/pl/pl/trip/flights/select?adults=1&dateOut=2026-11-02&originIata=WAW&destinationIata=LPL&isReturn=false
2026-11-03,08:20,CTA,WAW,38.03,EUR,https://www.ryanair.com/pl/pl/trip/flights/select?adults=1&dateOut=2026-11-03&originIata=CTA&destinationIata=WAW&isReturn=false
2026-11-03,16:30,AGP,WAW,76.76,EUR,https://www.ryanair.com/pl/pl/trip/flights/select?adults=1&dateOut=2026-11-03&originIata=AGP&destinationIata=WAW&isReturn=false
2026-11-03,07:25,ALC,WAW,81.99,EUR,https://www.ryanair.com/pl/pl/trip/flights/select?adults=1&dateOut=2026-11-03&originIata=ALC&destinationIata=WAW&isReturn=false
2026-11-03,12:35,WAW,CTA,121.0,PLN,https://www.ryanair.com/pl/pl/trip/flights/select?adults=1&dateOut=2026-11-03&originIata=WAW&destinationIata=CTA&isReturn=false
2026-11-03,20:50,WAW,AGP,153.25,PLN,https://www.ryanair.com/pl/pl/trip/flights/select?adults=1&dateOut=2026-11-03&originIata=WAW&destinationIata=AGP&isReturn=false
2026-11-03,11:40,WAW,ALC,306.0,PLN,https://www.ryanair.com/pl/pl/trip/flights/select?adults=1&dateOut=2026-11-03&originIata=WAW&destinationIata=ALC&isReturn=false
2026-11-04,06:15,VCE,WAW,15.99,EUR,https://www.ryanair.com/pl/pl/trip/flights/select?adults=1&dateOut=2026-11-04&originIata=VCE&destinationIata=WAW&isReturn=false
2026-11-04,06:55,BRI,WAW,19.99,EUR,https://www.ryanair.com/pl/pl/trip/flights/select?adults=1&dateOut=2026-11-04&originIata=BRI&destinationIata=WAW&isReturn=false
2026-11-04,14:25,AGP,WAW,62.99,EUR,https://www.ryanair.com/pl/pl/trip/flights/select?adults=1&dateOut=2026-11-04&originIata=AGP&destinationIata=WAW&isReturn=false
2026-11-04,08:20,ALC,WAW,62.99,EUR,https://www.ryanair.com/pl/pl/trip/flights/select?adults=1&dateOut=2026-11-04&originIata=ALC&destinationIata=WAW&isReturn=false
2026-11-04,08:40,WAW,VCE,74.0,PLN,https://www.ryanair.com/pl/pl/trip/flights/select?adults=1&dateOut=2026-11-04&originIata=WAW&destinationIata=VCE&isReturn=false
2026-11-04,06:50,SVQ,WAW,78.99,EUR,https://www.ryanair.com/pl/pl/trip/flights/select?adults=1&dateOut=2026-11-04&originIata=SVQ&destinationIata=WAW&isReturn=false
2026-11-04,09:45,WAW,BRI,162.38,PLN,https://www.ryanair.com/pl/pl/trip/flights/select?adults=1&dateOut=2026-11-04&originIata=WAW&destinationIata=BRI&isReturn=false
2026-11-04,19:35,WAW,AGP,212.86,PLN,https://www.ryanair.com/pl/pl/trip/flights/select?adults=1&dateOut=2026-11-04&originIata=WAW&destinationIata=AGP&isReturn=false
2026-11-04,12:15,WAW,ALC,279.46,PLN,https://www.ryanair.com/pl/pl/trip/flights/select?adults=1&dateOut=2026-11-04&originIata=WAW&destinationIata=ALC&isReturn=false
2026-11-04,11:20,WAW,SVQ,446.71,PLN,https://www.ryanair.com/pl/pl/trip/flights/select?adults=1&dateOut=2026-11-04&originIata=WAW&destinationIata=SVQ&isReturn=false
2026-11-05,05:45,CTA,WAW,14.99,EUR,https://www.ryanair.com/pl/pl/trip/flights/select?adults=1&dateOut=2026-11-05&originIata=CTA&destinationIata=WAW&isReturn=false
2026-11-05,15:15,CRL,WAW,34.49,EUR,https://www.ryanair.com/pl/pl/trip/flights/select?adults=1&dateOut=2026-11-05&originIata=CRL&destinationIata=WAW&isReturn=false
2026-11-05,06:45,AGP,WAW,43.99,EUR,https://www.ryanair.com/pl/pl/trip/flights/select?adults=1&dateOut=2026-11-05&originIata=AGP&destinationIata=WAW&isReturn=false
2026-11-05,16:30,LBA,WAW,46.99,GBP,https://www.ryanair.com/pl/pl/trip/flights/select?adults=1&dateOut=2026-11-05&originIata=LBA&destinationIata=WAW&isReturn=false
2026-11-05,07:15,ALC,WAW,63.99,EUR,https://www.ryanair.com/pl/pl/trip/flights/select?adults=1&dateOut=2026-11-05&originIata=ALC&destinationIata=WAW&isReturn=false
2026-11-05,20:40,WAW,LBA,229.75,PLN,https://www.ryanair.com/pl/pl/trip/flights/select?adults=1&dateOut=2026-11-05&originIata=WAW&destinationIata=LBA&isReturn=false
2026-11-05,18:40,WAW,CRL,289.03,PLN,https://www.ryanair.com/pl/pl/trip/flights/select?adults=1&dateOut=2026-11-05&originIata=WAW&destinationIata=CRL&isReturn=false
2026-11-05,09:05,WAW,CTA,293.41,PLN,https://www.ryanair.com/pl/pl/trip/flights/select?adults=1&dateOut=2026-11-05&originIata=WAW&destinationIata=CTA&isReturn=false
2026-11-05,11:10,WAW,ALC,372.48,PLN,https://www.ryanair.com/pl/pl/trip/flights/select?adults=1&dateOut=2026-11-05&originIata=WAW&destinationIata=ALC&isReturn=false
2026-11-05,11:10,WAW,AGP,503.64,PLN,https://www.ryanair.com/pl/pl/trip/flights/select?adults=1&dateOut=2026-11-05&originIata=WAW&destinationIata=AGP&isReturn=false
2026-11-06,06:05,VCE,WAW,16.99,EUR,https://www.ryanair.com/pl/pl/trip/flights/select?adults=1&dateOut=2026-11-06&originIata=VCE&destinationIata=WAW&isReturn=false
2026-11-06,15:50,TIA,WAW,21.99,EUR,https://www.ryanair.com/pl/pl/trip/flights/select?adults=1&dateOut=2026-11-06&originIata=TIA&destinationIata=WAW&isReturn=false
2026-11-06,17:45,CRL,WAW,33.51,EUR,https://www.ryanair.com/pl/pl/trip/flights/select?adults=1&dateOut=2026-11-06&originIata=CRL&destinationIata=WAW&isReturn=false
2026-11-06,06:00,BRI,WAW,34.99,EUR,https://www.ryanair.com/pl/pl/trip/flights/select?adults=1&dateOut=2026-11-06&originIata=BRI&destinationIata=WAW&isReturn=false
2026-11-06,15:50,BLQ,WAW,40.99,EUR,https://www.ryanair.com/pl/pl/trip/flights/select?adults=1&dateOut=2026-11-06&originIata=BLQ&destinationIata=WAW&isReturn=false
2026-11-06,06:45,AGP,WAW,50.99,EUR,https://www.ryanair.com/pl/pl/trip/flights/select?adults=1&dateOut=2026-11-06&originIata=AGP&destinationIata=WAW&isReturn=false
2026-11-06,14:25,CTA,WAW,53.56,EUR,https://www.ryanair.com/pl/pl/trip/flights/select?adults=1&dateOut=2026-11-06&originIata=CTA&destinationIata=WAW&isReturn=false
2026-11-06,08:35,ALC,WAW,54.42,EUR,https://www.ryanair.com/pl/pl/trip/flights/select?adults=1&dateOut=2026-11-06&originIata=ALC&destinationIata=WAW&isReturn=false
2026-11-06,18:30,WAW,TIA,105.07,PLN,https://www.ryanair.com/pl/pl/trip/flights/select?adults=1&dateOut=2026-11-06&originIata=WAW&destinationIata=TIA&isReturn=false
2026-11-06,08:30,WAW,VCE,232.09,PLN,https://www.ryanair.com/pl/pl/trip/flights/select?adults=1&dateOut=2026-11-06&originIata=WAW&destinationIata=VCE&isReturn=false
2026-11-06,20:10,WAW,CRL,273.07,PLN,https://www.ryanair.com/pl/pl/trip/flights/select?adults=1&dateOut=2026-11-06&originIata=WAW&destinationIata=CRL&isReturn=false
2026-11-06,18:20,WAW,BLQ,275.89,PLN,https://www.ryanair.com/pl/pl/trip/flights/select?adults=1&dateOut=2026-11-06&originIata=WAW&destinationIata=BLQ&isReturn=false
2026-11-06,18:00,WAW,CTA,381.96,PLN,https://www.ryanair.com/pl/pl/trip/flights/select?adults=1&dateOut=2026-11-06&originIata=WAW&destinationIata=CTA&isReturn=false
2026-11-06,08:45,WAW,BRI,477.37,PLN,https://www.ryanair.com/pl/pl/trip/flights/select?adults=1&dateOut=2026-11-06&originIata=WAW&destinationIata=BRI&isReturn=false
2026-11-06,20:25,WAW,AGP,503.64,PLN,https://www.ryanair.com/pl/pl/trip/flights/select?adults=1&dateOut=2026-11-06&originIata=WAW&destinationIata=AGP&isReturn=false
2026-11-06,12:45,WAW,ALC,594.13,PLN,https://www.ryanair.com/pl/pl/trip/flights/select?adults=1&dateOut=2026-11-06&originIata=WAW&destinationIata=ALC&isReturn=false
2026-11-07,16:20,LPL,WAW,14.99,GBP,https://www.ryanair.com/pl/pl/trip/flights/select?adults=1&dateOut=2026-11-07&originIata=LPL&destinationIata=WAW&isReturn=false
2026-11-07,06:10,TIA,WAW,15.99,EUR,https://www.ryanair.com/pl/pl/trip/flights/select?adults=1&dateOut=2026-11-07&originIata=TIA&destinationIata=WAW&isReturn=false
2026-11-07,06:15,TRN,WAW,16.99,EUR,https://www.ryanair.com/pl/pl/trip/flights/select?adults=1&dateOut=2026-11-07&originIata=TRN&destinationIata=WAW&isReturn=false
2026-11-07,07:30,CRL,WAW,23.59,EUR,https://www.ryanair.com/pl/pl/trip/flights/select?adults=1&dateOut=2026-11-07&originIata=CRL&destinationIata=WAW&isReturn=false
2026-11-07,13:50,LBA,WAW,27.99,GBP,https://www.ryanair.com/pl/pl/trip/flights/select?adults=1&dateOut=2026-11-07&originIata=LBA&destinationIata=WAW&isReturn=false
2026-11-07,06:15,CTA,WAW,27.99,EUR,https://www.ryanair.com/pl/pl/trip/flights/select?adults=1&dateOut=2026-11-07&originIata=CTA&destinationIata=WAW&isReturn=false
2026-11-07,13:45,AGP,WAW,62.99,EUR,https://www.ryanair.com/pl/pl/trip/flights/select?adults=1&dateOut=2026-11-07&originIata=AGP&destinationIata=WAW&isReturn=false
2026-11-07,08:40,WAW,TIA,96.31,PLN,https://www.ryanair.com/pl/pl/trip/flights/select?adults=1&dateOut=2026-11-07&originIata=WAW&destinationIata=TIA&isReturn=false
2026-11-07,08:55,WAW,TRN,140.11,PLN,https://www.ryanair.com/pl/pl/trip/flights/select?adults=1&dateOut=2026-11-07&originIata=WAW&destinationIata=TRN&isReturn=false
2026-11-07,14:30,ALC,WAW,160.14,EUR,https://www.ryanair.com/pl/pl/trip/flights/select?adults=1&dateOut=2026-11-07&originIata=ALC&destinationIata=WAW&isReturn=false
2026-11-07,18:40,WAW,LBA,192.6,PLN,https://www.ryanair.com/pl/pl/trip/flights/select?adults=1&dateOut=2026-11-07&originIata=WAW&destinationIata=LBA&isReturn=false
2026-11-07,20:25,WAW,LPL,210.34,PLN,https://www.ryanair.com/pl/pl/trip/flights/select?adults=1&dateOut=2026-11-07&originIata=WAW&destinationIata=LPL&isReturn=false
2026-11-07,10:05,WAW,CRL,284.16,PLN,https://www.ryanair.com/pl/pl/trip/flights/select?adults=1&dateOut=2026-11-07&originIata=WAW&destinationIata=CRL&isReturn=false
2026-11-07,18:00,WAW,AGP,385.39,PLN,https://www.ryanair.com/pl/pl/trip/flights/select?adults=1&dateOut=2026-11-07&originIata=WAW&destinationIata=AGP&isReturn=false
2026-11-07,09:35,WAW,CTA,411.67,PLN,https://www.ryanair.com/pl/pl/trip/flights/select?adults=1&dateOut=2026-11-07&originIata=WAW&destinationIata=CTA&isReturn=false
2026-11-07,18:40,WAW,ALC,1062.01,PLN,https://www.ryanair.com/pl/pl/trip/flights/select?adults=1&dateOut=2026-11-07&originIata=WAW&destinationIata=ALC&isReturn=false
2026-11-08,06:05,LBA,WAW,19.99,GBP,https://www.ryanair.com/pl/pl/trip/flights/select?adults=1&dateOut=2026-11-08&originIata=LBA&destinationIata=WAW&isReturn=false
2026-11-08,10:00,BLQ,WAW,19.99,EUR,https://www.ryanair.com/pl/pl/trip/flights/select?adults=1&dateOut=2026-11-08&originIata=BLQ&destinationIata=WAW&isReturn=false
2026-11-08,16:20,CRL,WAW,28.66,EUR,https://www.ryanair.com/pl/pl/trip/flights/select?adults=1&dateOut=2026-11-08&originIata=CRL&destinationIata=WAW&isReturn=false
2026-11-08,06:55,SVQ,WAW,38.99,EUR,https://www.ryanair.com/pl/pl/trip/flights/select?adults=1&dateOut=2026-11-08&originIata=SVQ&destinationIata=WAW&isReturn=false
2026-11-08,17:40,CTA,WAW,54.49,EUR,https://www.ryanair.com/pl/pl/trip/flights/select?adults=1&dateOut=2026-11-08&originIata=CTA&destinationIata=WAW&isReturn=false
2026-11-08,15:40,BRI,WAW,69.99,EUR,https://www.ryanair.com/pl/pl/trip/flights/select?adults=1&dateOut=2026-11-08&originIata=BRI&destinationIata=WAW&isReturn=false
2026-11-08,07:25,AGP,WAW,76.76,EUR,https://www.ryanair.com/pl/pl/trip/flights/select?adults=1&dateOut=2026-11-08&originIata=AGP&destinationIata=WAW&isReturn=false
2026-11-08,09:55,WAW,LBA,161.95,PLN,https://www.ryanair.com/pl/pl/trip/flights/select?adults=1&dateOut=2026-11-08&originIata=WAW&destinationIata=LBA&isReturn=false
2026-11-08,12:35,WAW,BLQ,197.05,PLN,https://www.ryanair.com/pl/pl/trip/flights/select?adults=1&dateOut=2026-11-08&originIata=WAW&destinationIata=BLQ&isReturn=false
2026-11-08,21:10,WAW,CTA,249.61,PLN,https://www.ryanair.com/pl/pl/trip/flights/select?adults=1&dateOut=2026-11-08&originIata=WAW&destinationIata=CTA&isReturn=false
2026-11-08,18:25,WAW,BRI,396.61,PLN,https://www.ryanair.com/pl/pl/trip/flights/select?adults=1&dateOut=2026-11-08&originIata=WAW&destinationIata=BRI&isReturn=false
2026-11-08,18:50,WAW,CRL,490.51,PLN,https://www.ryanair.com/pl/pl/trip/flights/select?adults=1&dateOut=2026-11-08&originIata=WAW&destinationIata=CRL&isReturn=false
2026-11-08,11:40,WAW,AGP,502.0,PLN,https://www.ryanair.com/pl/pl/trip/flights/select?adults=1&dateOut=2026-11-08&originIata=WAW&destinationIata=AGP&isReturn=false
2026-11-08,11:10,WAW,SVQ,792.72,PLN,https://www.ryanair.com/pl/pl/trip/flights/select?adults=1&dateOut=2026-11-08&originIata=WAW&destinationIata=SVQ&isReturn=false
2026-11-09,06:15,VCE,WAW,16.99,EUR,https://www.ryanair.com/pl/pl/trip/flights/select?adults=1&dateOut=2026-11-09&originIata=VCE&destinationIata=WAW&isReturn=false
2026-11-09,18:25,CRL,WAW,16.99,EUR,https://www.ryanair.com/pl/pl/trip/flights/select?adults=1&dateOut=2026-11-09&originIata=CRL&destinationIata=WAW&isReturn=false
2026-11-09,17:05,LPL,WAW,16.99,GBP,https://www.ryanair.com/pl/pl/trip/flights/select?adults=1&dateOut=2026-11-09&originIata=LPL&destinationIata=WAW&isReturn=false
2026-11-09,16:10,BLQ,WAW,22.99,EUR,https://www.ryanair.com/pl/pl/trip/flights/select?adults=1&dateOut=2026-11-09&originIata=BLQ&destinationIata=WAW&isReturn=false
2026-11-09,06:15,CTA,WAW,27.99,EUR,https://www.ryanair.com/pl/pl/trip/flights/select?adults=1&dateOut=2026-11-09&originIata=CTA&destinationIata=WAW&isReturn=false
2026-11-09,07:15,AGP,WAW,53.99,EUR,https://www.ryanair.com/pl/pl/trip/flights/select?adults=1&dateOut=2026-11-09&originIata=AGP&destinationIata=WAW&isReturn=false
2026-11-09,08:50,WAW,VCE,74.0,PLN,https://www.ryanair.com/pl/pl/trip/flights/select?adults=1&dateOut=2026-11-09&originIata=WAW&destinationIata=VCE&isReturn=false
2026-11-09,21:15,WAW,LPL,75.73,PLN,https://www.ryanair.com/pl/pl/trip/flights/select?adults=1&dateOut=2026-11-09&originIata=WAW&destinationIata=LPL&isReturn=false
2026-11-09,19:35,WAW,BLQ,170.77,PLN,https://www.ryanair.com/pl/pl/trip/flights/select?adults=1&dateOut=2026-11-09&originIata=WAW&destinationIata=BLQ&isReturn=false
2026-11-09,17:50,WAW,CRL,262.9,PLN,https://www.ryanair.com/pl/pl/trip/flights/select?adults=1&dateOut=2026-11-09&originIata=WAW&destinationIata=CRL&isReturn=false
2026-11-09,09:35,WAW,CTA,332.83,PLN,https://www.ryanair.com/pl/pl/trip/flights/select?adults=1&dateOut=2026-11-09&originIata=WAW&destinationIata=CTA&isReturn=false
2026-11-09,12:30,WAW,AGP,391.57,PLN,https://www.ryanair.com/pl/pl/trip/flights/select?adults=1&dateOut=2026-11-09&originIata=WAW&destinationIata=AGP&isReturn=false
2026-11-10,08:20,CTA,WAW,45.99,EUR,https://www.ryanair.com/pl/pl/trip/flights/select?adults=1&dateOut=2026-11-10&originIata=CTA&destinationIata=WAW&isReturn=false
2026-11-10,16:30,AGP,WAW,72.99,EUR,https://www.ryanair.com/pl/pl/trip/flights/select?adults=1&dateOut=2026-11-10&originIata=AGP&destinationIata=WAW&isReturn=false
2026-11-10,12:35,WAW,CTA,251.38,PLN,https://www.ryanair.com/pl/pl/trip/flights/select?adults=1&dateOut=2026-11-10&originIata=WAW&destinationIata=CTA&isReturn=false
2026-11-10,20:50,WAW,AGP,524.91,PLN,https://www.ryanair.com/pl/pl/trip/flights/select?adults=1&dateOut=2026-11-10&originIata=WAW&destinationIata=AGP&isReturn=false
2026-11-11,06:55,BRI,WAW,36.49,EUR,https://www.ryanair.com/pl/pl/trip/flights/select?adults=1&dateOut=2026-11-11&originIata=BRI&destinationIata=WAW&isReturn=false
2026-11-11,06:15,VCE,WAW,48.99,EUR,https://www.ryanair.com/pl/pl/trip/flights/select?adults=1&dateOut=2026-11-11&originIata=VCE&destinationIata=WAW&isReturn=false
2026-11-11,06:50,SVQ,WAW,63.99,EUR,https://www.ryanair.com/pl/pl/trip/flights/select?adults=1&dateOut=2026-11-11&originIata=SVQ&destinationIata=WAW&isReturn=false
2026-11-11,14:25,AGP,WAW,137.99,EUR,https://www.ryanair.com/pl/pl/trip/flights/select?adults=1&dateOut=2026-11-11&originIata=AGP&destinationIata=WAW&isReturn=false
2026-11-11,19:35,WAW,AGP,319.69,PLN,https://www.ryanair.com/pl/pl/trip/flights/select?adults=1&dateOut=2026-11-11&originIata=WAW&destinationIata=AGP&isReturn=false
2026-11-11,08:40,WAW,VCE,442.0,PLN,https://www.ryanair.com/pl/pl/trip/flights/select?adults=1&dateOut=2026-11-11&originIata=WAW&destinationIata=VCE&isReturn=false
2026-11-11,09:45,WAW,BRI,507.19,PLN,https://www.ryanair.com/pl/pl/trip/flights/select?adults=1&dateOut=2026-11-11&originIata=WAW&destinationIata=BRI&isReturn=false
2026-11-11,11:20,WAW,SVQ,525.54,PLN,https://www.ryanair.com/pl/pl/trip/flights/select?adults=1&dateOut=2026-11-11&originIata=WAW&destinationIata=SVQ&isReturn=false
2026-11-12,15:15,CRL,WAW,24.39,EUR,https://www.ryanair.com/pl/pl/trip/flights/select?adults=1&dateOut=2026-11-12&originIata=CRL&destinationIata=WAW&isReturn=false
2026-11-12,16:30,LBA,WAW,41.99,GBP,https://www.ryanair.com/pl/pl/trip/flights/select?adults=1&dateOut=2026-11-12&originIata=LBA&destinationIata=WAW&isReturn=false
2026-11-12,06:45,AGP,WAW,42.44,EUR,https://www.ryanair.com/pl/pl/trip/flights/select?adults=1&dateOut=2026-11-12&originIata=AGP&destinationIata=WAW&isReturn=false
2026-11-12,18:40,WAW,CRL,102.36,PLN,https://www.ryanair.com/pl/pl/trip/flights/select?adults=1&dateOut=2026-11-12&originIata=WAW&destinationIata=CRL&isReturn=false
2026-11-12,20:40,WAW,LBA,161.95,PLN,https://www.ryanair.com/pl/pl/trip/flights/select?adults=1&dateOut=2026-11-12&originIata=WAW&destinationIata=LBA&isReturn=false
2026-11-12,11:10,WAW,AGP,258.37,PLN,https://www.ryanair.com/pl/pl/trip/flights/select?adults=1&dateOut=2026-11-12&originIata=WAW&destinationIata=AGP&isReturn=false
2026-11-13,06:05,VCE,WAW,21.99,EUR,https://www.ryanair.com/pl/pl/trip/flights/select?adults=1&dateOut=2026-11-13&originIata=VCE&destinationIata=WAW&isReturn=false
2026-11-13,17:45,CRL,WAW,40.76,EUR,https://www.ryanair.com/pl/pl/trip/flights/select?adults=1&dateOut=2026-11-13&originIata=CRL&destinationIata=WAW&isReturn=false
2026-11-13,06:00,BRI,WAW,54.29,EUR,https://www.ryanair.com/pl/pl/trip/flights/select?adults=1&dateOut=2026-11-13&originIata=BRI&destinationIata=WAW&isReturn=false
2026-11-13,06:45,AGP,WAW,62.99,EUR,https://www.ryanair.com/pl/pl/trip/flights/select?adults=1&dateOut=2026-11-13&originIata=AGP&destinationIata=WAW&isReturn=false
2026-11-13,15:50,BLQ,WAW,67.99,EUR,https://www.ryanair.com/pl/pl/trip/flights/select?adults=1&dateOut=2026-11-13&originIata=BLQ&destinationIata=WAW&isReturn=false
2026-11-13,20:10,WAW,CRL,105.07,PLN,https://www.ryanair.com/pl/pl/trip/flights/select?adults=1&dateOut=2026-11-13&originIata=WAW&destinationIata=CRL&isReturn=false
2026-11-13,20:25,WAW,AGP,130.0,PLN,https://www.ryanair.com/pl/pl/trip/flights/select?adults=1&dateOut=2026-11-13&originIata=WAW&destinationIata=AGP&isReturn=false
2026-11-13,18:20,WAW,BLQ,146.19,PLN,https://www.ryanair.com/pl/pl/trip/flights/select?adults=1&dateOut=2026-11-13&originIata=WAW&destinationIata=BLQ&isReturn=false
2026-11-13,08:45,WAW,BRI,148.87,PLN,https://www.ryanair.com/pl/pl/trip/flights/select?adults=1&dateOut=2026-11-13&originIata=WAW&destinationIata=BRI&isReturn=false
2026-11-13,08:30,WAW,VCE,192.52,PLN,https://www.ryanair.com/pl/pl/trip/flights/select?adults=1&dateOut=2026-11-13&originIata=WAW&destinationIata=VCE&isReturn=false
2026-11-14,07:30,CRL,WAW,21.99,EUR,https://www.ryanair.com/pl/pl/trip/flights/select?adults=1&dateOut=2026-11-14&originIata=CRL&destinationIata=WAW&isReturn=false
2026-11-14,06:15,TRN,WAW,21.99,EUR,https://www.ryanair.com/pl/pl/trip/flights/select?adults=1&dateOut=2026-11-14&originIata=TRN&destinationIata=WAW&isReturn=false
2026-11-14,13:50,LBA,WAW,22.99,GBP,https://www.ryanair.com/pl/pl/trip/flights/select?adults=1&dateOut=2026-11-14&originIata=LBA&destinationIata=WAW&isReturn=false
2026-11-14,16:20,LPL,WAW,29.99,GBP,https://www.ryanair.com/pl/pl/trip/flights/select?adults=1&dateOut=2026-11-14&originIata=LPL&destinationIata=WAW&isReturn=false
2026-11-14,08:55,WAW,TRN,74.0,PLN,https://www.ryanair.com/pl/pl/trip/flights/select?adults=1&dateOut=2026-11-14&originIata=WAW&destinationIata=TRN&isReturn=false
2026-11-14,20:25,WAW,LPL,80.93,PLN,https://www.ryanair.com/pl/pl/trip/flights/select?adults=1&dateOut=2026-11-14&originIata=WAW&destinationIata=LPL&isReturn=false
2026-11-14,18:00,WAW,AGP,130.0,PLN,https://www.ryanair.com/pl/pl/trip/flights/select?adults=1&dateOut=2026-11-14&originIata=WAW&destinationIata=AGP&isReturn=false
2026-11-14,18:40,WAW,LBA,144.49,PLN,https://www.ryanair.com/pl/pl/trip/flights/select?adults=1&dateOut=2026-11-14&originIata=WAW&destinationIata=LBA&isReturn=false
2026-11-14,13:45,AGP,WAW,172.05,EUR,https://www.ryanair.com/pl/pl/trip/flights/select?adults=1&dateOut=2026-11-14&originIata=AGP&destinationIata=WAW&isReturn=false
2026-11-14,10:05,WAW,CRL,195.92,PLN,https://www.ryanair.com/pl/pl/trip/flights/select?adults=1&dateOut=2026-11-14&originIata=WAW&destinationIata=CRL&isReturn=false
2026-11-15,06:05,LBA,WAW,19.99,GBP,https://www.ryanair.com/pl/pl/trip/flights/select?adults=1&dateOut=2026-11-15&originIata=LBA&destinationIata=WAW&isReturn=false
2026-11-15,16:20,CRL,WAW,58.99,EUR,https://www.ryanair.com/pl/pl/trip/flights/select?adults=1&dateOut=2026-11-15&originIata=CRL&destinationIata=WAW&isReturn=false
2026-11-15,12:35,WAW,BLQ,87.0,PLN,https://www.ryanair.com/pl/pl/trip/flights/select?adults=1&dateOut=2026-11-15&originIata=WAW&destinationIata=BLQ&isReturn=false
2026-11-15,10:00,BLQ,WAW,92.99,EUR,https://www.ryanair.com/pl/pl/trip/flights/select?adults=1&dateOut=2026-11-15&originIata=BLQ&destinationIata=WAW&isReturn=false
2026-11-15,06:55,SVQ,WAW,116.42,EUR,https://www.ryanair.com/pl/pl/trip/flights/select?adults=1&dateOut=2026-11-15&originIata=SVQ&destinationIata=WAW&isReturn=false
2026-11-15,11:10,WAW,SVQ,135.73,PLN,https://www.ryanair.com/pl/pl/trip/flights/select?adults=1&dateOut=2026-11-15&originIata=WAW&destinationIata=SVQ&isReturn=false
2026-11-15,18:25,WAW,BRI,153.25,PLN,https://www.ryanair.com/pl/pl/trip/flights/select?adults=1&dateOut=2026-11-15&originIata=WAW&destinationIata=BRI&isReturn=false
2026-11-15,09:55,WAW,LBA,170.77,PLN,https://www.ryanair.com/pl/pl/trip/flights/select?adults=1&dateOut=2026-11-15&originIata=WAW&destinationIata=LBA&isReturn=false
2026-11-15,15:40,BRI,WAW,179.99,EUR,https://www.ryanair.com/pl/pl/trip/flights/select?adults=1&dateOut=2026-11-15&originIata=BRI&destinationIata=WAW&isReturn=false
2026-11-15,07:25,AGP,WAW,214.11,EUR,https://www.ryanair.com/pl/pl/trip/flights/select?adults=1&dateOut=2026-11-15&originIata=AGP&destinationIata=WAW&isReturn=false
2026-11-15,11:40,WAW,AGP,253.99,PLN,https://www.ryanair.com/pl/pl/trip/flights/select?adults=1&dateOut=2026-11-15&originIata=WAW&destinationIata=AGP&isReturn=false
2026-11-15,18:50,WAW,CRL,376.63,PLN,https://www.ryanair.com/pl/pl/trip/flights/select?adults=1&dateOut=2026-11-15&originIata=WAW&destinationIata=CRL&isReturn=false
2026-11-16,15:15,CRL,WAW,21.99,EUR,https://www.ryanair.com/pl/pl/trip/flights/select?adults=1&dateOut=2026-11-16&originIata=CRL&destinationIata=WAW&isReturn=false
2026-11-16,06:15,VCE,WAW,23.99,EUR,https://www.ryanair.com/pl/pl/trip/flights/select?adults=1&dateOut=2026-11-16&originIata=VCE&destinationIata=WAW&isReturn=false
2026-11-16,17:05,LPL,WAW,32.99,GBP,https://www.ryanair.com/pl/pl/trip/flights/select?adults=1&dateOut=2026-11-16&originIata=LPL&destinationIata=WAW&isReturn=false
2026-11-16,16:10,BLQ,WAW,38.47,EUR,https://www.ryanair.com/pl/pl/trip/flights/select?adults=1&dateOut=2026-11-16&originIata=BLQ&destinationIata=WAW&isReturn=false
2026-11-16,08:50,WAW,VCE,74.0,PLN,https://www.ryanair.com/pl/pl/trip/flights/select?adults=1&dateOut=2026-11-16&originIata=WAW&destinationIata=VCE&isReturn=false
2026-11-16,21:15,WAW,LPL,83.65,PLN,https://www.ryanair.com/pl/pl/trip/flights/select?adults=1&dateOut=2026-11-16&originIata=WAW&destinationIata=LPL&isReturn=false
2026-11-16,19:35,WAW,BLQ,87.0,PLN,https://www.ryanair.com/pl/pl/trip/flights/select?adults=1&dateOut=2026-11-16&originIata=WAW&destinationIata=BLQ&isReturn=false
2026-11-16,07:15,AGP,WAW,113.99,EUR,https://www.ryanair.com/pl/pl/trip/flights/select?adults=1&dateOut=2026-11-16&originIata=AGP&destinationIata=WAW&isReturn=false
2026-11-16,20:50,WAW,CRL,140.11,PLN,https://www.ryanair.com/pl/pl/trip/flights/select?adults=1&dateOut=2026-11-16&originIata=WAW&destinationIata=CRL&isReturn=false
2026-11-16,12:30,WAW,AGP,183.91,PLN,https://www.ryanair.com/pl/pl/trip/flights/select?adults=1&dateOut=2026-11-16&originIata=WAW&destinationIata=AGP&isReturn=false
2026-11-17,16:30,AGP,WAW,83.05,EUR,https://www.ryanair.com/pl/pl/trip/flights/select?adults=1&dateOut=2026-11-17&originIata=AGP&destinationIata=WAW&isReturn=false
2026-11-17,20:50,WAW,AGP,130.0,PLN,https://www.ryanair.com/pl/pl/trip/flights/select?adults=1&dateOut=2026-11-17&originIata=WAW&destinationIata=AGP&isReturn=false
2026-11-18,06:15,VCE,WAW,16.99,EUR,https://www.ryanair.com/pl/pl/trip/flights/select?adults=1&dateOut=2026-11-18&originIata=VCE&destinationIata=WAW&isReturn=false
2026-11-18,06:50,SVQ,WAW,38.19,EUR,https://www.ryanair.com/pl/pl/trip/flights/select?adults=1&dateOut=2026-11-18&originIata=SVQ&destinationIata=WAW&isReturn=false
2026-11-18,06:55,BRI,WAW,42.99,EUR,https://www.ryanair.com/pl/pl/trip/flights/select?adults=1&dateOut=2026-11-18&originIata=BRI&destinationIata=WAW&isReturn=false
2026-11-18,14:25,AGP,WAW,51.99,EUR,https://www.ryanair.com/pl/pl/trip/flights/select?adults=1&dateOut=2026-11-18&originIata=AGP&destinationIata=WAW&isReturn=false
2026-11-18,08:40,WAW,VCE,74.0,PLN,https://www.ryanair.com/pl/pl/trip/flights/select?adults=1&dateOut=2026-11-18&originIata=WAW&destinationIata=VCE&isReturn=false
2026-11-18,09:45,WAW,BRI,87.0,PLN,https://www.ryanair.com/pl/pl/trip/flights/select?adults=1&dateOut=2026-11-18&originIata=WAW&destinationIata=BRI&isReturn=false
2026-11-18,19:35,WAW,AGP,130.0,PLN,https://www.ryanair.com/pl/pl/trip/flights/select?adults=1&dateOut=2026-11-18&originIata=WAW&destinationIata=AGP&isReturn=false
2026-11-18,11:20,WAW,SVQ,224.72,PLN,https://www.ryanair.com/pl/pl/trip/flights/select?adults=1&dateOut=2026-11-18&originIata=WAW&destinationIata=SVQ&isReturn=false
2026-11-19,15:15,CRL,WAW,24.81,EUR,https://www.ryanair.com/pl/pl/trip/flights/select?adults=1&dateOut=2026-11-19&originIata=CRL&destinationIata=WAW&isReturn=false
2026-11-19,06:45,AGP,WAW,34.99,EUR,https://www.ryanair.com/pl/pl/trip/flights/select?adults=1&dateOut=2026-11-19&originIata=AGP&destinationIata=WAW&isReturn=false
2026-11-19,16:30,LBA,WAW,47.19,GBP,https://www.ryanair.com/pl/pl/trip/flights/select?adults=1&dateOut=2026-11-19&originIata=LBA&destinationIata=WAW&isReturn=false
2026-11-19,20:40,WAW,LBA,87.0,PLN,https://www.ryanair.com/pl/pl/trip/flights/select?adults=1&dateOut=2026-11-19&originIata=WAW&destinationIata=LBA&isReturn=false
2026-11-19,18:40,WAW,CRL,140.11,PLN,https://www.ryanair.com/pl/pl/trip/flights/select?adults=1&dateOut=2026-11-19&originIata=WAW&destinationIata=CRL&isReturn=false
2026-11-19,11:10,WAW,AGP,176.07,PLN,https://www.ryanair.com/pl/pl/trip/flights/select?adults=1&dateOut=2026-11-19&originIata=WAW&destinationIata=AGP&isReturn=false
2026-11-20,06:05,VCE,WAW,16.99,EUR,https://www.ryanair.com/pl/pl/trip/flights/select?adults=1&dateOut=2026-11-20&originIata=VCE&destinationIata=WAW&isReturn=false
2026-11-20,06:45,AGP,WAW,33.47,EUR,https://www.ryanair.com/pl/pl/trip/flights/select?adults=1&dateOut=2026-11-20&originIata=AGP&destinationIata=WAW&isReturn=false
2026-11-20,15:50,BLQ,WAW,37.99,EUR,https://www.ryanair.com/pl/pl/trip/flights/select?adults=1&dateOut=2026-11-20&originIata=BLQ&destinationIata=WAW&isReturn=false
2026-11-20,17:45,CRL,WAW,39.31,EUR,https://www.ryanair.com/pl/pl/trip/flights/select?adults=1&dateOut=2026-11-20&originIata=CRL&destinationIata=WAW&isReturn=false
2026-11-20,06:00,BRI,WAW,57.19,EUR,https://www.ryanair.com/pl/pl/trip/flights/select?adults=1&dateOut=2026-11-20&originIata=BRI&destinationIata=WAW&isReturn=false
2026-11-20,20:10,WAW,CRL,103.23,PLN,https://www.ryanair.com/pl/pl/trip/flights/select?adults=1&dateOut=2026-11-20&originIata=WAW&destinationIata=CRL&isReturn=false
2026-11-20,20:25,WAW,AGP,141.82,PLN,https://www.ryanair.com/pl/pl/trip/flights/select?adults=1&dateOut=2026-11-20&originIata=WAW&destinationIata=AGP&isReturn=false
2026-11-20,18:20,WAW,BLQ,142.51,PLN,https://www.ryanair.com/pl/pl/trip/flights/select?adults=1&dateOut=2026-11-20&originIata=WAW&destinationIata=BLQ&isReturn=false
2026-11-20,08:30,WAW,VCE,175.15,PLN,https://www.ryanair.com/pl/pl/trip/flights/select?adults=1&dateOut=2026-11-20&originIata=WAW&destinationIata=VCE&isReturn=false
2026-11-20,08:45,WAW,BRI,197.05,PLN,https://www.ryanair.com/pl/pl/trip/flights/select?adults=1&dateOut=2026-11-20&originIata=WAW&destinationIata=BRI&isReturn=false
2026-11-21,06:15,TRN,WAW,17.99,EUR,https://www.ryanair.com/pl/pl/trip/flights/select?adults=1&dateOut=2026-11-21&originIata=TRN&destinationIata=WAW&isReturn=false
2026-11-21,13:50,LBA,WAW,21.99,GBP,https://www.ryanair.com/pl/pl/trip/flights/select?adults=1&dateOut=2026-11-21&originIata=LBA&destinationIata=WAW&isReturn=false
2026-11-21,07:30,CRL,WAW,21.99,EUR,https://www.ryanair.com/pl/pl/trip/flights/select?adults=1&dateOut=2026-11-21&originIata=CRL&destinationIata=WAW&isReturn=false
2026-11-21,16:20,LPL,WAW,26.99,GBP,https://www.ryanair.com/pl/pl/trip/flights/select?adults=1&dateOut=2026-11-21&originIata=LPL&destinationIata=WAW&isReturn=false
2026-11-21,13:45,AGP,WAW,47.89,EUR,https://www.ryanair.com/pl/pl/trip/flights/select?adults=1&dateOut=2026-11-21&originIata=AGP&destinationIata=WAW&isReturn=false
2026-11-21,20:25,WAW,LPL,70.03,PLN,https://www.ryanair.com/pl/pl/trip/flights/select?adults=1&dateOut=2026-11-21&originIata=WAW&destinationIata=LPL&isReturn=false
2026-11-21,08:55,WAW,TRN,74.0,PLN,https://www.ryanair.com/pl/pl/trip/flights/select?adults=1&dateOut=2026-11-21&originIata=WAW&destinationIata=TRN&isReturn=false
2026-11-21,18:40,WAW,LBA,74.41,PLN,https://www.ryanair.com/pl/pl/trip/flights/select?adults=1&dateOut=2026-11-21&originIata=WAW&destinationIata=LBA&isReturn=false
2026-11-21,10:05,WAW,CRL,91.93,PLN,https://www.ryanair.com/pl/pl/trip/flights/select?adults=1&dateOut=2026-11-21&originIata=WAW&destinationIata=CRL&isReturn=false
2026-11-21,18:00,WAW,AGP,126.97,PLN,https://www.ryanair.com/pl/pl/trip/flights/select?adults=1&dateOut=2026-11-21&originIata=WAW&destinationIata=AGP&isReturn=false
2026-11-22,06:05,LBA,WAW,19.99,GBP,https://www.ryanair.com/pl/pl/trip/flights/select?adults=1&dateOut=2026-11-22&originIata=LBA&destinationIata=WAW&isReturn=false
2026-11-22,16:20,CRL,WAW,24.21,EUR,https://www.ryanair.com/pl/pl/trip/flights/select?adults=1&dateOut=2026-11-22&originIata=CRL&destinationIata=WAW&isReturn=false
2026-11-22,10:00,BLQ,WAW,28.99,EUR,https://www.ryanair.com/pl/pl/trip/flights/select?adults=1&dateOut=2026-11-22&originIata=BLQ&destinationIata=WAW&isReturn=false
2026-11-22,06:55,SVQ,WAW,52.87,EUR,https://www.ryanair.com/pl/pl/trip/flights/select?adults=1&dateOut=2026-11-22&originIata=SVQ&destinationIata=WAW&isReturn=false
2026-11-22,15:40,BRI,WAW,57.99,EUR,https://www.ryanair.com/pl/pl/trip/flights/select?adults=1&dateOut=2026-11-22&originIata=BRI&destinationIata=WAW&isReturn=false
2026-11-22,07:25,AGP,WAW,62.99,EUR,https://www.ryanair.com/pl/pl/trip/flights/select?adults=1&dateOut=2026-11-22&originIata=AGP&destinationIata=WAW&isReturn=false
2026-11-22,09:55,WAW,LBA,148.87,PLN,https://www.ryanair.com/pl/pl/trip/flights/select?adults=1&dateOut=2026-11-22&originIata=WAW&destinationIata=LBA&isReturn=false
2026-11-22,11:40,WAW,AGP,201.43,PLN,https://www.ryanair.com/pl/pl/trip/flights/select?adults=1&dateOut=2026-11-22&originIata=WAW&destinationIata=AGP&isReturn=false
2026-11-22,18:25,WAW,BRI,205.81,PLN,https://www.ryanair.com/pl/pl/trip/flights/select?adults=1&dateOut=2026-11-22&originIata=WAW&destinationIata=BRI&isReturn=false
2026-11-22,11:10,WAW,SVQ,220.34,PLN,https://www.ryanair.com/pl/pl/trip/flights/select?adults=1&dateOut=2026-11-22&originIata=WAW&destinationIata=SVQ&isReturn=false
2026-11-22,12:35,WAW,BLQ,236.47,PLN,https://www.ryanair.com/pl/pl/trip/flights/select?adults=1&dateOut=2026-11-22&originIata=WAW&destinationIata=BLQ&isReturn=false
2026-11-22,18:50,WAW,CRL,378.38,PLN,https://www.ryanair.com/pl/pl/trip/flights/select?adults=1&dateOut=2026-11-22&originIata=WAW&destinationIata=CRL&isReturn=false
2026-11-23,16:05,VCE,WAW,16.99,EUR,https://www.ryanair.com/pl/pl/trip/flights/select?adults=1&dateOut=2026-11-23&originIata=VCE&destinationIata=WAW&isReturn=false
2026-11-23,18:25,CRL,WAW,16.99,EUR,https://www.ryanair.com/pl/pl/trip/flights/select?adults=1&dateOut=2026-11-23&originIata=CRL&destinationIata=WAW&isReturn=false
2026-11-23,17:05,LPL,WAW,18.59,GBP,https://www.ryanair.com/pl/pl/trip/flights/select?adults=1&dateOut=2026-11-23&originIata=LPL&destinationIata=WAW&isReturn=false
2026-11-23,16:10,BLQ,WAW,25.99,EUR,https://www.ryanair.com/pl/pl/trip/flights/select?adults=1&dateOut=2026-11-23&originIata=BLQ&destinationIata=WAW&isReturn=false
2026-11-23,07:15,AGP,WAW,45.99,EUR,https://www.ryanair.com/pl/pl/trip/flights/select?adults=1&dateOut=2026-11-23&originIata=AGP&destinationIata=WAW&isReturn=false
2026-11-23,08:50,WAW,VCE,74.0,PLN,https://www.ryanair.com/pl/pl/trip/flights/select?adults=1&dateOut=2026-11-23&originIata=WAW&destinationIata=VCE&isReturn=false
2026-11-23,20:50,WAW,CRL,126.97,PLN,https://www.ryanair.com/pl/pl/trip/flights/select?adults=1&dateOut=2026-11-23&originIata=WAW&destinationIata=CRL&isReturn=false
2026-11-23,21:15,WAW,LPL,131.35,PLN,https://www.ryanair.com/pl/pl/trip/flights/select?adults=1&dateOut=2026-11-23&originIata=WAW&destinationIata=LPL&isReturn=false
2026-11-23,19:35,WAW,BLQ,179.53,PLN,https://www.ryanair.com/pl/pl/trip/flights/select?adults=1&dateOut=2026-11-23&originIata=WAW&destinationIata=BLQ&isReturn=false
2026-11-23,12:30,WAW,AGP,262.75,PLN,https://www.ryanair.com/pl/pl/trip/flights/select?adults=1&dateOut=2026-11-23&originIata=WAW&destinationIata=AGP&isReturn=false
2026-11-24,16:30,AGP,WAW,52.99,EUR,https://www.ryanair.com/pl/pl/trip/flights/select?adults=1&dateOut=2026-11-24&originIata=AGP&destinationIata=WAW&isReturn=false
2026-11-24,20:50,WAW,AGP,100.69,PLN,https://www.ryanair.com/pl/pl/trip/flights/select?adults=1&dateOut=2026-11-24&originIata=WAW&destinationIata=AGP&isReturn=false
2026-11-25,06:15,VCE,WAW,16.99,EUR,https://www.ryanair.com/pl/pl/trip/flights/select?adults=1&dateOut=2026-11-25&originIata=VCE&destinationIata=WAW&isReturn=false
2026-11-25,06:55,BRI,WAW,19.99,EUR,https://www.ryanair.com/pl/pl/trip/flights/select?adults=1&dateOut=2026-11-25&originIata=BRI&destinationIata=WAW&isReturn=false
2026-11-25,14:25,AGP,WAW,38.99,EUR,https://www.ryanair.com/pl/pl/trip/flights/select?adults=1&dateOut=2026-11-25&originIata=AGP&destinationIata=WAW&isReturn=false
2026-11-25,06:50,SVQ,WAW,52.99,EUR,https://www.ryanair.com/pl/pl/trip/flights/select?adults=1&dateOut=2026-11-25&originIata=SVQ&destinationIata=WAW&isReturn=false
2026-11-25,08:40,WAW,VCE,74.0,PLN,https://www.ryanair.com/pl/pl/trip/flights/select?adults=1&dateOut=2026-11-25&originIata=WAW&destinationIata=VCE&isReturn=false
2026-11-25,11:20,WAW,SVQ,122.59,PLN,https://www.ryanair.com/pl/pl/trip/flights/select?adults=1&dateOut=2026-11-25&originIata=WAW&destinationIata=SVQ&isReturn=false
2026-11-25,09:45,WAW,BRI,140.11,PLN,https://www.ryanair.com/pl/pl/trip/flights/select?adults=1&dateOut=2026-11-25&originIata=WAW&destinationIata=BRI&isReturn=false
2026-11-25,19:35,WAW,AGP,153.25,PLN,https://www.ryanair.com/pl/pl/trip/flights/select?adults=1&dateOut=2026-11-25&originIata=WAW&destinationIata=AGP&isReturn=false
2026-11-26,15:15,CRL,WAW,21.99,EUR,https://www.ryanair.com/pl/pl/trip/flights/select?adults=1&dateOut=2026-11-26&originIata=CRL&destinationIata=WAW&isReturn=false
2026-11-26,06:45,AGP,WAW,34.99,EUR,https://www.ryanair.com/pl/pl/trip/flights/select?adults=1&dateOut=2026-11-26&originIata=AGP&destinationIata=WAW&isReturn=false
2026-11-26,16:30,LBA,WAW,70.74,GBP,https://www.ryanair.com/pl/pl/trip/flights/select?adults=1&dateOut=2026-11-26&originIata=LBA&destinationIata=WAW&isReturn=false
2026-11-26,18:40,WAW,CRL,95.0,PLN,https://www.ryanair.com/pl/pl/trip/flights/select?adults=1&dateOut=2026-11-26&originIata=WAW&destinationIata=CRL&isReturn=false
2026-11-26,20:40,WAW,LBA,126.97,PLN,https://www.ryanair.com/pl/pl/trip/flights/select?adults=1&dateOut=2026-11-26&originIata=WAW&destinationIata=LBA&isReturn=false
2026-11-26,11:10,WAW,AGP,148.92,PLN,https://www.ryanair.com/pl/pl/trip/flights/select?adults=1&dateOut=2026-11-26&originIata=WAW&destinationIata=AGP&isReturn=false
2026-11-27,06:05,VCE,WAW,23.99,EUR,https://www.ryanair.com/pl/pl/trip/flights/select?adults=1&dateOut=2026-11-27&originIata=VCE&destinationIata=WAW&isReturn=false
2026-11-27,17:45,CRL,WAW,37.99,EUR,https://www.ryanair.com/pl/pl/trip/flights/select?adults=1&dateOut=2026-11-27&originIata=CRL&destinationIata=WAW&isReturn=false
2026-11-27,16:10,AGP,WAW,45.99,EUR,https://www.ryanair.com/pl/pl/trip/flights/select?adults=1&dateOut=2026-11-27&originIata=AGP&destinationIata=WAW&isReturn=false
2026-11-27,15:50,BLQ,WAW,54.99,EUR,https://www.ryanair.com/pl/pl/trip/flights/select?adults=1&dateOut=2026-11-27&originIata=BLQ&destinationIata=WAW&isReturn=false
2026-11-27,06:00,BRI,WAW,62.99,EUR,https://www.ryanair.com/pl/pl/trip/flights/select?adults=1&dateOut=2026-11-27&originIata=BRI&destinationIata=WAW&isReturn=false
2026-11-27,20:25,WAW,AGP,96.31,PLN,https://www.ryanair.com/pl/pl/trip/flights/select?adults=1&dateOut=2026-11-27&originIata=WAW&destinationIata=AGP&isReturn=false
2026-11-27,20:10,WAW,CRL,116.96,PLN,https://www.ryanair.com/pl/pl/trip/flights/select?adults=1&dateOut=2026-11-27&originIata=WAW&destinationIata=CRL&isReturn=false
2026-11-27,08:30,WAW,VCE,133.24,PLN,https://www.ryanair.com/pl/pl/trip/flights/select?adults=1&dateOut=2026-11-27&originIata=WAW&destinationIata=VCE&isReturn=false
2026-11-27,08:45,WAW,BRI,162.38,PLN,https://www.ryanair.com/pl/pl/trip/flights/select?adults=1&dateOut=2026-11-27&originIata=WAW&destinationIata=BRI&isReturn=false
2026-11-27,18:20,WAW,BLQ,168.52,PLN,https://www.ryanair.com/pl/pl/trip/flights/select?adults=1&dateOut=2026-11-27&originIata=WAW&destinationIata=BLQ&isReturn=false
2026-11-28,06:15,TRN,WAW,17.99,EUR,https://www.ryanair.com/pl/pl/trip/flights/select?adults=1&dateOut=2026-11-28&originIata=TRN&destinationIata=WAW&isReturn=false
2026-11-28,16:20,LPL,WAW,20.59,GBP,https://www.ryanair.com/pl/pl/trip/flights/select?adults=1&dateOut=2026-11-28&originIata=LPL&destinationIata=WAW&isReturn=false
2026-11-28,13:50,LBA,WAW,30.99,GBP,https://www.ryanair.com/pl/pl/trip/flights/select?adults=1&dateOut=2026-11-28&originIata=LBA&destinationIata=WAW&isReturn=false
2026-11-28,07:30,CRL,WAW,31.99,EUR,https://www.ryanair.com/pl/pl/trip/flights/select?adults=1&dateOut=2026-11-28&originIata=CRL&destinationIata=WAW&isReturn=false
2026-11-28,13:45,AGP,WAW,45.99,EUR,https://www.ryanair.com/pl/pl/trip/flights/select?adults=1&dateOut=2026-11-28&originIata=AGP&destinationIata=WAW&isReturn=false
2026-11-28,08:55,WAW,TRN,65.65,PLN,https://www.ryanair.com/pl/pl/trip/flights/select?adults=1&dateOut=2026-11-28&originIata=WAW&destinationIata=TRN&isReturn=false
2026-11-28,20:25,WAW,LPL,74.64,PLN,https://www.ryanair.com/pl/pl/trip/flights/select?adults=1&dateOut=2026-11-28&originIata=WAW&destinationIata=LPL&isReturn=false
2026-11-28,18:40,WAW,LBA,87.55,PLN,https://www.ryanair.com/pl/pl/trip/flights/select?adults=1&dateOut=2026-11-28&originIata=WAW&destinationIata=LBA&isReturn=false
2026-11-28,10:05,WAW,CRL,95.0,PLN,https://www.ryanair.com/pl/pl/trip/flights/select?adults=1&dateOut=2026-11-28&originIata=WAW&destinationIata=CRL&isReturn=false
2026-11-28,18:00,WAW,AGP,130.0,PLN,https://www.ryanair.com/pl/pl/trip/flights/select?adults=1&dateOut=2026-11-28&originIata=WAW&destinationIata=AGP&isReturn=false
2026-11-29,06:05,LBA,WAW,19.99,GBP,https://www.ryanair.com/pl/pl/trip/flights/select?adults=1&dateOut=2026-11-29&originIata=LBA&destinationIata=WAW&isReturn=false
2026-11-29,10:00,BLQ,WAW,23.25,EUR,https://www.ryanair.com/pl/pl/trip/flights/select?adults=1&dateOut=2026-11-29&originIata=BLQ&destinationIata=WAW&isReturn=false
2026-11-29,16:20,CRL,WAW,54.56,EUR,https://www.ryanair.com/pl/pl/trip/flights/select?adults=1&dateOut=2026-11-29&originIata=CRL&destinationIata=WAW&isReturn=false
2026-11-29,07:25,AGP,WAW,55.24,EUR,https://www.ryanair.com/pl/pl/trip/flights/select?adults=1&dateOut=2026-11-29&originIata=AGP&destinationIata=WAW&isReturn=false
2026-11-29,15:40,BRI,WAW,62.37,EUR,https://www.ryanair.com/pl/pl/trip/flights/select?adults=1&dateOut=2026-11-29&originIata=BRI&destinationIata=WAW&isReturn=false
2026-11-29,06:55,SVQ,WAW,108.99,EUR,https://www.ryanair.com/pl/pl/trip/flights/select?adults=1&dateOut=2026-11-29&originIata=SVQ&destinationIata=WAW&isReturn=false
2026-11-29,12:35,WAW,BLQ,109.45,PLN,https://www.ryanair.com/pl/pl/trip/flights/select?adults=1&dateOut=2026-11-29&originIata=WAW&destinationIata=BLQ&isReturn=false
2026-11-29,11:10,WAW,SVQ,136.62,PLN,https://www.ryanair.com/pl/pl/trip/flights/select?adults=1&dateOut=2026-11-29&originIata=WAW&destinationIata=SVQ&isReturn=false
2026-11-29,11:40,WAW,AGP,166.39,PLN,https://www.ryanair.com/pl/pl/trip/flights/select?adults=1&dateOut=2026-11-29&originIata=WAW&destinationIata=AGP&isReturn=false
2026-11-29,09:55,WAW,LBA,188.29,PLN,https://www.ryanair.com/pl/pl/trip/flights/select?adults=1&dateOut=2026-11-29&originIata=WAW&destinationIata=LBA&isReturn=false
2026-11-29,18:25,WAW,BRI,197.05,PLN,https://www.ryanair.com/pl/pl/trip/flights/select?adults=1&dateOut=2026-11-29&originIata=WAW&destinationIata=BRI&isReturn=false
2026-11-29,18:50,WAW,CRL,228.84,PLN,https://www.ryanair.com/pl/pl/trip/flights/select?adults=1&dateOut=2026-11-29&originIata=WAW&destinationIata=CRL&isReturn=false
2026-11-30,06:15,VCE,WAW,14.99,EUR,https://www.ryanair.com/pl/pl/trip/flights/select?adults=1&dateOut=2026-11-30&originIata=VCE&destinationIata=WAW&isReturn=false
2026-11-30,17:05,LPL,WAW,14.99,GBP,https://www.ryanair.com/pl/pl/trip/flights/select?adults=1&dateOut=2026-11-30&originIata=LPL&destinationIata=WAW&isReturn=false
2026-11-30,18:25,CRL,WAW,21.99,EUR,https://www.ryanair.com/pl/pl/trip/flights/select?adults=1&dateOut=2026-11-30&originIata=CRL&destinationIata=WAW&isReturn=false
2026-11-30,07:15,AGP,WAW,46.24,EUR,https://www.ryanair.com/pl/pl/trip/flights/select?adults=1&dateOut=2026-11-30&originIata=AGP&destinationIata=WAW&isReturn=false
2026-11-30,08:50,WAW,VCE,65.65,PLN,https://www.ryanair.com/pl/pl/trip/flights/select?adults=1&dateOut=2026-11-30&originIata=WAW&destinationIata=VCE&isReturn=false
2026-11-30,21:15,WAW,LPL,72.09,PLN,https://www.ryanair.com/pl/pl/trip/flights/select?adults=1&dateOut=2026-11-30&originIata=WAW&destinationIata=LPL&isReturn=false
2026-11-30,16:10,BLQ,WAW,77.59,EUR,https://www.ryanair.com/pl/pl/trip/flights/select?adults=1&dateOut=2026-11-30&originIata=BLQ&destinationIata=WAW&isReturn=false
2026-11-30,20:50,WAW,CRL,95.0,PLN,https://www.ryanair.com/pl/pl/trip/flights/select?adults=1&dateOut=2026-11-30&originIata=WAW&destinationIata=CRL&isReturn=false
2026-11-30,19:35,WAW,BLQ,105.07,PLN,https://www.ryanair.com/pl/pl/trip/flights/select?adults=1&dateOut=2026-11-30&originIata=WAW&destinationIata=BLQ&isReturn=false
2026-11-30,12:30,WAW,AGP,162.01,PLN,https://www.ryanair.com/pl/pl/trip/flights/select?adults=1&dateOut=2026-11-30&originIata=WAW&destinationIata=AGP&isReturn=false
2026-12-01,08:05,NAP,WAW,52.99,EUR,https://www.ryanair.com/pl/pl/trip/flights/select?adults=1&dateOut=2026-12-01&originIata=NAP&destinationIata=WAW&isReturn=false
2026-12-01,16:30,AGP,WAW,57.04,EUR,https://www.ryanair.com/pl/pl/trip/flights/select?adults=1&dateOut=2026-12-01&originIata=AGP&destinationIata=WAW&isReturn=false
2026-12-01,11:00,WAW,NAP,100.69,PLN,https://www.ryanair.com/pl/pl/trip/flights/select?adults=1&dateOut=2026-12-01&originIata=WAW&destinationIata=NAP&isReturn=false
2026-12-01,20:50,WAW,AGP,126.97,PLN,https://www.ryanair.com/pl/pl/trip/flights/select?adults=1&dateOut=2026-12-01&originIata=WAW&destinationIata=AGP&isReturn=false
2026-12-02,06:15,VCE,WAW,16.99,EUR,https://www.ryanair.com/pl/pl/trip/flights/select?adults=1&dateOut=2026-12-02&originIata=VCE&destinationIata=WAW&isReturn=false
2026-12-02,08:15,NAP,WAW,35.99,EUR,https://www.ryanair.com/pl/pl/trip/flights/select?adults=1&dateOut=2026-12-02&originIata=NAP&destinationIata=WAW&isReturn=false
2026-12-02,06:55,BRI,WAW,37.99,EUR,https://www.ryanair.com/pl/pl/trip/flights/select?adults=1&dateOut=2026-12-02&originIata=BRI&destinationIata=WAW&isReturn=false
2026-12-02,06:50,SVQ,WAW,53.99,EUR,https://www.ryanair.com/pl/pl/trip/flights/select?adults=1&dateOut=2026-12-02&originIata=SVQ&destinationIata=WAW&isReturn=false
2026-12-02,14:25,AGP,WAW,73.99,EUR,https://www.ryanair.com/pl/pl/trip/flights/select?adults=1&dateOut=2026-12-02&originIata=AGP&destinationIata=WAW&isReturn=false
2026-12-02,08:40,WAW,VCE,74.0,PLN,https://www.ryanair.com/pl/pl/trip/flights/select?adults=1&dateOut=2026-12-02&originIata=WAW&destinationIata=VCE&isReturn=false
2026-12-02,09:45,WAW,BRI,105.07,PLN,https://www.ryanair.com/pl/pl/trip/flights/select?adults=1&dateOut=2026-12-02&originIata=WAW&destinationIata=BRI&isReturn=false
2026-12-02,11:20,WAW,SVQ,113.83,PLN,https://www.ryanair.com/pl/pl/trip/flights/select?adults=1&dateOut=2026-12-02&originIata=WAW&destinationIata=SVQ&isReturn=false
2026-12-02,19:35,WAW,AGP,118.21,PLN,https://www.ryanair.com/pl/pl/trip/flights/select?adults=1&dateOut=2026-12-02&originIata=WAW&destinationIata=AGP&isReturn=false
2026-12-02,12:00,WAW,NAP,128.0,PLN,https://www.ryanair.com/pl/pl/trip/flights/select?adults=1&dateOut=2026-12-02&originIata=WAW&destinationIata=NAP&isReturn=false
2026-12-03,15:15,CRL,WAW,21.99,EUR,https://www.ryanair.com/pl/pl/trip/flights/select?adults=1&dateOut=2026-12-03&originIata=CRL&destinationIata=WAW&isReturn=false
2026-12-03,16:30,LBA,WAW,55.79,GBP,https://www.ryanair.com/pl/pl/trip/flights/select?adults=1&dateOut=2026-12-03&originIata=LBA&destinationIata=WAW&isReturn=false
2026-12-03,06:45,AGP,WAW,82.7,EUR,https://www.ryanair.com/pl/pl/trip/flights/select?adults=1&dateOut=2026-12-03&originIata=AGP&destinationIata=WAW&isReturn=false
2026-12-03,18:40,WAW,CRL,126.97,PLN,https://www.ryanair.com/pl/pl/trip/flights/select?adults=1&dateOut=2026-12-03&originIata=WAW&destinationIata=CRL&isReturn=false
2026-12-03,11:10,WAW,AGP,157.63,PLN,https://www.ryanair.com/pl/pl/trip/flights/select?adults=1&dateOut=2026-12-03&originIata=WAW&destinationIata=AGP&isReturn=false
2026-12-03,20:40,WAW,LBA,170.77,PLN,https://www.ryanair.com/pl/pl/trip/flights/select?adults=1&dateOut=2026-12-03&originIata=WAW&destinationIata=LBA&isReturn=false
2026-12-04,17:45,CRL,WAW,25.59,EUR,https://www.ryanair.com/pl/pl/trip/flights/select?adults=1&dateOut=2026-12-04&originIata=CRL&destinationIata=WAW&isReturn=false
2026-12-04,06:05,VCE,WAW,28.11,EUR,https://www.ryanair.com/pl/pl/trip/flights/select?adults=1&dateOut=2026-12-04&originIata=VCE&destinationIata=WAW&isReturn=false
2026-12-04,15:50,BLQ,WAW,84.21,EUR,https://www.ryanair.com/pl/pl/trip/flights/select?adults=1&dateOut=2026-12-04&originIata=BLQ&destinationIata=WAW&isReturn=false
2026-12-04,06:00,BRI,WAW,86.99,EUR,https://www.ryanair.com/pl/pl/trip/flights/select?adults=1&dateOut=2026-12-04&originIata=BRI&destinationIata=WAW&isReturn=false
2026-12-04,16:10,AGP,WAW,95.72,EUR,https://www.ryanair.com/pl/pl/trip/flights/select?adults=1&dateOut=2026-12-04&originIata=AGP&destinationIata=WAW&isReturn=false
2026-12-04,20:10,WAW,CRL,101.57,PLN,https://www.ryanair.com/pl/pl/trip/flights/select?adults=1&dateOut=2026-12-04&originIata=WAW&destinationIata=CRL&isReturn=false
2026-12-04,08:30,WAW,VCE,118.22,PLN,https://www.ryanair.com/pl/pl/trip/flights/select?adults=1&dateOut=2026-12-04&originIata=WAW&destinationIata=VCE&isReturn=false
2026-12-04,20:25,WAW,AGP,130.0,PLN,https://www.ryanair.com/pl/pl/trip/flights/select?adults=1&dateOut=2026-12-04&originIata=WAW&destinationIata=AGP&isReturn=false
2026-12-04,18:20,WAW,BLQ,140.11,PLN,https://www.ryanair.com/pl/pl/trip/flights/select?adults=1&dateOut=2026-12-04&originIata=WAW&destinationIata=BLQ&isReturn=false
2026-12-04,06:40,NAP,WAW,143.99,EUR,https://www.ryanair.com/pl/pl/trip/flights/select?adults=1&dateOut=2026-12-04&originIata=NAP&destinationIata=WAW&isReturn=false
2026-12-04,08:45,WAW,BRI,183.72,PLN,https://www.ryanair.com/pl/pl/trip/flights/select?adults=1&dateOut=2026-12-04&originIata=WAW&destinationIata=BRI&isReturn=false
2026-12-04,09:25,WAW,NAP,232.09,PLN,https://www.ryanair.com/pl/pl/trip/flights/select?adults=1&dateOut=2026-12-04&originIata=WAW&destinationIata=NAP&isReturn=false
2026-12-05,13:50,LBA,WAW,19.99,GBP,https://www.ryanair.com/pl/pl/trip/flights/select?adults=1&dateOut=2026-12-05&originIata=LBA&destinationIata=WAW&isReturn=false
2026-12-05,07:30,CRL,WAW,22.99,EUR,https://www.ryanair.com/pl/pl/trip/flights/select?adults=1&dateOut=2026-12-05&originIata=CRL&destinationIata=WAW&isReturn=false
2026-12-05,16:20,LPL,WAW,47.12,GBP,https://www.ryanair.com/pl/pl/trip/flights/select?adults=1&dateOut=2026-12-05&originIata=LPL&destinationIata=WAW&isReturn=false
2026-12-05,06:15,TRN,WAW,57.99,EUR,https://www.ryanair.com/pl/pl/trip/flights/select?adults=1&dateOut=2026-12-05&originIata=TRN&destinationIata=WAW&isReturn=false
2026-12-05,20:25,WAW,LPL,65.65,PLN,https://www.ryanair.com/pl/pl/trip/flights/select?adults=1&dateOut=2026-12-05&originIata=WAW&destinationIata=LPL&isReturn=false
2026-12-05,18:40,WAW,LBA,118.21,PLN,https://www.ryanair.com/pl/pl/trip/flights/select?adults=1&dateOut=2026-12-05&originIata=WAW&destinationIata=LBA&isReturn=false
2026-12-05,10:05,WAW,CRL,118.21,PLN,https://www.ryanair.com/pl/pl/trip/flights/select?adults=1&dateOut=2026-12-05&originIata=WAW&destinationIata=CRL&isReturn=false
2026-12-05,18:00,WAW,AGP,130.0,PLN,https://www.ryanair.com/pl/pl/trip/flights/select?adults=1&dateOut=2026-12-05&originIata=WAW&destinationIata=AGP&isReturn=false
2026-12-05,13:45,AGP,WAW,160.99,EUR,https://www.ryanair.com/pl/pl/trip/flights/select?adults=1&dateOut=2026-12-05&originIata=AGP&destinationIata=WAW&isReturn=false
2026-12-05,08:55,WAW,TRN,195.23,PLN,https://www.ryanair.com/pl/pl/trip/flights/select?adults=1&dateOut=2026-12-05&originIata=WAW&destinationIata=TRN&isReturn=false
2026-12-06,06:05,LBA,WAW,15.99,GBP,https://www.ryanair.com/pl/pl/trip/flights/select?adults=1&dateOut=2026-12-06&originIata=LBA&destinationIata=WAW&isReturn=false
2026-12-06,16:20,CRL,WAW,22.56,EUR,https://www.ryanair.com/pl/pl/trip/flights/select?adults=1&dateOut=2026-12-06&originIata=CRL&destinationIata=WAW&isReturn=false
2026-12-06,07:25,AGP,WAW,53.99,EUR,https://www.ryanair.com/pl/pl/trip/flights/select?adults=1&dateOut=2026-12-06&originIata=AGP&destinationIata=WAW&isReturn=false
2026-12-06,10:00,BLQ,WAW,73.99,EUR,https://www.ryanair.com/pl/pl/trip/flights/select?adults=1&dateOut=2026-12-06&originIata=BLQ&destinationIata=WAW&isReturn=false
2026-12-06,15:40,BRI,WAW,81.99,EUR,https://www.ryanair.com/pl/pl/trip/flights/select?adults=1&dateOut=2026-12-06&originIata=BRI&destinationIata=WAW&isReturn=false
2026-12-06,12:35,WAW,BLQ,87.0,PLN,https://www.ryanair.com/pl/pl/trip/flights/select?adults=1&dateOut=2026-12-06&originIata=WAW&destinationIata=BLQ&isReturn=false
2026-12-06,06:55,SVQ,WAW,107.99,EUR,https://www.ryanair.com/pl/pl/trip/flights/select?adults=1&dateOut=2026-12-06&originIata=SVQ&destinationIata=WAW&isReturn=false
2026-12-06,09:55,WAW,LBA,126.97,PLN,https://www.ryanair.com/pl/pl/trip/flights/select?adults=1&dateOut=2026-12-06&originIata=WAW&destinationIata=LBA&isReturn=false
2026-12-06,11:40,WAW,AGP,130.0,PLN,https://www.ryanair.com/pl/pl/trip/flights/select?adults=1&dateOut=2026-12-06&originIata=WAW&destinationIata=AGP&isReturn=false
2026-12-06,11:10,WAW,SVQ,144.33,PLN,https://www.ryanair.com/pl/pl/trip/flights/select?adults=1&dateOut=2026-12-06&originIata=WAW&destinationIata=SVQ&isReturn=false
2026-12-06,08:05,NAP,WAW,156.99,EUR,https://www.ryanair.com/pl/pl/trip/flights/select?adults=1&dateOut=2026-12-06&originIata=NAP&destinationIata=WAW&isReturn=false
2026-12-06,11:10,WAW,NAP,302.36,PLN,https://www.ryanair.com/pl/pl/trip/flights/select?adults=1&dateOut=2026-12-06&originIata=WAW&destinationIata=NAP&isReturn=false
2026-12-06,18:50,WAW,CRL,352.84,PLN,https://www.ryanair.com/pl/pl/trip/flights/select?adults=1&dateOut=2026-12-06&originIata=WAW&destinationIata=CRL&isReturn=false
2026-12-06,18:25,WAW,BRI,375.8,PLN,https://www.ryanair.com/pl/pl/trip/flights/select?adults=1&dateOut=2026-12-06&originIata=WAW&destinationIata=BRI&isReturn=false
2026-12-07,06:15,VCE,WAW,16.99,EUR,https://www.ryanair.com/pl/pl/trip/flights/select?adults=1&dateOut=2026-12-07&originIata=VCE&destinationIata=WAW&isReturn=false
2026-12-07,17:05,LPL,WAW,17.22,GBP,https://www.ryanair.com/pl/pl/trip/flights/select?adults=1&dateOut=2026-12-07&originIata=LPL&destinationIata=WAW&isReturn=false
2026-12-07,18:25,CRL,WAW,21.99,EUR,https://www.ryanair.com/pl/pl/trip/flights/select?adults=1&dateOut=2026-12-07&originIata=CRL&destinationIata=WAW&isReturn=false
2026-12-07,16:10,BLQ,WAW,33.99,EUR,https://www.ryanair.com/pl/pl/trip/flights/select?adults=1&dateOut=2026-12-07&originIata=BLQ&destinationIata=WAW&isReturn=false
2026-12-07,06:00,NAP,WAW,35.13,EUR,https://www.ryanair.com/pl/pl/trip/flights/select?adults=1&dateOut=2026-12-07&originIata=NAP&destinationIata=WAW&isReturn=false
2026-12-07,07:15,AGP,WAW,52.09,EUR,https://www.ryanair.com/pl/pl/trip/flights/select?adults=1&dateOut=2026-12-07&originIata=AGP&destinationIata=WAW&isReturn=false
2026-12-07,08:50,WAW,VCE,131.35,PLN,https://www.ryanair.com/pl/pl/trip/flights/select?adults=1&dateOut=2026-12-07&originIata=WAW&destinationIata=VCE&isReturn=false
2026-12-07,21:15,WAW,LPL,151.87,PLN,https://www.ryanair.com/pl/pl/trip/flights/select?adults=1&dateOut=2026-12-07&originIata=WAW&destinationIata=LPL&isReturn=false
2026-12-07,20:50,WAW,CRL,153.25,PLN,https://www.ryanair.com/pl/pl/trip/flights/select?adults=1&dateOut=2026-12-07&originIata=WAW&destinationIata=CRL&isReturn=false
2026-12-07,08:55,WAW,NAP,188.29,PLN,https://www.ryanair.com/pl/pl/trip/flights/select?adults=1&dateOut=2026-12-07&originIata=WAW&destinationIata=NAP&isReturn=false
2026-12-07,19:35,WAW,BLQ,330.34,PLN,https://www.ryanair.com/pl/pl/trip/flights/select?adults=1&dateOut=2026-12-07&originIata=WAW&destinationIata=BLQ&isReturn=false
2026-12-07,12:30,WAW,AGP,433.57,PLN,https://www.ryanair.com/pl/pl/trip/flights/select?adults=1&dateOut=2026-12-07&originIata=WAW&destinationIata=AGP&isReturn=false
2026-12-08,08:05,NAP,WAW,40.54,EUR,https://www.ryanair.com/pl/pl/trip/flights/select?adults=1&dateOut=2026-12-08&originIata=NAP&destinationIata=WAW&isReturn=false
2026-12-08,16:30,AGP,WAW,42.57,EUR,https://www.ryanair.com/pl/pl/trip/flights/select?adults=1&dateOut=2026-12-08&originIata=AGP&destinationIata=WAW&isReturn=false
2026-12-08,11:00,WAW,NAP,502.91,PLN,https://www.ryanair.com/pl/pl/trip/flights/select?adults=1&dateOut=2026-12-08&originIata=WAW&destinationIata=NAP&isReturn=false
2026-12-08,20:50,WAW,AGP,1108.07,PLN,https://www.ryanair.com/pl/pl/trip/flights/select?adults=1&dateOut=2026-12-08&originIata=WAW&destinationIata=AGP&isReturn=false
2026-12-09,06:15,VCE,WAW,16.99,EUR,https://www.ryanair.com/pl/pl/trip/flights/select?adults=1&dateOut=2026-12-09&originIata=VCE&destinationIata=WAW&isReturn=false
2026-12-09,08:15,NAP,WAW,27.61,EUR,https://www.ryanair.com/pl/pl/trip/flights/select?adults=1&dateOut=2026-12-09&originIata=NAP&destinationIata=WAW&isReturn=false
2026-12-09,06:50,SVQ,WAW,34.67,EUR,https://www.ryanair.com/pl/pl/trip/flights/select?adults=1&dateOut=2026-12-09&originIata=SVQ&destinationIata=WAW&isReturn=false
2026-12-09,14:25,AGP,WAW,36.07,EUR,https://www.ryanair.com/pl/pl/trip/flights/select?adults=1&dateOut=2026-12-09&originIata=AGP&destinationIata=WAW&isReturn=false
2026-12-09,06:55,BRI,WAW,44.24,EUR,https://www.ryanair.com/pl/pl/trip/flights/select?adults=1&dateOut=2026-12-09&originIata=BRI&destinationIata=WAW&isReturn=false
2026-12-09,08:40,WAW,VCE,179.53,PLN,https://www.ryanair.com/pl/pl/trip/flights/select?adults=1&dateOut=2026-12-09&originIata=WAW&destinationIata=VCE&isReturn=false
2026-12-09,11:20,WAW,SVQ,320.23,PLN,https://www.ryanair.com/pl/pl/trip/flights/select?adults=1&dateOut=2026-12-09&originIata=WAW&destinationIata=SVQ&isReturn=false
2026-12-09,09:45,WAW,BRI,332.83,PLN,https://www.ryanair.com/pl/pl/trip/flights/select?adults=1&dateOut=2026-12-09&originIata=WAW&destinationIata=BRI&isReturn=false
2026-12-09,12:00,WAW,NAP,372.03,PLN,https://www.ryanair.com/pl/pl/trip/flights/select?adults=1&dateOut=2026-12-09&originIata=WAW&destinationIata=NAP&isReturn=false
2026-12-09,19:35,WAW,AGP,384.21,PLN,https://www.ryanair.com/pl/pl/trip/flights/select?adults=1&dateOut=2026-12-09&originIata=WAW&destinationIata=AGP&isReturn=false
2026-12-10,15:15,CRL,WAW,22.46,EUR,https://www.ryanair.com/pl/pl/trip/flights/select?adults=1&dateOut=2026-12-10&originIata=CRL&destinationIata=WAW&isReturn=false
2026-12-10,16:30,LBA,WAW,42.99,GBP,https://www.ryanair.com/pl/pl/trip/flights/select?adults=1&dateOut=2026-12-10&originIata=LBA&destinationIata=WAW&isReturn=false
2026-12-10,06:45,AGP,WAW,43.99,EUR,https://www.ryanair.com/pl/pl/trip/flights/select?adults=1&dateOut=2026-12-10&originIata=AGP&destinationIata=WAW&isReturn=false
2026-12-10,18:40,WAW,CRL,97.32,PLN,https://www.ryanair.com/pl/pl/trip/flights/select?adults=1&dateOut=2026-12-10&originIata=WAW&destinationIata=CRL&isReturn=false
2026-12-10,20:40,WAW,LBA,166.39,PLN,https://www.ryanair.com/pl/pl/trip/flights/select?adults=1&dateOut=2026-12-10&originIata=WAW&destinationIata=LBA&isReturn=false
2026-12-10,11:10,WAW,AGP,193.72,PLN,https://www.ryanair.com/pl/pl/trip/flights/select?adults=1&dateOut=2026-12-10&originIata=WAW&destinationIata=AGP&isReturn=false
2026-12-11,06:05,VCE,WAW,19.99,EUR,https://www.ryanair.com/pl/pl/trip/flights/select?adults=1&dateOut=2026-12-11&originIata=VCE&destinationIata=WAW&isReturn=false
2026-12-11,17:45,CRL,WAW,29.58,EUR,https://www.ryanair.com/pl/pl/trip/flights/select?adults=1&dateOut=2026-12-11&originIata=CRL&destinationIata=WAW&isReturn=false
2026-12-11,16:10,AGP,WAW,29.99,EUR,https://www.ryanair.com/pl/pl/trip/flights/select?adults=1&dateOut=2026-12-11&originIata=AGP&destinationIata=WAW&isReturn=false
2026-12-11,15:50,BLQ,WAW,55.4,EUR,https://www.ryanair.com/pl/pl/trip/flights/select?adults=1&dateOut=2026-12-11&originIata=BLQ&destinationIata=WAW&isReturn=false
2026-12-11,08:30,WAW,VCE,74.0,PLN,https://www.ryanair.com/pl/pl/trip/flights/select?adults=1&dateOut=2026-12-11&originIata=WAW&destinationIata=VCE&isReturn=false
2026-12-11,06:40,NAP,WAW,75.99,EUR,https://www.ryanair.com/pl/pl/trip/flights/select?adults=1&dateOut=2026-12-11&originIata=NAP&destinationIata=WAW&isReturn=false
2026-12-11,06:00,BRI,WAW,94.84,EUR,https://www.ryanair.com/pl/pl/trip/flights/select?adults=1&dateOut=2026-12-11&originIata=BRI&destinationIata=WAW&isReturn=false
2026-12-11,20:10,WAW,CRL,95.0,PLN,https://www.ryanair.com/pl/pl/trip/flights/select?adults=1&dateOut=2026-12-11&originIata=WAW&destinationIata=CRL&isReturn=false
2026-12-11,20:25,WAW,AGP,130.0,PLN,https://www.ryanair.com/pl/pl/trip/flights/select?adults=1&dateOut=2026-12-11&originIata=WAW&destinationIata=AGP&isReturn=false
2026-12-11,18:20,WAW,BLQ,192.67,PLN,https://www.ryanair.com/pl/pl/trip/flights/select?adults=1&dateOut=2026-12-11&originIata=WAW&destinationIata=BLQ&isReturn=false
2026-12-11,09:25,WAW,NAP,246.31,PLN,https://www.ryanair.com/pl/pl/trip/flights/select?adults=1&dateOut=2026-12-11&originIata=WAW&destinationIata=NAP&isReturn=false
2026-12-11,08:45,WAW,BRI,282.23,PLN,https://www.ryanair.com/pl/pl/trip/flights/select?adults=1&dateOut=2026-12-11&originIata=WAW&destinationIata=BRI&isReturn=false
2026-12-12,06:15,TRN,WAW,17.99,EUR,https://www.ryanair.com/pl/pl/trip/flights/select?adults=1&dateOut=2026-12-12&originIata=TRN&destinationIata=WAW&isReturn=false
2026-12-12,13:45,AGP,WAW,37.99,EUR,https://www.ryanair.com/pl/pl/trip/flights/select?adults=1&dateOut=2026-12-12&originIata=AGP&destinationIata=WAW&isReturn=false
2026-12-12,13:50,LBA,WAW,42.99,GBP,https://www.ryanair.com/pl/pl/trip/flights/select?adults=1&dateOut=2026-12-12&originIata=LBA&destinationIata=WAW&isReturn=false
2026-12-12,16:20,LPL,WAW,49.74,GBP,https://www.ryanair.com/pl/pl/trip/flights/select?adults=1&dateOut=2026-12-12&originIata=LPL&destinationIata=WAW&isReturn=false
2026-12-12,07:30,CRL,WAW,51.99,EUR,https://www.ryanair.com/pl/pl/trip/flights/select?adults=1&dateOut=2026-12-12&originIata=CRL&destinationIata=WAW&isReturn=false
2026-12-12,10:05,WAW,CRL,106.69,PLN,https://www.ryanair.com/pl/pl/trip/flights/select?adults=1&dateOut=2026-12-12&originIata=WAW&destinationIata=CRL&isReturn=false
2026-12-12,20:25,WAW,LPL,148.87,PLN,https://www.ryanair.com/pl/pl/trip/flights/select?adults=1&dateOut=2026-12-12&originIata=WAW&destinationIata=LPL&isReturn=false
2026-12-12,18:40,WAW,LBA,153.25,PLN,https://www.ryanair.com/pl/pl/trip/flights/select?adults=1&dateOut=2026-12-12&originIata=WAW&destinationIata=LBA&isReturn=false
2026-12-12,18:00,WAW,AGP,157.63,PLN,https://www.ryanair.com/pl/pl/trip/flights/select?adults=1&dateOut=2026-12-12&originIata=WAW&destinationIata=AGP&isReturn=false
2026-12-12,08:55,WAW,TRN,293.41,PLN,https://www.ryanair.com/pl/pl/trip/flights/select?adults=1&dateOut=2026-12-12&originIata=WAW&destinationIata=TRN&isReturn=false
2026-12-13,10:00,BLQ,WAW,21.49,EUR,https://www.ryanair.com/pl/pl/trip/flights/select?adults=1&dateOut=2026-12-13&originIata=BLQ&destinationIata=WAW&isReturn=false
2026-12-13,16:20,CRL,WAW,25.99,EUR,https://www.ryanair.com/pl/pl/trip/flights/select?adults=1&dateOut=2026-12-13&originIata=CRL&destinationIata=WAW&isReturn=false
2026-12-13,07:25,AGP,WAW,28.99,EUR,https://www.ryanair.com/pl/pl/trip/flights/select?adults=1&dateOut=2026-12-13&originIata=AGP&destinationIata=WAW&isReturn=false
2026-12-13,06:05,LBA,WAW,31.55,GBP,https://www.ryanair.com/pl/pl/trip/flights/select?adults=1&dateOut=2026-12-13&originIata=LBA&destinationIata=WAW&isReturn=false
2026-12-13,08:05,NAP,WAW,47.2,EUR,https://www.ryanair.com/pl/pl/trip/flights/select?adults=1&dateOut=2026-12-13&originIata=NAP&destinationIata=WAW&isReturn=false
2026-12-13,06:55,SVQ,WAW,53.99,EUR,https://www.ryanair.com/pl/pl/trip/flights/select?adults=1&dateOut=2026-12-13&originIata=SVQ&destinationIata=WAW&isReturn=false
2026-12-13,15:40,BRI,WAW,64.99,EUR,https://www.ryanair.com/pl/pl/trip/flights/select?adults=1&dateOut=2026-12-13&originIata=BRI&destinationIata=WAW&isReturn=false
2026-12-13,12:35,WAW,BLQ,131.35,PLN,https://www.ryanair.com/pl/pl/trip/flights/select?adults=1&dateOut=2026-12-13&originIata=WAW&destinationIata=BLQ&isReturn=false
2026-12-13,09:55,WAW,LBA,168.77,PLN,https://www.ryanair.com/pl/pl/trip/flights/select?adults=1&dateOut=2026-12-13&originIata=WAW&destinationIata=LBA&isReturn=false
2026-12-13,18:50,WAW,CRL,172.62,PLN,https://www.ryanair.com/pl/pl/trip/flights/select?adults=1&dateOut=2026-12-13&originIata=WAW&destinationIata=CRL&isReturn=false
2026-12-13,11:10,WAW,SVQ,197.05,PLN,https://www.ryanair.com/pl/pl/trip/flights/select?adults=1&dateOut=2026-12-13&originIata=WAW&destinationIata=SVQ&isReturn=false
2026-12-13,18:25,WAW,BRI,258.37,PLN,https://www.ryanair.com/pl/pl/trip/flights/select?adults=1&dateOut=2026-12-13&originIata=WAW&destinationIata=BRI&isReturn=false
2026-12-13,11:10,WAW,NAP,258.37,PLN,https://www.ryanair.com/pl/pl/trip/flights/select?adults=1&dateOut=2026-12-13&originIata=WAW&destinationIata=NAP&isReturn=false
2026-12-13,11:40,WAW,AGP,284.65,PLN,https://www.ryanair.com/pl/pl/trip/flights/select?adults=1&dateOut=2026-12-13&originIata=WAW&destinationIata=AGP&isReturn=false
2026-12-14,16:05,VCE,WAW,16.99,EUR,https://www.ryanair.com/pl/pl/trip/flights/select?adults=1&dateOut=2026-12-14&originIata=VCE&destinationIata=WAW&isReturn=false
2026-12-14,15:15,CRL,WAW,21.99,EUR,https://www.ryanair.com/pl/pl/trip/flights/select?adults=1&dateOut=2026-12-14&originIata=CRL&destinationIata=WAW&isReturn=false
2026-12-14,07:15,AGP,WAW,29.99,EUR,https://www.ryanair.com/pl/pl/trip/flights/select?adults=1&dateOut=2026-12-14&originIata=AGP&destinationIata=WAW&isReturn=false
2026-12-14,16:10,BLQ,WAW,39.89,EUR,https://www.ryanair.com/pl/pl/trip/flights/select?adults=1&dateOut=2026-12-14&originIata=BLQ&destinationIata=WAW&isReturn=false
2026-12-14,06:00,NAP,WAW,43.99,EUR,https://www.ryanair.com/pl/pl/trip/flights/select?adults=1&dateOut=2026-12-14&originIata=NAP&destinationIata=WAW&isReturn=false
2026-12-14,17:05,LPL,WAW,47.99,GBP,https://www.ryanair.com/pl/pl/trip/flights/select?adults=1&dateOut=2026-12-14&originIata=LPL&destinationIata=WAW&isReturn=false
2026-12-14,18:55,WAW,VCE,74.0,PLN,https://www.ryanair.com/pl/pl/trip/flights/select?adults=1&dateOut=2026-12-14&originIata=WAW&destinationIata=VCE&isReturn=false
2026-12-14,19:35,WAW,BLQ,87.0,PLN,https://www.ryanair.com/pl/pl/trip/flights/select?adults=1&dateOut=2026-12-14&originIata=WAW&destinationIata=BLQ&isReturn=false
2026-12-14,21:15,WAW,LPL,91.93,PLN,https://www.ryanair.com/pl/pl/trip/flights/select?adults=1&dateOut=2026-12-14&originIata=WAW&destinationIata=LPL&isReturn=false
2026-12-14,17:50,WAW,CRL,140.11,PLN,https://www.ryanair.com/pl/pl/trip/flights/select?adults=1&dateOut=2026-12-14&originIata=WAW&destinationIata=CRL&isReturn=false
2026-12-14,12:30,WAW,AGP,178.83,PLN,https://www.ryanair.com/pl/pl/trip/flights/select?adults=1&dateOut=2026-12-14&originIata=WAW&destinationIata=AGP&isReturn=false
2026-12-14,08:55,WAW,NAP,276.49,PLN,https://www.ryanair.com/pl/pl/trip/flights/select?adults=1&dateOut=2026-12-14&originIata=WAW&destinationIata=NAP&isReturn=false
2026-12-15,16:30,AGP,WAW,34.99,EUR,https://www.ryanair.com/pl/pl/trip/flights/select?adults=1&dateOut=2026-12-15&originIata=AGP&destinationIata=WAW&isReturn=false
2026-12-15,08:05,NAP,WAW,37.99,EUR,https://www.ryanair.com/pl/pl/trip/flights/select?adults=1&dateOut=2026-12-15&originIata=NAP&destinationIata=WAW&isReturn=false
2026-12-15,11:00,WAW,NAP,205.81,PLN,https://www.ryanair.com/pl/pl/trip/flights/select?adults=1&dateOut=2026-12-15&originIata=WAW&destinationIata=NAP&isReturn=false
2026-12-15,20:50,WAW,AGP,210.19,PLN,https://www.ryanair.com/pl/pl/trip/flights/select?adults=1&dateOut=2026-12-15&originIata=WAW&destinationIata=AGP&isReturn=false
2026-12-16,06:15,VCE,WAW,16.99,EUR,https://www.ryanair.com/pl/pl/trip/flights/select?adults=1&dateOut=2026-12-16&originIata=VCE&destinationIata=WAW&isReturn=false
2026-12-16,14:25,AGP,WAW,25.99,EUR,https://www.ryanair.com/pl/pl/trip/flights/select?adults=1&dateOut=2026-12-16&originIata=AGP&destinationIata=WAW&isReturn=false
2026-12-16,06:55,BRI,WAW,39.88,EUR,https://www.ryanair.com/pl/pl/trip/flights/select?adults=1&dateOut=2026-12-16&originIata=BRI&destinationIata=WAW&isReturn=false
2026-12-16,06:50,SVQ,WAW,46.99,EUR,https://www.ryanair.com/pl/pl/trip/flights/select?adults=1&dateOut=2026-12-16&originIata=SVQ&destinationIata=WAW&isReturn=false
2026-12-16,08:15,NAP,WAW,48.13,EUR,https://www.ryanair.com/pl/pl/trip/flights/select?adults=1&dateOut=2026-12-16&originIata=NAP&destinationIata=WAW&isReturn=false
2026-12-16,08:40,WAW,VCE,70.03,PLN,https://www.ryanair.com/pl/pl/trip/flights/select?adults=1&dateOut=2026-12-16&originIata=WAW&destinationIata=VCE&isReturn=false
2026-12-16,19:35,WAW,AGP,130.0,PLN,https://www.ryanair.com/pl/pl/trip/flights/select?adults=1&dateOut=2026-12-16&originIata=WAW&destinationIata=AGP&isReturn=false
2026-12-16,09:45,WAW,BRI,131.35,PLN,https://www.ryanair.com/pl/pl/trip/flights/select?adults=1&dateOut=2026-12-16&originIata=WAW&destinationIata=BRI&isReturn=false
2026-12-16,11:20,WAW,SVQ,249.61,PLN,https://www.ryanair.com/pl/pl/trip/flights/select?adults=1&dateOut=2026-12-16&originIata=WAW&destinationIata=SVQ&isReturn=false
2026-12-16,12:00,WAW,NAP,289.03,PLN,https://www.ryanair.com/pl/pl/trip/flights/select?adults=1&dateOut=2026-12-16&originIata=WAW&destinationIata=NAP&isReturn=false
2026-12-17,06:45,AGP,WAW,29.99,EUR,https://www.ryanair.com/pl/pl/trip/flights/select?adults=1&dateOut=2026-12-17&originIata=AGP&destinationIata=WAW&isReturn=false
2026-12-17,20:40,WAW,LBA,87.0,PLN,https://www.ryanair.com/pl/pl/trip/flights/select?adults=1&dateOut=2026-12-17&originIata=WAW&destinationIata=LBA&isReturn=false
2026-12-17,18:40,WAW,CRL,95.0,PLN,https://www.ryanair.com/pl/pl/trip/flights/select?adults=1&dateOut=2026-12-17&originIata=WAW&destinationIata=CRL&isReturn=false
2026-12-17,15:15,CRL,WAW,97.45,EUR,https://www.ryanair.com/pl/pl/trip/flights/select?adults=1&dateOut=2026-12-17&originIata=CRL&destinationIata=WAW&isReturn=false
2026-12-17,16:30,LBA,WAW,121.99,GBP,https://www.ryanair.com/pl/pl/trip/flights/select?adults=1&dateOut=2026-12-17&originIata=LBA&destinationIata=WAW&isReturn=false
2026-12-17,11:10,WAW,AGP,191.75,PLN,https://www.ryanair.com/pl/pl/trip/flights/select?adults=1&dateOut=2026-12-17&originIata=WAW&destinationIata=AGP&isReturn=false
2026-12-18,06:05,VCE,WAW,19.99,EUR,https://www.ryanair.com/pl/pl/trip/flights/select?adults=1&dateOut=2026-12-18&originIata=VCE&destinationIata=WAW&isReturn=false
2026-12-18,06:45,AGP,WAW,33.99,EUR,https://www.ryanair.com/pl/pl/trip/flights/select?adults=1&dateOut=2026-12-18&originIata=AGP&destinationIata=WAW&isReturn=false
2026-12-18,15:50,BLQ,WAW,50.52,EUR,https://www.ryanair.com/pl/pl/trip/flights/select?adults=1&dateOut=2026-12-18&originIata=BLQ&destinationIata=WAW&isReturn=false
2026-12-18,06:00,BRI,WAW,65.79,EUR,https://www.ryanair.com/pl/pl/trip/flights/select?adults=1&dateOut=2026-12-18&originIata=BRI&destinationIata=WAW&isReturn=false
2026-12-18,06:40,NAP,WAW,71.99,EUR,https://www.ryanair.com/pl/pl/trip/flights/select?adults=1&dateOut=2026-12-18&originIata=NAP&destinationIata=WAW&isReturn=false
2026-12-18,18:20,WAW,BLQ,99.44,PLN,https://www.ryanair.com/pl/pl/trip/flights/select?adults=1&dateOut=2026-12-18&originIata=WAW&destinationIata=BLQ&isReturn=false
2026-12-18,20:10,WAW,CRL,109.45,PLN,https://www.ryanair.com/pl/pl/trip/flights/select?adults=1&dateOut=2026-12-18&originIata=WAW&destinationIata=CRL&isReturn=false
2026-12-18,08:30,WAW,VCE,132.18,PLN,https://www.ryanair.com/pl/pl/trip/flights/select?adults=1&dateOut=2026-12-18&originIata=WAW&destinationIata=VCE&isReturn=false
2026-12-18,11:40,WAW,AGP,204.32,PLN,https://www.ryanair.com/pl/pl/trip/flights/select?adults=1&dateOut=2026-12-18&originIata=WAW&destinationIata=AGP&isReturn=false
2026-12-18,09:25,WAW,NAP,232.09,PLN,https://www.ryanair.com/pl/pl/trip/flights/select?adults=1&dateOut=2026-12-18&originIata=WAW&destinationIata=NAP&isReturn=false
2026-12-18,17:45,CRL,WAW,432.99,EUR,https://www.ryanair.com/pl/pl/trip/flights/select?adults=1&dateOut=2026-12-18&originIata=CRL&destinationIata=WAW&isReturn=false
2026-12-18,08:45,WAW,BRI,753.3,PLN,https://www.ryanair.com/pl/pl/trip/flights/select?adults=1&dateOut=2026-12-18&originIata=WAW&destinationIata=BRI&isReturn=false
2026-12-19,13:45,AGP,WAW,37.99,EUR,https://www.ryanair.com/pl/pl/trip/flights/select?adults=1&dateOut=2026-12-19&originIata=AGP&destinationIata=WAW&isReturn=false
2026-12-19,06:15,TRN,WAW,58.04,EUR,https://www.ryanair.com/pl/pl/trip/flights/select?adults=1&dateOut=2026-12-19&originIata=TRN&destinationIata=WAW&isReturn=false
2026-12-19,08:55,WAW,TRN,87.55,PLN,https://www.ryanair.com/pl/pl/trip/flights/select?adults=1&dateOut=2026-12-19&originIata=WAW&destinationIata=TRN&isReturn=false
2026-12-19,10:05,WAW,CRL,109.45,PLN,https://www.ryanair.com/pl/pl/trip/flights/select?adults=1&dateOut=2026-12-19&originIata=WAW&destinationIata=CRL&isReturn=false
2026-12-19,18:40,WAW,LBA,141.15,PLN,https://www.ryanair.com/pl/pl/trip/flights/select?adults=1&dateOut=2026-12-19&originIata=WAW&destinationIata=LBA&isReturn=false
2026-12-19,07:30,CRL,WAW,153.06,EUR,https://www.ryanair.com/pl/pl/trip/flights/select?adults=1&dateOut=2026-12-19&originIata=CRL&destinationIata=WAW&isReturn=false
2026-12-19,13:50,LBA,WAW,183.99,GBP,https://www.ryanair.com/pl/pl/trip/flights/select?adults=1&dateOut=2026-12-19&originIata=LBA&destinationIata=WAW&isReturn=false
2026-12-19,18:00,WAW,AGP,197.05,PLN,https://www.ryanair.com/pl/pl/trip/flights/select?adults=1&dateOut=2026-12-19&originIata=WAW&destinationIata=AGP&isReturn=false
2026-12-19,16:20,LPL,WAW,213.74,GBP,https://www.ryanair.com/pl/pl/trip/flights/select?adults=1&dateOut=2026-12-19&originIata=LPL&destinationIata=WAW&isReturn=false
2026-12-19,20:25,WAW,LPL,240.85,PLN,https://www.ryanair.com/pl/pl/trip/flights/select?adults=1&dateOut=2026-12-19&originIata=WAW&destinationIata=LPL&isReturn=false
2026-12-20,07:25,AGP,WAW,27.99,EUR,https://www.ryanair.com/pl/pl/trip/flights/select?adults=1&dateOut=2026-12-20&originIata=AGP&destinationIata=WAW&isReturn=false
2026-12-20,10:00,BLQ,WAW,44.99,EUR,https://www.ryanair.com/pl/pl/trip/flights/select?adults=1&dateOut=2026-12-20&originIata=BLQ&destinationIata=WAW&isReturn=false
2026-12-20,08:05,NAP,WAW,61.67,EUR,https://www.ryanair.com/pl/pl/trip/flights/select?adults=1&dateOut=2026-12-20&originIata=NAP&destinationIata=WAW&isReturn=false
2026-12-20,06:55,SVQ,WAW,73.69,EUR,https://www.ryanair.com/pl/pl/trip/flights/select?adults=1&dateOut=2026-12-20&originIata=SVQ&destinationIata=WAW&isReturn=false
2026-12-20,12:35,WAW,BLQ,107.15,PLN,https://www.ryanair.com/pl/pl/trip/flights/select?adults=1&dateOut=2026-12-20&originIata=WAW&destinationIata=BLQ&isReturn=false
2026-12-20,16:20,CRL,WAW,108.99,EUR,https://www.ryanair.com/pl/pl/trip/flights/select?adults=1&dateOut=2026-12-20&originIata=CRL&destinationIata=WAW&isReturn=false
2026-12-20,15:40,BRI,WAW,110.24,EUR,https://www.ryanair.com/pl/pl/trip/flights/select?adults=1&dateOut=2026-12-20&originIata=BRI&destinationIata=WAW&isReturn=false
2026-12-20,09:55,WAW,LBA,122.59,PLN,https://www.ryanair.com/pl/pl/trip/flights/select?adults=1&dateOut=2026-12-20&originIata=WAW&destinationIata=LBA&isReturn=false
2026-12-20,18:50,WAW,CRL,128.26,PLN,https://www.ryanair.com/pl/pl/trip/flights/select?adults=1&dateOut=2026-12-20&originIata=WAW&destinationIata=CRL&isReturn=false
2026-12-20,06:05,LBA,WAW,157.99,GBP,https://www.ryanair.com/pl/pl/trip/flights/select?adults=1&dateOut=2026-12-20&originIata=LBA&destinationIata=WAW&isReturn=false
2026-12-20,11:10,WAW,NAP,232.09,PLN,https://www.ryanair.com/pl/pl/trip/flights/select?adults=1&dateOut=2026-12-20&originIata=WAW&destinationIata=NAP&isReturn=false
2026-12-20,11:10,WAW,SVQ,232.71,PLN,https://www.ryanair.com/pl/pl/trip/flights/select?adults=1&dateOut=2026-12-20&originIata=WAW&destinationIata=SVQ&isReturn=false
2026-12-20,18:25,WAW,BRI,280.28,PLN,https://www.ryanair.com/pl/pl/trip/flights/select?adults=1&dateOut=2026-12-20&originIata=WAW&destinationIata=BRI&isReturn=false
2026-12-20,11:40,WAW,AGP,337.21,PLN,https://www.ryanair.com/pl/pl/trip/flights/select?adults=1&dateOut=2026-12-20&originIata=WAW&destinationIata=AGP&isReturn=false
2026-12-21,07:15,AGP,WAW,19.99,EUR,https://www.ryanair.com/pl/pl/trip/flights/select?adults=1&dateOut=2026-12-21&originIata=AGP&destinationIata=WAW&isReturn=false
2026-12-21,16:05,VCE,WAW,27.99,EUR,https://www.ryanair.com/pl/pl/trip/flights/select?adults=1&dateOut=2026-12-21&originIata=VCE&destinationIata=WAW&isReturn=false
2026-12-21,06:00,NAP,WAW,34.32,EUR,https://www.ryanair.com/pl/pl/trip/flights/select?adults=1&dateOut=2026-12-21&originIata=NAP&destinationIata=WAW&isReturn=false
2026-12-21,16:10,BLQ,WAW,43.99,EUR,https://www.ryanair.com/pl/pl/trip/flights/select?adults=1&dateOut=2026-12-21&originIata=BLQ&destinationIata=WAW&isReturn=false
2026-12-21,19:35,WAW,BLQ,107.15,PLN,https://www.ryanair.com/pl/pl/trip/flights/select?adults=1&dateOut=2026-12-21&originIata=WAW&destinationIata=BLQ&isReturn=false
2026-12-21,18:25,CRL,WAW,111.32,EUR,https://www.ryanair.com/pl/pl/trip/flights/select?adults=1&dateOut=2026-12-21&originIata=CRL&destinationIata=WAW&isReturn=false
2026-12-21,17:05,LPL,WAW,120.99,GBP,https://www.ryanair.com/pl/pl/trip/flights/select?adults=1&dateOut=2026-12-21&originIata=LPL&destinationIata=WAW&isReturn=false
2026-12-21,17:50,WAW,CRL,153.25,PLN,https://www.ryanair.com/pl/pl/trip/flights/select?adults=1&dateOut=2026-12-21&originIata=WAW&destinationIata=CRL&isReturn=false
2026-12-21,08:50,WAW,VCE,162.01,PLN,https://www.ryanair.com/pl/pl/trip/flights/select?adults=1&dateOut=2026-12-21&originIata=WAW&destinationIata=VCE&isReturn=false
2026-12-21,21:15,WAW,LPL,236.05,PLN,https://www.ryanair.com/pl/pl/trip/flights/select?adults=1&dateOut=2026-12-21&originIata=WAW&destinationIata=LPL&isReturn=false
2026-12-21,12:30,WAW,AGP,297.2,PLN,https://www.ryanair.com/pl/pl/trip/flights/select?adults=1&dateOut=2026-12-21&originIata=WAW&destinationIata=AGP&isReturn=false
2026-12-21,08:55,WAW,NAP,310.94,PLN,https://www.ryanair.com/pl/pl/trip/flights/select?adults=1&dateOut=2026-12-21&originIata=WAW&destinationIata=NAP&isReturn=false
2026-12-22,08:05,NAP,WAW,28.4,EUR,https://www.ryanair.com/pl/pl/trip/flights/select?adults=1&dateOut=2026-12-22&originIata=NAP&destinationIata=WAW&isReturn=false
2026-12-22,16:30,AGP,WAW,47.89,EUR,https://www.ryanair.com/pl/pl/trip/flights/select?adults=1&dateOut=2026-12-22&originIata=AGP&destinationIata=WAW&isReturn=false
2026-12-22,11:00,WAW,NAP,209.94,PLN,https://www.ryanair.com/pl/pl/trip/flights/select?adults=1&dateOut=2026-12-22&originIata=WAW&destinationIata=NAP&isReturn=false
2026-12-22,20:50,WAW,AGP,337.27,PLN,https://www.ryanair.com/pl/pl/trip/flights/select?adults=1&dateOut=2026-12-22&originIata=WAW&destinationIata=AGP&isReturn=false
2026-12-23,06:50,SVQ,WAW,34.01,EUR,https://www.ryanair.com/pl/pl/trip/flights/select?adults=1&dateOut=2026-12-23&originIata=SVQ&destinationIata=WAW&isReturn=false
2026-12-23,06:15,VCE,WAW,36.99,EUR,https://www.ryanair.com/pl/pl/trip/flights/select?adults=1&dateOut=2026-12-23&originIata=VCE&destinationIata=WAW&isReturn=false
2026-12-23,14:25,AGP,WAW,44.47,EUR,https://www.ryanair.com/pl/pl/trip/flights/select?adults=1&dateOut=2026-12-23&originIata=AGP&destinationIata=WAW&isReturn=false
2026-12-23,06:55,BRI,WAW,44.99,EUR,https://www.ryanair.com/pl/pl/trip/flights/select?adults=1&dateOut=2026-12-23&originIata=BRI&destinationIata=WAW&isReturn=false
2026-12-23,08:15,NAP,WAW,83.16,EUR,https://www.ryanair.com/pl/pl/trip/flights/select?adults=1&dateOut=2026-12-23&originIata=NAP&destinationIata=WAW&isReturn=false
2026-12-23,08:40,WAW,VCE,96.88,PLN,https://www.ryanair.com/pl/pl/trip/flights/select?adults=1&dateOut=2026-12-23&originIata=WAW&destinationIata=VCE&isReturn=false
2026-12-23,09:45,WAW,BRI,337.21,PLN,https://www.ryanair.com/pl/pl/trip/flights/select?adults=1&dateOut=2026-12-23&originIata=WAW&destinationIata=BRI&isReturn=false
2026-12-23,11:20,WAW,SVQ,439.23,PLN,https://www.ryanair.com/pl/pl/trip/flights/select?adults=1&dateOut=2026-12-23&originIata=WAW&destinationIata=SVQ&isReturn=false
2026-12-23,12:00,WAW,NAP,464.25,PLN,https://www.ryanair.com/pl/pl/trip/flights/select?adults=1&dateOut=2026-12-23&originIata=WAW&destinationIata=NAP&isReturn=false
2026-12-23,19:35,WAW,AGP,487.78,PLN,https://www.ryanair.com/pl/pl/trip/flights/select?adults=1&dateOut=2026-12-23&originIata=WAW&destinationIata=AGP&isReturn=false
2026-12-24,06:45,AGP,WAW,25.99,EUR,https://www.ryanair.com/pl/pl/trip/flights/select?adults=1&dateOut=2026-12-24&originIata=AGP&destinationIata=WAW&isReturn=false
2026-12-24,11:10,WAW,AGP,512.4,PLN,https://www.ryanair.com/pl/pl/trip/flights/select?adults=1&dateOut=2026-12-24&originIata=WAW&destinationIata=AGP&isReturn=false
2026-12-26,06:15,TRN,WAW,35.07,EUR,https://www.ryanair.com/pl/pl/trip/flights/select?adults=1&dateOut=2026-12-26&originIata=TRN&destinationIata=WAW&isReturn=false
2026-12-26,13:45,AGP,WAW,44.47,EUR,https://www.ryanair.com/pl/pl/trip/flights/select?adults=1&dateOut=2026-12-26&originIata=AGP&destinationIata=WAW&isReturn=false
2026-12-26,13:50,LBA,WAW,59.99,GBP,https://www.ryanair.com/pl/pl/trip/flights/select?adults=1&dateOut=2026-12-26&originIata=LBA&destinationIata=WAW&isReturn=false
2026-12-26,07:30,CRL,WAW,66.57,EUR,https://www.ryanair.com/pl/pl/trip/flights/select?adults=1&dateOut=2026-12-26&originIata=CRL&destinationIata=WAW&isReturn=false
2026-12-26,16:20,LPL,WAW,85.99,GBP,https://www.ryanair.com/pl/pl/trip/flights/select?adults=1&dateOut=2026-12-26&originIata=LPL&destinationIata=WAW&isReturn=false
2026-12-26,08:55,WAW,TRN,214.58,PLN,https://www.ryanair.com/pl/pl/trip/flights/select?adults=1&dateOut=2026-12-26&originIata=WAW&destinationIata=TRN&isReturn=false
2026-12-26,18:40,WAW,LBA,222.23,PLN,https://www.ryanair.com/pl/pl/trip/flights/select?adults=1&dateOut=2026-12-26&originIata=WAW&destinationIata=LBA&isReturn=false
2026-12-26,20:25,WAW,LPL,267.26,PLN,https://www.ryanair.com/pl/pl/trip/flights/select?adults=1&dateOut=2026-12-26&originIata=WAW&destinationIata=LPL&isReturn=false
2026-12-26,10:05,WAW,CRL,372.25,PLN,https://www.ryanair.com/pl/pl/trip/flights/select?adults=1&dateOut=2026-12-26&originIata=WAW&destinationIata=CRL&isReturn=false
2026-12-26,18:00,WAW,AGP,637.36,PLN,https://www.ryanair.com/pl/pl/trip/flights/select?adults=1&dateOut=2026-12-26&originIata=WAW&destinationIata=AGP&isReturn=false
2026-12-27,07:25,AGP,WAW,37.04,EUR,https://www.ryanair.com/pl/pl/trip/flights/select?adults=1&dateOut=2026-12-27&originIata=AGP&destinationIata=WAW&isReturn=false
2026-12-27,06:55,SVQ,WAW,49.24,EUR,https://www.ryanair.com/pl/pl/trip/flights/select?adults=1&dateOut=2026-12-27&originIata=SVQ&destinationIata=WAW&isReturn=false
2026-12-27,10:00,BLQ,WAW,50.01,EUR,https://www.ryanair.com/pl/pl/trip/flights/select?adults=1&dateOut=2026-12-27&originIata=BLQ&destinationIata=WAW&isReturn=false
2026-12-27,16:20,CRL,WAW,51.99,EUR,https://www.ryanair.com/pl/pl/trip/flights/select?adults=1&dateOut=2026-12-27&originIata=CRL&destinationIata=WAW&isReturn=false
2026-12-27,06:05,LBA,WAW,53.99,GBP,https://www.ryanair.com/pl/pl/trip/flights/select?adults=1&dateOut=2026-12-27&originIata=LBA&destinationIata=WAW&isReturn=false
2026-12-27,08:05,NAP,WAW,86.52,EUR,https://www.ryanair.com/pl/pl/trip/flights/select?adults=1&dateOut=2026-12-27&originIata=NAP&destinationIata=WAW&isReturn=false
2026-12-27,15:40,BRI,WAW,218.99,EUR,https://www.ryanair.com/pl/pl/trip/flights/select?adults=1&dateOut=2026-12-27&originIata=BRI&destinationIata=WAW&isReturn=false
2026-12-27,09:55,WAW,LBA,345.98,PLN,https://www.ryanair.com/pl/pl/trip/flights/select?adults=1&dateOut=2026-12-27&originIata=WAW&destinationIata=LBA&isReturn=false
2026-12-27,12:35,WAW,BLQ,367.87,PLN,https://www.ryanair.com/pl/pl/trip/flights/select?adults=1&dateOut=2026-12-27&originIata=WAW&destinationIata=BLQ&isReturn=false
2026-12-27,18:50,WAW,CRL,407.31,PLN,https://www.ryanair.com/pl/pl/trip/flights/select?adults=1&dateOut=2026-12-27&originIata=WAW&destinationIata=CRL&isReturn=false
2026-12-27,11:10,WAW,SVQ,532.61,PLN,https://www.ryanair.com/pl/pl/trip/flights/select?adults=1&dateOut=2026-12-27&originIata=WAW&destinationIata=SVQ&isReturn=false
2026-12-27,18:25,WAW,BRI,543.09,PLN,https://www.ryanair.com/pl/pl/trip/flights/select?adults=1&dateOut=2026-12-27&originIata=WAW&destinationIata=BRI&isReturn=false
2026-12-27,11:10,WAW,NAP,640.9,PLN,https://www.ryanair.com/pl/pl/trip/flights/select?adults=1&dateOut=2026-12-27&originIata=WAW&destinationIata=NAP&isReturn=false
2026-12-27,11:40,WAW,AGP,961.75,PLN,https://www.ryanair.com/pl/pl/trip/flights/select?adults=1&dateOut=2026-12-27&originIata=WAW&destinationIata=AGP&isReturn=false
2026-12-28,16:05,VCE,WAW,27.01,EUR,https://www.ryanair.com/pl/pl/trip/flights/select?adults=1&dateOut=2026-12-28&originIata=VCE&destinationIata=WAW&isReturn=false
2026-12-28,06:00,NAP,WAW,31.99,EUR,https://www.ryanair.com/pl/pl/trip/flights/select?adults=1&dateOut=2026-12-28&originIata=NAP&destinationIata=WAW&isReturn=false
2026-12-28,18:25,CRL,WAW,38.6,EUR,https://www.ryanair.com/pl/pl/trip/flights/select?adults=1&dateOut=2026-12-28&originIata=CRL&destinationIata=WAW&isReturn=false
2026-12-28,07:15,AGP,WAW,41.44,EUR,https://www.ryanair.com/pl/pl/trip/flights/select?adults=1&dateOut=2026-12-28&originIata=AGP&destinationIata=WAW&isReturn=false
2026-12-28,17:05,LPL,WAW,49.24,GBP,https://www.ryanair.com/pl/pl/trip/flights/select?adults=1&dateOut=2026-12-28&originIata=LPL&destinationIata=WAW&isReturn=false
2026-12-28,16:10,BLQ,WAW,55.99,EUR,https://www.ryanair.com/pl/pl/trip/flights/select?adults=1&dateOut=2026-12-28&originIata=BLQ&destinationIata=WAW&isReturn=false
2026-12-28,18:55,WAW,VCE,175.16,PLN,https://www.ryanair.com/pl/pl/trip/flights/select?adults=1&dateOut=2026-12-28&originIata=WAW&destinationIata=VCE&isReturn=false
2026-12-28,19:35,WAW,BLQ,227.77,PLN,https://www.ryanair.com/pl/pl/trip/flights/select?adults=1&dateOut=2026-12-28&originIata=WAW&destinationIata=BLQ&isReturn=false
2026-12-28,20:50,WAW,CRL,293.41,PLN,https://www.ryanair.com/pl/pl/trip/flights/select?adults=1&dateOut=2026-12-28&originIata=WAW&destinationIata=CRL&isReturn=false
2026-12-28,08:55,WAW,NAP,476.6,PLN,https://www.ryanair.com/pl/pl/trip/flights/select?adults=1&dateOut=2026-12-28&originIata=WAW&destinationIata=NAP&isReturn=false
2026-12-28,21:15,WAW,LPL,667.66,PLN,https://www.ryanair.com/pl/pl/trip/flights/select?adults=1&dateOut=2026-12-28&originIata=WAW&destinationIata=LPL&isReturn=false
2026-12-28,12:30,WAW,AGP,797.13,PLN,https://www.ryanair.com/pl/pl/trip/flights/select?adults=1&dateOut=2026-12-28&originIata=WAW&destinationIata=AGP&isReturn=false
2026-12-29,16:30,AGP,WAW,43.72,EUR,https://www.ryanair.com/pl/pl/trip/flights/select?adults=1&dateOut=2026-12-29&originIata=AGP&destinationIata=WAW&isReturn=false
2026-12-29,08:05,NAP,WAW,87.99,EUR,https://www.ryanair.com/pl/pl/trip/flights/select?adults=1&dateOut=2026-12-29&originIata=NAP&destinationIata=WAW&isReturn=false
2026-12-29,11:00,WAW,NAP,372.03,PLN,https://www.ryanair.com/pl/pl/trip/flights/select?adults=1&dateOut=2026-12-29&originIata=WAW&destinationIata=NAP&isReturn=false
2026-12-29,20:50,WAW,AGP,583.55,PLN,https://www.ryanair.com/pl/pl/trip/flights/select?adults=1&dateOut=2026-12-29&originIata=WAW&destinationIata=AGP&isReturn=false
2026-12-30,06:50,SVQ,WAW,43.99,EUR,https://www.ryanair.com/pl/pl/trip/flights/select?adults=1&dateOut=2026-12-30&originIata=SVQ&destinationIata=WAW&isReturn=false
2026-12-30,14:25,AGP,WAW,49.99,EUR,https://www.ryanair.com/pl/pl/trip/flights/select?adults=1&dateOut=2026-12-30&originIata=AGP&destinationIata=WAW&isReturn=false
2026-12-30,06:15,VCE,WAW,64.99,EUR,https://www.ryanair.com/pl/pl/trip/flights/select?adults=1&dateOut=2026-12-30&originIata=VCE&destinationIata=WAW&isReturn=false
2026-12-30,06:55,BRI,WAW,152.99,EUR,https://www.ryanair.com/pl/pl/trip/flights/select?adults=1&dateOut=2026-12-30&originIata=BRI&destinationIata=WAW&isReturn=false
2026-12-30,08:15,NAP,WAW,168.34,EUR,https://www.ryanair.com/pl/pl/trip/flights/select?adults=1&dateOut=2026-12-30&originIata=NAP&destinationIata=WAW&isReturn=false
2026-12-30,08:40,WAW,VCE,219.3,PLN,https://www.ryanair.com/pl/pl/trip/flights/select?adults=1&dateOut=2026-12-30&originIata=WAW&destinationIata=VCE&isReturn=false
2026-12-30,09:45,WAW,BRI,512.43,PLN,https://www.ryanair.com/pl/pl/trip/flights/select?adults=1&dateOut=2026-12-30&originIata=WAW&destinationIata=BRI&isReturn=false
2026-12-30,12:00,WAW,NAP,547.47,PLN,https://www.ryanair.com/pl/pl/trip/flights/select?adults=1&dateOut=2026-12-30&originIata=WAW&destinationIata=NAP&isReturn=false
2026-12-30,11:20,WAW,SVQ,547.51,PLN,https://www.ryanair.com/pl/pl/trip/flights/select?adults=1&dateOut=2026-12-30&originIata=WAW&destinationIata=SVQ&isReturn=false
2026-12-30,19:35,WAW,AGP,686.07,PLN,https://www.ryanair.com/pl/pl/trip/flights/select?adults=1&dateOut=2026-12-30&originIata=WAW&destinationIata=AGP&isReturn=false
2026-12-31,15:15,CRL,WAW,25.99,EUR,https://www.ryanair.com/pl/pl/trip/flights/select?adults=1&dateOut=2026-12-31&originIata=CRL&destinationIata=WAW&isReturn=false
2026-12-31,16:30,LBA,WAW,26.99,GBP,https://www.ryanair.com/pl/pl/trip/flights/select?adults=1&dateOut=2026-12-31&originIata=LBA&destinationIata=WAW&isReturn=false
2026-12-31,06:45,AGP,WAW,37.04,EUR,https://www.ryanair.com/pl/pl/trip/flights/select?adults=1&dateOut=2026-12-31&originIata=AGP&destinationIata=WAW&isReturn=false
2026-12-31,18:40,WAW,CRL,248.08,PLN,https://www.ryanair.com/pl/pl/trip/flights/select?adults=1&dateOut=2026-12-31&originIata=WAW&destinationIata=CRL&isReturn=false
2026-12-31,20:40,WAW,LBA,394.17,PLN,https://www.ryanair.com/pl/pl/trip/flights/select?adults=1&dateOut=2026-12-31&originIata=WAW&destinationIata=LBA&isReturn=false
2026-12-31,11:10,WAW,AGP,498.25,PLN,https://www.ryanair.com/pl/pl/trip/flights/select?adults=1&dateOut=2026-12-31&originIata=WAW&destinationIata=AGP&isReturn=false
2027-01-01,17:45,CRL,WAW,29.99,EUR,https://www.ryanair.com/pl/pl/trip/flights/select?adults=1&dateOut=2027-01-01&originIata=CRL&destinationIata=WAW&isReturn=false
2027-01-01,06:05,VCE,WAW,35.99,EUR,https://www.ryanair.com/pl/pl/trip/flights/select?adults=1&dateOut=2027-01-01&originIata=VCE&destinationIata=WAW&isReturn=false
2027-01-01,15:50,BLQ,WAW,60.99,EUR,https://www.ryanair.com/pl/pl/trip/flights/select?adults=1&dateOut=2027-01-01&originIata=BLQ&destinationIata=WAW&isReturn=false
2027-01-01,06:45,AGP,WAW,63.99,EUR,https://www.ryanair.com/pl/pl/trip/flights/select?adults=1&dateOut=2027-01-01&originIata=AGP&destinationIata=WAW&isReturn=false
2027-01-01,06:00,BRI,WAW,70.99,EUR,https://www.ryanair.com/pl/pl/trip/flights/select?adults=1&dateOut=2027-01-01&originIata=BRI&destinationIata=WAW&isReturn=false
2027-01-01,06:40,NAP,WAW,92.99,EUR,https://www.ryanair.com/pl/pl/trip/flights/select?adults=1&dateOut=2027-01-01&originIata=NAP&destinationIata=WAW&isReturn=false
2027-01-01,20:25,WAW,AGP,175.16,PLN,https://www.ryanair.com/pl/pl/trip/flights/select?adults=1&dateOut=2027-01-01&originIata=WAW&destinationIata=AGP&isReturn=false
2027-01-01,08:30,WAW,VCE,183.92,PLN,https://www.ryanair.com/pl/pl/trip/flights/select?adults=1&dateOut=2027-01-01&originIata=WAW&destinationIata=VCE&isReturn=false
2027-01-01,08:45,WAW,BRI,232.1,PLN,https://www.ryanair.com/pl/pl/trip/flights/select?adults=1&dateOut=2027-01-01&originIata=WAW&destinationIata=BRI&isReturn=false
2027-01-01,18:20,WAW,BLQ,328.46,PLN,https://www.ryanair.com/pl/pl/trip/flights/select?adults=1&dateOut=2027-01-01&originIata=WAW&destinationIata=BLQ&isReturn=false
2027-01-01,09:25,WAW,NAP,425.0,PLN,https://www.ryanair.com/pl/pl/trip/flights/select?adults=1&dateOut=2027-01-01&originIata=WAW&destinationIata=NAP&isReturn=false
2027-01-01,20:10,WAW,CRL,499.29,PLN,https://www.ryanair.com/pl/pl/trip/flights/select?adults=1&dateOut=2027-01-01&originIata=WAW&destinationIata=CRL&isReturn=false
2027-01-02,07:30,CRL,WAW,29.99,EUR,https://www.ryanair.com/pl/pl/trip/flights/select?adults=1&dateOut=2027-01-02&originIata=CRL&destinationIata=WAW&isReturn=false
2027-01-02,16:20,LPL,WAW,45.99,GBP,https://www.ryanair.com/pl/pl/trip/flights/select?adults=1&dateOut=2027-01-02&originIata=LPL&destinationIata=WAW&isReturn=false
2027-01-02,06:15,TRN,WAW,68.99,EUR,https://www.ryanair.com/pl/pl/trip/flights/select?adults=1&dateOut=2027-01-02&originIata=TRN&destinationIata=WAW&isReturn=false
2027-01-02,13:50,LBA,WAW,76.99,GBP,https://www.ryanair.com/pl/pl/trip/flights/select?adults=1&dateOut=2027-01-02&originIata=LBA&destinationIata=WAW&isReturn=false
2027-01-02,13:45,AGP,WAW,123.99,EUR,https://www.ryanair.com/pl/pl/trip/flights/select?adults=1&dateOut=2027-01-02&originIata=AGP&destinationIata=WAW&isReturn=false
2027-01-02,08:55,WAW,TRN,234.52,PLN,https://www.ryanair.com/pl/pl/trip/flights/select?adults=1&dateOut=2027-01-02&originIata=WAW&destinationIata=TRN&isReturn=false
2027-01-02,18:00,WAW,AGP,337.22,PLN,https://www.ryanair.com/pl/pl/trip/flights/select?adults=1&dateOut=2027-01-02&originIata=WAW&destinationIata=AGP&isReturn=false
2027-01-02,10:05,WAW,CRL,752.0,PLN,https://www.ryanair.com/pl/pl/trip/flights/select?adults=1&dateOut=2027-01-02&originIata=WAW&destinationIata=CRL&isReturn=false
2027-01-02,20:25,WAW,LPL,880.36,PLN,https://www.ryanair.com/pl/pl/trip/flights/select?adults=1&dateOut=2027-01-02&originIata=WAW&destinationIata=LPL&isReturn=false
2027-01-02,18:40,WAW,LBA,1217.62,PLN,https://www.ryanair.com/pl/pl/trip/flights/select?adults=1&dateOut=2027-01-02&originIata=WAW&destinationIata=LBA&isReturn=false
2027-01-03,16:20,CRL,WAW,46.89,EUR,https://www.ryanair.com/pl/pl/trip/flights/select?adults=1&dateOut=2027-01-03&originIata=CRL&destinationIata=WAW&isReturn=false
2027-01-03,06:05,LBA,WAW,55.99,GBP,https://www.ryanair.com/pl/pl/trip/flights/select?adults=1&dateOut=2027-01-03&originIata=LBA&destinationIata=WAW&isReturn=false
2027-01-03,10:00,BLQ,WAW,74.39,EUR,https://www.ryanair.com/pl/pl/trip/flights/select?adults=1&dateOut=2027-01-03&originIata=BLQ&destinationIata=WAW&isReturn=false
2027-01-03,07:25,AGP,WAW,99.44,EUR,https://www.ryanair.com/pl/pl/trip/flights/select?adults=1&dateOut=2027-01-03&originIata=AGP&destinationIata=WAW&isReturn=false
2027-01-03,06:55,SVQ,WAW,100.99,EUR,https://www.ryanair.com/pl/pl/trip/flights/select?adults=1&dateOut=2027-01-03&originIata=SVQ&destinationIata=WAW&isReturn=false
2027-01-03,15:40,BRI,WAW,138.99,EUR,https://www.ryanair.com/pl/pl/trip/flights/select?adults=1&dateOut=2027-01-03&originIata=BRI&destinationIata=WAW&isReturn=false
2027-01-03,08:05,NAP,WAW,144.54,EUR,https://www.ryanair.com/pl/pl/trip/flights/select?adults=1&dateOut=2027-01-03&originIata=NAP&destinationIata=WAW&isReturn=false
2027-01-03,11:40,WAW,AGP,310.94,PLN,https://www.ryanair.com/pl/pl/trip/flights/select?adults=1&dateOut=2027-01-03&originIata=WAW&destinationIata=AGP&isReturn=false
2027-01-03,11:10,WAW,SVQ,372.26,PLN,https://www.ryanair.com/pl/pl/trip/flights/select?adults=1&dateOut=2027-01-03&originIata=WAW&destinationIata=SVQ&isReturn=false
2027-01-03,12:35,WAW,BLQ,468.63,PLN,https://www.ryanair.com/pl/pl/trip/flights/select?adults=1&dateOut=2027-01-03&originIata=WAW&destinationIata=BLQ&isReturn=false
2027-01-03,11:10,WAW,NAP,559.12,PLN,https://www.ryanair.com/pl/pl/trip/flights/select?adults=1&dateOut=2027-01-03&originIata=WAW&destinationIata=NAP&isReturn=false
2027-01-03,18:50,WAW,CRL,677.38,PLN,https://www.ryanair.com/pl/pl/trip/flights/select?adults=1&dateOut=2027-01-03&originIata=WAW&destinationIata=CRL&isReturn=false
2027-01-03,18:25,WAW,BRI,677.56,PLN,https://www.ryanair.com/pl/pl/trip/flights/select?adults=1&dateOut=2027-01-03&originIata=WAW&destinationIata=BRI&isReturn=false
2027-01-03,09:55,WAW,LBA,1514.6,PLN,https://www.ryanair.com/pl/pl/trip/flights/select?adults=1&dateOut=2027-01-03&originIata=WAW&destinationIata=LBA&isReturn=false
2027-01-04,15:15,CRL,WAW,30.99,EUR,https://www.ryanair.com/pl/pl/trip/flights/select?adults=1&dateOut=2027-01-04&originIata=CRL&destinationIata=WAW&isReturn=false
2027-01-04,17:05,LPL,WAW,37.24,GBP,https://www.ryanair.com/pl/pl/trip/flights/select?adults=1&dateOut=2027-01-04&originIata=LPL&destinationIata=WAW&isReturn=false
2027-01-04,16:10,BLQ,WAW,44.99,EUR,https://www.ryanair.com/pl/pl/trip/flights/select?adults=1&dateOut=2027-01-04&originIata=BLQ&destinationIata=WAW&isReturn=false
2027-01-04,06:15,VCE,WAW,82.99,EUR,https://www.ryanair.com/pl/pl/trip/flights/select?adults=1&dateOut=2027-01-04&originIata=VCE&destinationIata=WAW&isReturn=false
2027-01-04,06:00,NAP,WAW,90.69,EUR,https://www.ryanair.com/pl/pl/trip/flights/select?adults=1&dateOut=2027-01-04&originIata=NAP&destinationIata=WAW&isReturn=false
2027-01-04,07:15,AGP,WAW,100.99,EUR,https://www.ryanair.com/pl/pl/trip/flights/select?adults=1&dateOut=2027-01-04&originIata=AGP&destinationIata=WAW&isReturn=false
2027-01-04,20:50,WAW,CRL,232.49,PLN,https://www.ryanair.com/pl/pl/trip/flights/select?adults=1&dateOut=2027-01-04&originIata=WAW&destinationIata=CRL&isReturn=false
2027-01-04,12:30,WAW,AGP,245.23,PLN,https://www.ryanair.com/pl/pl/trip/flights/select?adults=1&dateOut=2027-01-04&originIata=WAW&destinationIata=AGP&isReturn=false
2027-01-04,08:50,WAW,VCE,319.38,PLN,https://www.ryanair.com/pl/pl/trip/flights/select?adults=1&dateOut=2027-01-04&originIata=WAW&destinationIata=VCE&isReturn=false
2027-01-04,19:35,WAW,BLQ,350.35,PLN,https://www.ryanair.com/pl/pl/trip/flights/select?adults=1&dateOut=2027-01-04&originIata=WAW&destinationIata=BLQ&isReturn=false
2027-01-04,08:55,WAW,NAP,425.0,PLN,https://www.ryanair.com/pl/pl/trip/flights/select?adults=1&dateOut=2027-01-04&originIata=WAW&destinationIata=NAP&isReturn=false
2027-01-04,21:15,WAW,LPL,568.75,PLN,https://www.ryanair.com/pl/pl/trip/flights/select?adults=1&dateOut=2027-01-04&originIata=WAW&destinationIata=LPL&isReturn=false
2027-01-05,08:05,NAP,WAW,42.99,EUR,https://www.ryanair.com/pl/pl/trip/flights/select?adults=1&dateOut=2027-01-05&originIata=NAP&destinationIata=WAW&isReturn=false
2027-01-05,16:30,AGP,WAW,111.99,EUR,https://www.ryanair.com/pl/pl/trip/flights/select?adults=1&dateOut=2027-01-05&originIata=AGP&destinationIata=WAW&isReturn=false
2027-01-05,11:00,WAW,NAP,200.96,PLN,https://www.ryanair.com/pl/pl/trip/flights/select?adults=1&dateOut=2027-01-05&originIata=WAW&destinationIata=NAP&isReturn=false
2027-01-05,20:50,WAW,AGP,245.71,PLN,https://www.ryanair.com/pl/pl/trip/flights/select?adults=1&dateOut=2027-01-05&originIata=WAW&destinationIata=AGP&isReturn=false
2027-01-06,08:15,NAP,WAW,38.99,EUR,https://www.ryanair.com/pl/pl/trip/flights/select?adults=1&dateOut=2027-01-06&originIata=NAP&destinationIata=WAW&isReturn=false
2027-01-06,06:55,BRI,WAW,53.99,EUR,https://www.ryanair.com/pl/pl/trip/flights/select?adults=1&dateOut=2027-01-06&originIata=BRI&destinationIata=WAW&isReturn=false
2027-01-06,06:15,VCE,WAW,73.99,EUR,https://www.ryanair.com/pl/pl/trip/flights/select?adults=1&dateOut=2027-01-06&originIata=VCE&destinationIata=WAW&isReturn=false
2027-01-06,06:50,SVQ,WAW,87.99,EUR,https://www.ryanair.com/pl/pl/trip/flights/select?adults=1&dateOut=2027-01-06&originIata=SVQ&destinationIata=WAW&isReturn=false
2027-01-06,14:25,AGP,WAW,167.99,EUR,https://www.ryanair.com/pl/pl/trip/flights/select?adults=1&dateOut=2027-01-06&originIata=AGP&destinationIata=WAW&isReturn=false
2027-01-06,19:35,WAW,AGP,196.0,PLN,https://www.ryanair.com/pl/pl/trip/flights/select?adults=1&dateOut=2027-01-06&originIata=WAW&destinationIata=AGP&isReturn=false
2027-01-06,11:20,WAW,SVQ,197.02,PLN,https://www.ryanair.com/pl/pl/trip/flights/select?adults=1&dateOut=2027-01-06&originIata=WAW&destinationIata=SVQ&isReturn=false
2027-01-06,12:00,WAW,NAP,227.71,PLN,https://www.ryanair.com/pl/pl/trip/flights/select?adults=1&dateOut=2027-01-06&originIata=WAW&destinationIata=NAP&isReturn=false
2027-01-06,08:40,WAW,VCE,238.0,PLN,https://www.ryanair.com/pl/pl/trip/flights/select?adults=1&dateOut=2027-01-06&originIata=WAW&destinationIata=VCE&isReturn=false
2027-01-06,09:45,WAW,BRI,358.28,PLN,https://www.ryanair.com/pl/pl/trip/flights/select?adults=1&dateOut=2027-01-06&originIata=WAW&destinationIata=BRI&isReturn=false
2027-01-07,16:30,LBA,WAW,25.99,GBP,https://www.ryanair.com/pl/pl/trip/flights/select?adults=1&dateOut=2027-01-07&originIata=LBA&destinationIata=WAW&isReturn=false
2027-01-07,15:15,CRL,WAW,30.99,EUR,https://www.ryanair.com/pl/pl/trip/flights/select?adults=1&dateOut=2027-01-07&originIata=CRL&destinationIata=WAW&isReturn=false
2027-01-07,06:45,AGP,WAW,77.94,EUR,https://www.ryanair.com/pl/pl/trip/flights/select?adults=1&dateOut=2027-01-07&originIata=AGP&destinationIata=WAW&isReturn=false
2027-01-07,18:40,WAW,CRL,132.38,PLN,https://www.ryanair.com/pl/pl/trip/flights/select?adults=1&dateOut=2027-01-07&originIata=WAW&destinationIata=CRL&isReturn=false
2027-01-07,11:10,WAW,AGP,166.0,PLN,https://www.ryanair.com/pl/pl/trip/flights/select?adults=1&dateOut=2027-01-07&originIata=WAW&destinationIata=AGP&isReturn=false
2027-01-07,20:40,WAW,LBA,255.52,PLN,https://www.ryanair.com/pl/pl/trip/flights/select?adults=1&dateOut=2027-01-07&originIata=WAW&destinationIata=LBA&isReturn=false
2027-01-08,17:45,CRL,WAW,24.99,EUR,https://www.ryanair.com/pl/pl/trip/flights/select?adults=1&dateOut=2027-01-08&originIata=CRL&destinationIata=WAW&isReturn=false
2027-01-08,15:50,BLQ,WAW,25.99,EUR,https://www.ryanair.com/pl/pl/trip/flights/select?adults=1&dateOut=2027-01-08&originIata=BLQ&destinationIata=WAW&isReturn=false
2027-01-08,06:00,BRI,WAW,29.99,EUR,https://www.ryanair.com/pl/pl/trip/flights/select?adults=1&dateOut=2027-01-08&originIata=BRI&destinationIata=WAW&isReturn=false
2027-01-08,06:05,VCE,WAW,34.99,EUR,https://www.ryanair.com/pl/pl/trip/flights/select?adults=1&dateOut=2027-01-08&originIata=VCE&destinationIata=WAW&isReturn=false
2027-01-08,06:40,NAP,WAW,35.99,EUR,https://www.ryanair.com/pl/pl/trip/flights/select?adults=1&dateOut=2027-01-08&originIata=NAP&destinationIata=WAW&isReturn=false
2027-01-08,06:45,AGP,WAW,46.99,EUR,https://www.ryanair.com/pl/pl/trip/flights/select?adults=1&dateOut=2027-01-08&originIata=AGP&destinationIata=WAW&isReturn=false
2027-01-08,20:25,WAW,AGP,96.32,PLN,https://www.ryanair.com/pl/pl/trip/flights/select?adults=1&dateOut=2027-01-08&originIata=WAW&destinationIata=AGP&isReturn=false
2027-01-08,08:45,WAW,BRI,111.0,PLN,https://www.ryanair.com/pl/pl/trip/flights/select?adults=1&dateOut=2027-01-08&originIata=WAW&destinationIata=BRI&isReturn=false
2027-01-08,18:20,WAW,BLQ,111.0,PLN,https://www.ryanair.com/pl/pl/trip/flights/select?adults=1&dateOut=2027-01-08&originIata=WAW&destinationIata=BLQ&isReturn=false
2027-01-08,09:25,WAW,NAP,153.0,PLN,https://www.ryanair.com/pl/pl/trip/flights/select?adults=1&dateOut=2027-01-08&originIata=WAW&destinationIata=NAP&isReturn=false
2027-01-08,08:30,WAW,VCE,166.4,PLN,https://www.ryanair.com/pl/pl/trip/flights/select?adults=1&dateOut=2027-01-08&originIata=WAW&destinationIata=VCE&isReturn=false
2027-01-08,20:10,WAW,CRL,262.76,PLN,https://www.ryanair.com/pl/pl/trip/flights/select?adults=1&dateOut=2027-01-08&originIata=WAW&destinationIata=CRL&isReturn=false
2027-01-09,16:20,LPL,WAW,19.99,GBP,https://www.ryanair.com/pl/pl/trip/flights/select?adults=1&dateOut=2027-01-09&originIata=LPL&destinationIata=WAW&isReturn=false
2027-01-09,07:30,CRL,WAW,25.99,EUR,https://www.ryanair.com/pl/pl/trip/flights/select?adults=1&dateOut=2027-01-09&originIata=CRL&destinationIata=WAW&isReturn=false
2027-01-09,13:50,LBA,WAW,29.99,GBP,https://www.ryanair.com/pl/pl/trip/flights/select?adults=1&dateOut=2027-01-09&originIata=LBA&destinationIata=WAW&isReturn=false
2027-01-09,06:15,TRN,WAW,33.99,EUR,https://www.ryanair.com/pl/pl/trip/flights/select?adults=1&dateOut=2027-01-09&originIata=TRN&destinationIata=WAW&isReturn=false
2027-01-09,13:45,AGP,WAW,113.94,EUR,https://www.ryanair.com/pl/pl/trip/flights/select?adults=1&dateOut=2027-01-09&originIata=AGP&destinationIata=WAW&isReturn=false
2027-01-09,18:00,WAW,AGP,170.38,PLN,https://www.ryanair.com/pl/pl/trip/flights/select?adults=1&dateOut=2027-01-09&originIata=WAW&destinationIata=AGP&isReturn=false
2027-01-09,10:05,WAW,CRL,200.08,PLN,https://www.ryanair.com/pl/pl/trip/flights/select?adults=1&dateOut=2027-01-09&originIata=WAW&destinationIata=CRL&isReturn=false
2027-01-09,18:40,WAW,LBA,218.96,PLN,https://www.ryanair.com/pl/pl/trip/flights/select?adults=1&dateOut=2027-01-09&originIata=WAW&destinationIata=LBA&isReturn=false
2027-01-09,20:25,WAW,LPL,247.0,PLN,https://www.ryanair.com/pl/pl/trip/flights/select?adults=1&dateOut=2027-01-09&originIata=WAW&destinationIata=LPL&isReturn=false
2027-01-09,08:55,WAW,TRN,289.04,PLN,https://www.ryanair.com/pl/pl/trip/flights/select?adults=1&dateOut=2027-01-09&originIata=WAW&destinationIata=TRN&isReturn=false
2027-01-10,06:05,LBA,WAW,26.99,GBP,https://www.ryanair.com/pl/pl/trip/flights/select?adults=1&dateOut=2027-01-10&originIata=LBA&destinationIata=WAW&isReturn=false
2027-01-10,10:00,BLQ,WAW,26.99,EUR,https://www.ryanair.com/pl/pl/trip/flights/select?adults=1&dateOut=2027-01-10&originIata=BLQ&destinationIata=WAW&isReturn=false
2027-01-10,16:20,CRL,WAW,29.99,EUR,https://www.ryanair.com/pl/pl/trip/flights/select?adults=1&dateOut=2027-01-10&originIata=CRL&destinationIata=WAW&isReturn=false
2027-01-10,15:40,BRI,WAW,34.99,EUR,https://www.ryanair.com/pl/pl/trip/flights/select?adults=1&dateOut=2027-01-10&originIata=BRI&destinationIata=WAW&isReturn=false
2027-01-10,08:05,NAP,WAW,35.99,EUR,https://www.ryanair.com/pl/pl/trip/flights/select?adults=1&dateOut=2027-01-10&originIata=NAP&destinationIata=WAW&isReturn=false
2027-01-10,07:25,AGP,WAW,57.49,EUR,https://www.ryanair.com/pl/pl/trip/flights/select?adults=1&dateOut=2027-01-10&originIata=AGP&destinationIata=WAW&isReturn=false
2027-01-10,06:55,SVQ,WAW,64.99,EUR,https://www.ryanair.com/pl/pl/trip/flights/select?adults=1&dateOut=2027-01-10&originIata=SVQ&destinationIata=WAW&isReturn=false
2027-01-10,12:35,WAW,BLQ,125.06,PLN,https://www.ryanair.com/pl/pl/trip/flights/select?adults=1&dateOut=2027-01-10&originIata=WAW&destinationIata=BLQ&isReturn=false
2027-01-10,09:55,WAW,LBA,129.07,PLN,https://www.ryanair.com/pl/pl/trip/flights/select?adults=1&dateOut=2027-01-10&originIata=WAW&destinationIata=LBA&isReturn=false
2027-01-10,11:40,WAW,AGP,166.0,PLN,https://www.ryanair.com/pl/pl/trip/flights/select?adults=1&dateOut=2027-01-10&originIata=WAW&destinationIata=AGP&isReturn=false
2027-01-10,18:25,WAW,BRI,176.4,PLN,https://www.ryanair.com/pl/pl/trip/flights/select?adults=1&dateOut=2027-01-10&originIata=WAW&destinationIata=BRI&isReturn=false
2027-01-10,18:50,WAW,CRL,192.67,PLN,https://www.ryanair.com/pl/pl/trip/flights/select?adults=1&dateOut=2027-01-10&originIata=WAW&destinationIata=CRL&isReturn=false
2027-01-10,11:10,WAW,SVQ,192.68,PLN,https://www.ryanair.com/pl/pl/trip/flights/select?adults=1&dateOut=2027-01-10&originIata=WAW&destinationIata=SVQ&isReturn=false
2027-01-10,11:10,WAW,NAP,200.96,PLN,https://www.ryanair.com/pl/pl/trip/flights/select?adults=1&dateOut=2027-01-10&originIata=WAW&destinationIata=NAP&isReturn=false
2027-01-11,17:05,LPL,WAW,19.99,GBP,https://www.ryanair.com/pl/pl/trip/flights/select?adults=1&dateOut=2027-01-11&originIata=LPL&destinationIata=WAW&isReturn=false
2027-01-11,16:10,BLQ,WAW,25.99,EUR,https://www.ryanair.com/pl/pl/trip/flights/select?adults=1&dateOut=2027-01-11&originIata=BLQ&destinationIata=WAW&isReturn=false
2027-01-11,06:15,VCE,WAW,28.99,EUR,https://www.ryanair.com/pl/pl/trip/flights/select?adults=1&dateOut=2027-01-11&originIata=VCE&destinationIata=WAW&isReturn=false
2027-01-11,15:15,CRL,WAW,30.99,EUR,https://www.ryanair.com/pl/pl/trip/flights/select?adults=1&dateOut=2027-01-11&originIata=CRL&destinationIata=WAW&isReturn=false
2027-01-11,07:15,AGP,WAW,44.99,EUR,https://www.ryanair.com/pl/pl/trip/flights/select?adults=1&dateOut=2027-01-11&originIata=AGP&destinationIata=WAW&isReturn=false
2027-01-11,06:00,NAP,WAW,45.99,EUR,https://www.ryanair.com/pl/pl/trip/flights/select?adults=1&dateOut=2027-01-11&originIata=NAP&destinationIata=WAW&isReturn=false
2027-01-11,18:55,WAW,VCE,96.32,PLN,https://www.ryanair.com/pl/pl/trip/flights/select?adults=1&dateOut=2027-01-11&originIata=WAW&destinationIata=VCE&isReturn=false
2027-01-11,21:15,WAW,LPL,118.83,PLN,https://www.ryanair.com/pl/pl/trip/flights/select?adults=1&dateOut=2027-01-11&originIata=WAW&destinationIata=LPL&isReturn=false
2027-01-11,19:35,WAW,BLQ,122.6,PLN,https://www.ryanair.com/pl/pl/trip/flights/select?adults=1&dateOut=2027-01-11&originIata=WAW&destinationIata=BLQ&isReturn=false
2027-01-11,12:30,WAW,AGP,126.98,PLN,https://www.ryanair.com/pl/pl/trip/flights/select?adults=1&dateOut=2027-01-11&originIata=WAW&destinationIata=AGP&isReturn=false
2027-01-11,08:55,WAW,NAP,128.0,PLN,https://www.ryanair.com/pl/pl/trip/flights/select?adults=1&dateOut=2027-01-11&originIata=WAW&destinationIata=NAP&isReturn=false
2027-01-11,17:50,WAW,CRL,132.38,PLN,https://www.ryanair.com/pl/pl/trip/flights/select?adults=1&dateOut=2027-01-11&originIata=WAW&destinationIata=CRL&isReturn=false
2027-01-12,08:05,NAP,WAW,29.99,EUR,https://www.ryanair.com/pl/pl/trip/flights/select?adults=1&dateOut=2027-01-12&originIata=NAP&destinationIata=WAW&isReturn=false
2027-01-12,16:30,AGP,WAW,49.99,EUR,https://www.ryanair.com/pl/pl/trip/flights/select?adults=1&dateOut=2027-01-12&originIata=AGP&destinationIata=WAW&isReturn=false
2027-01-12,11:00,WAW,NAP,140.12,PLN,https://www.ryanair.com/pl/pl/trip/flights/select?adults=1&dateOut=2027-01-12&originIata=WAW&destinationIata=NAP&isReturn=false
2027-01-12,20:50,WAW,AGP,166.0,PLN,https://www.ryanair.com/pl/pl/trip/flights/select?adults=1&dateOut=2027-01-12&originIata=WAW&destinationIata=AGP&isReturn=false
2027-01-13,08:15,NAP,WAW,25.99,EUR,https://www.ryanair.com/pl/pl/trip/flights/select?adults=1&dateOut=2027-01-13&originIata=NAP&destinationIata=WAW&isReturn=false
2027-01-13,06:55,BRI,WAW,27.29,EUR,https://www.ryanair.com/pl/pl/trip/flights/select?adults=1&dateOut=2027-01-13&originIata=BRI&destinationIata=WAW&isReturn=false
2027-01-13,06:15,VCE,WAW,34.99,EUR,https://www.ryanair.com/pl/pl/trip/flights/select?adults=1&dateOut=2027-01-13&originIata=VCE&destinationIata=WAW&isReturn=false
2027-01-13,06:50,SVQ,WAW,47.99,EUR,https://www.ryanair.com/pl/pl/trip/flights/select?adults=1&dateOut=2027-01-13&originIata=SVQ&destinationIata=WAW&isReturn=false
2027-01-13,14:25,AGP,WAW,50.99,EUR,https://www.ryanair.com/pl/pl/trip/flights/select?adults=1&dateOut=2027-01-13&originIata=AGP&destinationIata=WAW&isReturn=false
2027-01-13,09:45,WAW,BRI,111.0,PLN,https://www.ryanair.com/pl/pl/trip/flights/select?adults=1&dateOut=2027-01-13&originIata=WAW&destinationIata=BRI&isReturn=false
2027-01-13,12:00,WAW,NAP,128.0,PLN,https://www.ryanair.com/pl/pl/trip/flights/select?adults=1&dateOut=2027-01-13&originIata=WAW&destinationIata=NAP&isReturn=false
2027-01-13,11:20,WAW,SVQ,133.69,PLN,https://www.ryanair.com/pl/pl/trip/flights/select?adults=1&dateOut=2027-01-13&originIata=WAW&destinationIata=SVQ&isReturn=false
2027-01-13,19:35,WAW,AGP,166.0,PLN,https://www.ryanair.com/pl/pl/trip/flights/select?adults=1&dateOut=2027-01-13&originIata=WAW&destinationIata=AGP&isReturn=false
2027-01-13,08:40,WAW,VCE,191.43,PLN,https://www.ryanair.com/pl/pl/trip/flights/select?adults=1&dateOut=2027-01-13&originIata=WAW&destinationIata=VCE&isReturn=false
2027-01-14,16:30,LBA,WAW,28.99,GBP,https://www.ryanair.com/pl/pl/trip/flights/select?adults=1&dateOut=2027-01-14&originIata=LBA&destinationIata=WAW&isReturn=false
2027-01-14,15:15,CRL,WAW,29.99,EUR,https://www.ryanair.com/pl/pl/trip/flights/select?adults=1&dateOut=2027-01-14&originIata=CRL&destinationIata=WAW&isReturn=false
2027-01-14,06:45,AGP,WAW,43.99,EUR,https://www.ryanair.com/pl/pl/trip/flights/select?adults=1&dateOut=2027-01-14&originIata=AGP&destinationIata=WAW&isReturn=false
2027-01-14,20:40,WAW,LBA,119.0,PLN,https://www.ryanair.com/pl/pl/trip/flights/select?adults=1&dateOut=2027-01-14&originIata=WAW&destinationIata=LBA&isReturn=false
2027-01-14,18:40,WAW,CRL,126.98,PLN,https://www.ryanair.com/pl/pl/trip/flights/select?adults=1&dateOut=2027-01-14&originIata=WAW&destinationIata=CRL&isReturn=false
2027-01-14,11:10,WAW,AGP,162.02,PLN,https://www.ryanair.com/pl/pl/trip/flights/select?adults=1&dateOut=2027-01-14&originIata=WAW&destinationIata=AGP&isReturn=false
2027-01-15,17:45,CRL,WAW,23.99,EUR,https://www.ryanair.com/pl/pl/trip/flights/select?adults=1&dateOut=2027-01-15&originIata=CRL&destinationIata=WAW&isReturn=false
2027-01-15,06:05,VCE,WAW,27.99,EUR,https://www.ryanair.com/pl/pl/trip/flights/select?adults=1&dateOut=2027-01-15&originIata=VCE&destinationIata=WAW&isReturn=false
2027-01-15,15:50,BLQ,WAW,30.99,EUR,https://www.ryanair.com/pl/pl/trip/flights/select?adults=1&dateOut=2027-01-15&originIata=BLQ&destinationIata=WAW&isReturn=false
2027-01-15,06:00,BRI,WAW,36.99,EUR,https://www.ryanair.com/pl/pl/trip/flights/select?adults=1&dateOut=2027-01-15&originIata=BRI&destinationIata=WAW&isReturn=false
2027-01-15,06:45,AGP,WAW,39.99,EUR,https://www.ryanair.com/pl/pl/trip/flights/select?adults=1&dateOut=2027-01-15&originIata=AGP&destinationIata=WAW&isReturn=false
2027-01-15,06:40,NAP,WAW,47.09,EUR,https://www.ryanair.com/pl/pl/trip/flights/select?adults=1&dateOut=2027-01-15&originIata=NAP&destinationIata=WAW&isReturn=false
2027-01-15,18:20,WAW,BLQ,105.08,PLN,https://www.ryanair.com/pl/pl/trip/flights/select?adults=1&dateOut=2027-01-15&originIata=WAW&destinationIata=BLQ&isReturn=false
2027-01-15,08:30,WAW,VCE,107.69,PLN,https://www.ryanair.com/pl/pl/trip/flights/select?adults=1&dateOut=2027-01-15&originIata=WAW&destinationIata=VCE&isReturn=false
2027-01-15,20:10,WAW,CRL,144.5,PLN,https://www.ryanair.com/pl/pl/trip/flights/select?adults=1&dateOut=2027-01-15&originIata=WAW&destinationIata=CRL&isReturn=false
2027-01-15,08:45,WAW,BRI,172.02,PLN,https://www.ryanair.com/pl/pl/trip/flights/select?adults=1&dateOut=2027-01-15&originIata=WAW&destinationIata=BRI&isReturn=false
2027-01-15,09:25,WAW,NAP,175.16,PLN,https://www.ryanair.com/pl/pl/trip/flights/select?adults=1&dateOut=2027-01-15&originIata=WAW&destinationIata=NAP&isReturn=false
2027-01-15,11:40,WAW,AGP,217.02,PLN,https://www.ryanair.com/pl/pl/trip/flights/select?adults=1&dateOut=2027-01-15&originIata=WAW&destinationIata=AGP&isReturn=false
2027-01-16,13:50,LBA,WAW,25.99,GBP,https://www.ryanair.com/pl/pl/trip/flights/select?adults=1&dateOut=2027-01-16&originIata=LBA&destinationIata=WAW&isReturn=false
2027-01-16,07:30,CRL,WAW,29.99,EUR,https://www.ryanair.com/pl/pl/trip/flights/select?adults=1&dateOut=2027-01-16&originIata=CRL&destinationIata=WAW&isReturn=false
2027-01-16,16:20,LPL,WAW,29.99,GBP,https://www.ryanair.com/pl/pl/trip/flights/select?adults=1&dateOut=2027-01-16&originIata=LPL&destinationIata=WAW&isReturn=false
2027-01-16,13:45,AGP,WAW,36.99,EUR,https://www.ryanair.com/pl/pl/trip/flights/select?adults=1&dateOut=2027-01-16&originIata=AGP&destinationIata=WAW&isReturn=false
2027-01-16,06:15,TRN,WAW,63.74,EUR,https://www.ryanair.com/pl/pl/trip/flights/select?adults=1&dateOut=2027-01-16&originIata=TRN&destinationIata=WAW&isReturn=false
2027-01-16,20:25,WAW,LPL,107.0,PLN,https://www.ryanair.com/pl/pl/trip/flights/select?adults=1&dateOut=2027-01-16&originIata=WAW&destinationIata=LPL&isReturn=false
2027-01-16,10:05,WAW,CRL,166.4,PLN,https://www.ryanair.com/pl/pl/trip/flights/select?adults=1&dateOut=2027-01-16&originIata=WAW&destinationIata=CRL&isReturn=false
2027-01-16,18:40,WAW,LBA,170.78,PLN,https://www.ryanair.com/pl/pl/trip/flights/select?adults=1&dateOut=2027-01-16&originIata=WAW&destinationIata=LBA&isReturn=false
2027-01-16,08:55,WAW,TRN,197.06,PLN,https://www.ryanair.com/pl/pl/trip/flights/select?adults=1&dateOut=2027-01-16&originIata=WAW&destinationIata=TRN&isReturn=false
2027-01-16,18:00,WAW,AGP,286.12,PLN,https://www.ryanair.com/pl/pl/trip/flights/select?adults=1&dateOut=2027-01-16&originIata=WAW&destinationIata=AGP&isReturn=false
2027-01-17,10:00,BLQ,WAW,21.99,EUR,https://www.ryanair.com/pl/pl/trip/flights/select?adults=1&dateOut=2027-01-17&originIata=BLQ&destinationIata=WAW&isReturn=false
2027-01-17,06:05,LBA,WAW,27.99,GBP,https://www.ryanair.com/pl/pl/trip/flights/select?adults=1&dateOut=2027-01-17&originIata=LBA&destinationIata=WAW&isReturn=false
2027-01-17,16:20,CRL,WAW,29.99,EUR,https://www.ryanair.com/pl/pl/trip/flights/select?adults=1&dateOut=2027-01-17&originIata=CRL&destinationIata=WAW&isReturn=false
2027-01-17,15:40,BRI,WAW,33.2,EUR,https://www.ryanair.com/pl/pl/trip/flights/select?adults=1&dateOut=2027-01-17&originIata=BRI&destinationIata=WAW&isReturn=false
2027-01-17,08:05,NAP,WAW,35.99,EUR,https://www.ryanair.com/pl/pl/trip/flights/select?adults=1&dateOut=2027-01-17&originIata=NAP&destinationIata=WAW&isReturn=false
2027-01-17,06:55,SVQ,WAW,37.99,EUR,https://www.ryanair.com/pl/pl/trip/flights/select?adults=1&dateOut=2027-01-17&originIata=SVQ&destinationIata=WAW&isReturn=false
2027-01-17,07:25,AGP,WAW,38.99,EUR,https://www.ryanair.com/pl/pl/trip/flights/select?adults=1&dateOut=2027-01-17&originIata=AGP&destinationIata=WAW&isReturn=false
2027-01-17,18:50,WAW,CRL,128.0,PLN,https://www.ryanair.com/pl/pl/trip/flights/select?adults=1&dateOut=2027-01-17&originIata=WAW&destinationIata=CRL&isReturn=false
2027-01-17,11:10,WAW,NAP,162.02,PLN,https://www.ryanair.com/pl/pl/trip/flights/select?adults=1&dateOut=2027-01-17&originIata=WAW&destinationIata=NAP&isReturn=false
2027-01-17,11:10,WAW,SVQ,175.16,PLN,https://www.ryanair.com/pl/pl/trip/flights/select?adults=1&dateOut=2027-01-17&originIata=WAW&destinationIata=SVQ&isReturn=false
2027-01-17,09:55,WAW,LBA,179.54,PLN,https://www.ryanair.com/pl/pl/trip/flights/select?adults=1&dateOut=2027-01-17&originIata=WAW&destinationIata=LBA&isReturn=false
2027-01-17,12:35,WAW,BLQ,197.06,PLN,https://www.ryanair.com/pl/pl/trip/flights/select?adults=1&dateOut=2027-01-17&originIata=WAW&destinationIata=BLQ&isReturn=false
2027-01-17,18:25,WAW,BRI,218.95,PLN,https://www.ryanair.com/pl/pl/trip/flights/select?adults=1&dateOut=2027-01-17&originIata=WAW&destinationIata=BRI&isReturn=false
2027-01-17,11:40,WAW,AGP,480.82,PLN,https://www.ryanair.com/pl/pl/trip/flights/select?adults=1&dateOut=2027-01-17&originIata=WAW&destinationIata=AGP&isReturn=false
2027-01-18,17:05,LPL,WAW,19.99,GBP,https://www.ryanair.com/pl/pl/trip/flights/select?adults=1&dateOut=2027-01-18&originIata=LPL&destinationIata=WAW&isReturn=false
2027-01-18,15:15,CRL,WAW,24.99,EUR,https://www.ryanair.com/pl/pl/trip/flights/select?adults=1&dateOut=2027-01-18&originIata=CRL&destinationIata=WAW&isReturn=false
2027-01-18,16:10,BLQ,WAW,25.99,EUR,https://www.ryanair.com/pl/pl/trip/flights/select?adults=1&dateOut=2027-01-18&originIata=BLQ&destinationIata=WAW&isReturn=false
2027-01-18,06:15,VCE,WAW,28.99,EUR,https://www.ryanair.com/pl/pl/trip/flights/select?adults=1&dateOut=2027-01-18&originIata=VCE&destinationIata=WAW&isReturn=false
2027-01-18,06:00,NAP,WAW,29.99,EUR,https://www.ryanair.com/pl/pl/trip/flights/select?adults=1&dateOut=2027-01-18&originIata=NAP&destinationIata=WAW&isReturn=false
2027-01-18,07:15,AGP,WAW,43.99,EUR,https://www.ryanair.com/pl/pl/trip/flights/select?adults=1&dateOut=2027-01-18&originIata=AGP&destinationIata=WAW&isReturn=false
2027-01-18,21:15,WAW,LPL,98.98,PLN,https://www.ryanair.com/pl/pl/trip/flights/select?adults=1&dateOut=2027-01-18&originIata=WAW&destinationIata=LPL&isReturn=false
2027-01-18,19:35,WAW,BLQ,111.0,PLN,https://www.ryanair.com/pl/pl/trip/flights/select?adults=1&dateOut=2027-01-18&originIata=WAW&destinationIata=BLQ&isReturn=false
2027-01-18,18:55,WAW,VCE,124.0,PLN,https://www.ryanair.com/pl/pl/trip/flights/select?adults=1&dateOut=2027-01-18&originIata=WAW&destinationIata=VCE&isReturn=false
2027-01-18,20:50,WAW,CRL,128.0,PLN,https://www.ryanair.com/pl/pl/trip/flights/select?adults=1&dateOut=2027-01-18&originIata=WAW&destinationIata=CRL&isReturn=false
2027-01-18,08:55,WAW,NAP,148.88,PLN,https://www.ryanair.com/pl/pl/trip/flights/select?adults=1&dateOut=2027-01-18&originIata=WAW&destinationIata=NAP&isReturn=false
2027-01-18,12:30,WAW,AGP,262.75,PLN,https://www.ryanair.com/pl/pl/trip/flights/select?adults=1&dateOut=2027-01-18&originIata=WAW&destinationIata=AGP&isReturn=false
2027-01-19,16:30,AGP,WAW,34.99,EUR,https://www.ryanair.com/pl/pl/trip/flights/select?adults=1&dateOut=2027-01-19&originIata=AGP&destinationIata=WAW&isReturn=false
2027-01-19,08:05,NAP,WAW,36.99,EUR,https://www.ryanair.com/pl/pl/trip/flights/select?adults=1&dateOut=2027-01-19&originIata=NAP&destinationIata=WAW&isReturn=false
2027-01-19,11:00,WAW,NAP,144.5,PLN,https://www.ryanair.com/pl/pl/trip/flights/select?adults=1&dateOut=2027-01-19&originIata=WAW&destinationIata=NAP&isReturn=false
2027-01-19,20:50,WAW,AGP,162.02,PLN,https://www.ryanair.com/pl/pl/trip/flights/select?adults=1&dateOut=2027-01-19&originIata=WAW&destinationIata=AGP&isReturn=false
2027-01-20,14:25,AGP,WAW,28.99,EUR,https://www.ryanair.com/pl/pl/trip/flights/select?adults=1&dateOut=2027-01-20&originIata=AGP&destinationIata=WAW&isReturn=false
2027-01-20,06:50,SVQ,WAW,28.99,EUR,https://www.ryanair.com/pl/pl/trip/flights/select?adults=1&dateOut=2027-01-20&originIata=SVQ&destinationIata=WAW&isReturn=false
2027-01-20,06:55,BRI,WAW,33.99,EUR,https://www.ryanair.com/pl/pl/trip/flights/select?adults=1&dateOut=2027-01-20&originIata=BRI&destinationIata=WAW&isReturn=false
2027-01-20,08:15,NAP,WAW,33.99,EUR,https://www.ryanair.com/pl/pl/trip/flights/select?adults=1&dateOut=2027-01-20&originIata=NAP&destinationIata=WAW&isReturn=false
2027-01-20,06:15,VCE,WAW,34.99,EUR,https://www.ryanair.com/pl/pl/trip/flights/select?adults=1&dateOut=2027-01-20&originIata=VCE&destinationIata=WAW&isReturn=false
2027-01-20,08:40,WAW,VCE,149.0,PLN,https://www.ryanair.com/pl/pl/trip/flights/select?adults=1&dateOut=2027-01-20&originIata=WAW&destinationIata=VCE&isReturn=false
2027-01-20,12:00,WAW,NAP,153.0,PLN,https://www.ryanair.com/pl/pl/trip/flights/select?adults=1&dateOut=2027-01-20&originIata=WAW&destinationIata=NAP&isReturn=false
2027-01-20,09:45,WAW,BRI,203.43,PLN,https://www.ryanair.com/pl/pl/trip/flights/select?adults=1&dateOut=2027-01-20&originIata=WAW&destinationIata=BRI&isReturn=false
2027-01-20,11:20,WAW,SVQ,236.48,PLN,https://www.ryanair.com/pl/pl/trip/flights/select?adults=1&dateOut=2027-01-20&originIata=WAW&destinationIata=SVQ&isReturn=false
2027-01-20,19:35,WAW,AGP,350.36,PLN,https://www.ryanair.com/pl/pl/trip/flights/select?adults=1&dateOut=2027-01-20&originIata=WAW&destinationIata=AGP&isReturn=false
2027-01-21,16:30,LBA,WAW,29.99,GBP,https://www.ryanair.com/pl/pl/trip/flights/select?adults=1&dateOut=2027-01-21&originIata=LBA&destinationIata=WAW&isReturn=false
2027-01-21,15:15,CRL,WAW,34.99,EUR,https://www.ryanair.com/pl/pl/trip/flights/select?adults=1&dateOut=2027-01-21&originIata=CRL&destinationIata=WAW&isReturn=false
2027-01-21,06:45,AGP,WAW,38.99,EUR,https://www.ryanair.com/pl/pl/trip/flights/select?adults=1&dateOut=2027-01-21&originIata=AGP&destinationIata=WAW&isReturn=false
2027-01-21,20:40,WAW,LBA,123.38,PLN,https://www.ryanair.com/pl/pl/trip/flights/select?adults=1&dateOut=2027-01-21&originIata=WAW&destinationIata=LBA&isReturn=false
2027-01-21,11:10,WAW,AGP,210.19,PLN,https://www.ryanair.com/pl/pl/trip/flights/select?adults=1&dateOut=2027-01-21&originIata=WAW&destinationIata=AGP&isReturn=false
2027-01-21,18:40,WAW,CRL,210.2,PLN,https://www.ryanair.com/pl/pl/trip/flights/select?adults=1&dateOut=2027-01-21&originIata=WAW&destinationIata=CRL&isReturn=false
2027-01-22,06:05,VCE,WAW,23.99,EUR,https://www.ryanair.com/pl/pl/trip/flights/select?adults=1&dateOut=2027-01-22&originIata=VCE&destinationIata=WAW&isReturn=false
2027-01-22,15:50,BLQ,WAW,28.99,EUR,https://www.ryanair.com/pl/pl/trip/flights/select?adults=1&dateOut=2027-01-22&originIata=BLQ&destinationIata=WAW&isReturn=false
2027-01-22,06:00,BRI,WAW,30.99,EUR,https://www.ryanair.com/pl/pl/trip/flights/select?adults=1&dateOut=2027-01-22&originIata=BRI&destinationIata=WAW&isReturn=false
2027-01-22,06:40,NAP,WAW,34.99,EUR,https://www.ryanair.com/pl/pl/trip/flights/select?adults=1&dateOut=2027-01-22&originIata=NAP&destinationIata=WAW&isReturn=false
2027-01-22,17:45,CRL,WAW,35.99,EUR,https://www.ryanair.com/pl/pl/trip/flights/select?adults=1&dateOut=2027-01-22&originIata=CRL&destinationIata=WAW&isReturn=false
2027-01-22,06:45,AGP,WAW,38.99,EUR,https://www.ryanair.com/pl/pl/trip/flights/select?adults=1&dateOut=2027-01-22&originIata=AGP&destinationIata=WAW&isReturn=false
2027-01-22,20:10,WAW,CRL,128.0,PLN,https://www.ryanair.com/pl/pl/trip/flights/select?adults=1&dateOut=2027-01-22&originIata=WAW&destinationIata=CRL&isReturn=false
2027-01-22,09:25,WAW,NAP,153.0,PLN,https://www.ryanair.com/pl/pl/trip/flights/select?adults=1&dateOut=2027-01-22&originIata=WAW&destinationIata=NAP&isReturn=false
2027-01-22,18:20,WAW,BLQ,157.64,PLN,https://www.ryanair.com/pl/pl/trip/flights/select?adults=1&dateOut=2027-01-22&originIata=WAW&destinationIata=BLQ&isReturn=false
2027-01-22,20:25,WAW,AGP,166.0,PLN,https://www.ryanair.com/pl/pl/trip/flights/select?adults=1&dateOut=2027-01-22&originIata=WAW&destinationIata=AGP&isReturn=false
2027-01-22,08:30,WAW,VCE,175.0,PLN,https://www.ryanair.com/pl/pl/trip/flights/select?adults=1&dateOut=2027-01-22&originIata=WAW&destinationIata=VCE&isReturn=false
2027-01-22,08:45,WAW,BRI,175.16,PLN,https://www.ryanair.com/pl/pl/trip/flights/select?adults=1&dateOut=2027-01-22&originIata=WAW&destinationIata=BRI&isReturn=false
2027-01-23,16:20,LPL,WAW,19.99,GBP,https://www.ryanair.com/pl/pl/trip/flights/select?adults=1&dateOut=2027-01-23&originIata=LPL&destinationIata=WAW&isReturn=false
2027-01-23,13:50,LBA,WAW,25.99,GBP,https://www.ryanair.com/pl/pl/trip/flights/select?adults=1&dateOut=2027-01-23&originIata=LBA&destinationIata=WAW&isReturn=false
2027-01-23,07:30,CRL,WAW,29.99,EUR,https://www.ryanair.com/pl/pl/trip/flights/select?adults=1&dateOut=2027-01-23&originIata=CRL&destinationIata=WAW&isReturn=false
2027-01-23,06:15,TRN,WAW,36.99,EUR,https://www.ryanair.com/pl/pl/trip/flights/select?adults=1&dateOut=2027-01-23&originIata=TRN&destinationIata=WAW&isReturn=false
2027-01-23,13:45,AGP,WAW,77.99,EUR,https://www.ryanair.com/pl/pl/trip/flights/select?adults=1&dateOut=2027-01-23&originIata=AGP&destinationIata=WAW&isReturn=false
2027-01-23,20:25,WAW,LPL,107.0,PLN,https://www.ryanair.com/pl/pl/trip/flights/select?adults=1&dateOut=2027-01-23&originIata=WAW&destinationIata=LPL&isReturn=false
2027-01-23,18:40,WAW,LBA,144.5,PLN,https://www.ryanair.com/pl/pl/trip/flights/select?adults=1&dateOut=2027-01-23&originIata=WAW&destinationIata=LBA&isReturn=false
2027-01-23,18:00,WAW,AGP,179.54,PLN,https://www.ryanair.com/pl/pl/trip/flights/select?adults=1&dateOut=2027-01-23&originIata=WAW&destinationIata=AGP&isReturn=false
2027-01-23,10:05,WAW,CRL,183.92,PLN,https://www.ryanair.com/pl/pl/trip/flights/select?adults=1&dateOut=2027-01-23&originIata=WAW&destinationIata=CRL&isReturn=false
2027-01-23,08:55,WAW,TRN,332.0,PLN,https://www.ryanair.com/pl/pl/trip/flights/select?adults=1&dateOut=2027-01-23&originIata=WAW&destinationIata=TRN&isReturn=false
2027-01-24,06:05,LBA,WAW,21.99,GBP,https://www.ryanair.com/pl/pl/trip/flights/select?adults=1&dateOut=2027-01-24&originIata=LBA&destinationIata=WAW&isReturn=false
2027-01-24,10:00,BLQ,WAW,25.99,EUR,https://www.ryanair.com/pl/pl/trip/flights/select?adults=1&dateOut=2027-01-24&originIata=BLQ&destinationIata=WAW&isReturn=false
2027-01-24,16:20,CRL,WAW,29.99,EUR,https://www.ryanair.com/pl/pl/trip/flights/select?adults=1&dateOut=2027-01-24&originIata=CRL&destinationIata=WAW&isReturn=false
2027-01-24,08:05,NAP,WAW,37.99,EUR,https://www.ryanair.com/pl/pl/trip/flights/select?adults=1&dateOut=2027-01-24&originIata=NAP&destinationIata=WAW&isReturn=false
2027-01-24,15:40,BRI,WAW,54.99,EUR,https://www.ryanair.com/pl/pl/trip/flights/select?adults=1&dateOut=2027-01-24&originIata=BRI&destinationIata=WAW&isReturn=false
2027-01-24,07:25,AGP,WAW,56.99,EUR,https://www.ryanair.com/pl/pl/trip/flights/select?adults=1&dateOut=2027-01-24&originIata=AGP&destinationIata=WAW&isReturn=false
2027-01-24,06:55,SVQ,WAW,68.99,EUR,https://www.ryanair.com/pl/pl/trip/flights/select?adults=1&dateOut=2027-01-24&originIata=SVQ&destinationIata=WAW&isReturn=false
2027-01-24,09:55,WAW,LBA,119.0,PLN,https://www.ryanair.com/pl/pl/trip/flights/select?adults=1&dateOut=2027-01-24&originIata=WAW&destinationIata=LBA&isReturn=false
2027-01-24,12:35,WAW,BLQ,120.68,PLN,https://www.ryanair.com/pl/pl/trip/flights/select?adults=1&dateOut=2027-01-24&originIata=WAW&destinationIata=BLQ&isReturn=false
2027-01-24,18:50,WAW,CRL,128.0,PLN,https://www.ryanair.com/pl/pl/trip/flights/select?adults=1&dateOut=2027-01-24&originIata=WAW&destinationIata=CRL&isReturn=false
2027-01-24,11:10,WAW,NAP,188.3,PLN,https://www.ryanair.com/pl/pl/trip/flights/select?adults=1&dateOut=2027-01-24&originIata=WAW&destinationIata=NAP&isReturn=false
2027-01-24,18:25,WAW,BRI,205.82,PLN,https://www.ryanair.com/pl/pl/trip/flights/select?adults=1&dateOut=2027-01-24&originIata=WAW&destinationIata=BRI&isReturn=false
2027-01-24,11:40,WAW,AGP,212.64,PLN,https://www.ryanair.com/pl/pl/trip/flights/select?adults=1&dateOut=2027-01-24&originIata=WAW&destinationIata=AGP&isReturn=false
2027-01-24,11:10,WAW,SVQ,236.48,PLN,https://www.ryanair.com/pl/pl/trip/flights/select?adults=1&dateOut=2027-01-24&originIata=WAW&destinationIata=SVQ&isReturn=false
2027-01-25,06:15,VCE,WAW,21.99,EUR,https://www.ryanair.com/pl/pl/trip/flights/select?adults=1&dateOut=2027-01-25&originIata=VCE&destinationIata=WAW&isReturn=false
2027-01-25,17:05,LPL,WAW,27.99,GBP,https://www.ryanair.com/pl/pl/trip/flights/select?adults=1&dateOut=2027-01-25&originIata=LPL&destinationIata=WAW&isReturn=false
2027-01-25,15:15,CRL,WAW,29.99,EUR,https://www.ryanair.com/pl/pl/trip/flights/select?adults=1&dateOut=2027-01-25&originIata=CRL&destinationIata=WAW&isReturn=false
2027-01-25,16:10,BLQ,WAW,31.99,EUR,https://www.ryanair.com/pl/pl/trip/flights/select?adults=1&dateOut=2027-01-25&originIata=BLQ&destinationIata=WAW&isReturn=false
2027-01-25,06:00,NAP,WAW,35.99,EUR,https://www.ryanair.com/pl/pl/trip/flights/select?adults=1&dateOut=2027-01-25&originIata=NAP&destinationIata=WAW&isReturn=false
2027-01-25,07:15,AGP,WAW,65.99,EUR,https://www.ryanair.com/pl/pl/trip/flights/select?adults=1&dateOut=2027-01-25&originIata=AGP&destinationIata=WAW&isReturn=false
2027-01-25,19:35,WAW,BLQ,96.32,PLN,https://www.ryanair.com/pl/pl/trip/flights/select?adults=1&dateOut=2027-01-25&originIata=WAW&destinationIata=BLQ&isReturn=false
2027-01-25,08:50,WAW,VCE,124.0,PLN,https://www.ryanair.com/pl/pl/trip/flights/select?adults=1&dateOut=2027-01-25&originIata=WAW&destinationIata=VCE&isReturn=false
2027-01-25,20:50,WAW,CRL,135.74,PLN,https://www.ryanair.com/pl/pl/trip/flights/select?adults=1&dateOut=2027-01-25&originIata=WAW&destinationIata=CRL&isReturn=false
2027-01-25,21:15,WAW,LPL,144.5,PLN,https://www.ryanair.com/pl/pl/trip/flights/select?adults=1&dateOut=2027-01-25&originIata=WAW&destinationIata=LPL&isReturn=false
2027-01-25,08:55,WAW,NAP,192.68,PLN,https://www.ryanair.com/pl/pl/trip/flights/select?adults=1&dateOut=2027-01-25&originIata=WAW&destinationIata=NAP&isReturn=false
2027-01-25,12:30,WAW,AGP,245.71,PLN,https://www.ryanair.com/pl/pl/trip/flights/select?adults=1&dateOut=2027-01-25&originIata=WAW&destinationIata=AGP&isReturn=false
2027-01-26,08:05,NAP,WAW,29.99,EUR,https://www.ryanair.com/pl/pl/trip/flights/select?adults=1&dateOut=2027-01-26&originIata=NAP&destinationIata=WAW&isReturn=false
2027-01-26,16:30,AGP,WAW,42.24,EUR,https://www.ryanair.com/pl/pl/trip/flights/select?adults=1&dateOut=2027-01-26&originIata=AGP&destinationIata=WAW&isReturn=false
2027-01-26,11:00,WAW,NAP,153.0,PLN,https://www.ryanair.com/pl/pl/trip/flights/select?adults=1&dateOut=2027-01-26&originIata=WAW&destinationIata=NAP&isReturn=false
2027-01-26,20:50,WAW,AGP,254.0,PLN,https://www.ryanair.com/pl/pl/trip/flights/select?adults=1&dateOut=2027-01-26&originIata=WAW&destinationIata=AGP&isReturn=false
2027-01-27,06:55,BRI,WAW,25.99,EUR,https://www.ryanair.com/pl/pl/trip/flights/select?adults=1&dateOut=2027-01-27&originIata=BRI&destinationIata=WAW&isReturn=false
2027-01-27,08:15,NAP,WAW,37.99,EUR,https://www.ryanair.com/pl/pl/trip/flights/select?adults=1&dateOut=2027-01-27&originIata=NAP&destinationIata=WAW&isReturn=false
2027-01-27,06:15,VCE,WAW,40.99,EUR,https://www.ryanair.com/pl/pl/trip/flights/select?adults=1&dateOut=2027-01-27&originIata=VCE&destinationIata=WAW&isReturn=false
2027-01-27,06:50,SVQ,WAW,46.19,EUR,https://www.ryanair.com/pl/pl/trip/flights/select?adults=1&dateOut=2027-01-27&originIata=SVQ&destinationIata=WAW&isReturn=false
2027-01-27,14:25,AGP,WAW,53.99,EUR,https://www.ryanair.com/pl/pl/trip/flights/select?adults=1&dateOut=2027-01-27&originIata=AGP&destinationIata=WAW&isReturn=false
2027-01-27,09:45,WAW,BRI,116.69,PLN,https://www.ryanair.com/pl/pl/trip/flights/select?adults=1&dateOut=2027-01-27&originIata=WAW&destinationIata=BRI&isReturn=false
2027-01-27,08:40,WAW,VCE,124.0,PLN,https://www.ryanair.com/pl/pl/trip/flights/select?adults=1&dateOut=2027-01-27&originIata=WAW&destinationIata=VCE&isReturn=false
2027-01-27,12:00,WAW,NAP,148.88,PLN,https://www.ryanair.com/pl/pl/trip/flights/select?adults=1&dateOut=2027-01-27&originIata=WAW&destinationIata=NAP&isReturn=false
2027-01-27,19:35,WAW,AGP,166.0,PLN,https://www.ryanair.com/pl/pl/trip/flights/select?adults=1&dateOut=2027-01-27&originIata=WAW&destinationIata=AGP&isReturn=false
2027-01-27,11:20,WAW,SVQ,214.58,PLN,https://www.ryanair.com/pl/pl/trip/flights/select?adults=1&dateOut=2027-01-27&originIata=WAW&destinationIata=SVQ&isReturn=false
2027-01-28,15:15,CRL,WAW,29.99,EUR,https://www.ryanair.com/pl/pl/trip/flights/select?adults=1&dateOut=2027-01-28&originIata=CRL&destinationIata=WAW&isReturn=false
2027-01-28,06:45,AGP,WAW,34.99,EUR,https://www.ryanair.com/pl/pl/trip/flights/select?adults=1&dateOut=2027-01-28&originIata=AGP&destinationIata=WAW&isReturn=false
2027-01-28,16:30,LBA,WAW,49.99,GBP,https://www.ryanair.com/pl/pl/trip/flights/select?adults=1&dateOut=2027-01-28&originIata=LBA&destinationIata=WAW&isReturn=false
2027-01-28,18:40,WAW,CRL,128.0,PLN,https://www.ryanair.com/pl/pl/trip/flights/select?adults=1&dateOut=2027-01-28&originIata=WAW&destinationIata=CRL&isReturn=false
2027-01-28,20:40,WAW,LBA,157.64,PLN,https://www.ryanair.com/pl/pl/trip/flights/select?adults=1&dateOut=2027-01-28&originIata=WAW&destinationIata=LBA&isReturn=false
2027-01-28,11:10,WAW,AGP,271.52,PLN,https://www.ryanair.com/pl/pl/trip/flights/select?adults=1&dateOut=2027-01-28&originIata=WAW&destinationIata=AGP&isReturn=false
2027-01-29,17:45,CRL,WAW,29.99,EUR,https://www.ryanair.com/pl/pl/trip/flights/select?adults=1&dateOut=2027-01-29&originIata=CRL&destinationIata=WAW&isReturn=false
2027-01-29,06:40,NAP,WAW,29.99,EUR,https://www.ryanair.com/pl/pl/trip/flights/select?adults=1&dateOut=2027-01-29&originIata=NAP&destinationIata=WAW&isReturn=false
2027-01-29,06:00,BRI,WAW,30.99,EUR,https://www.ryanair.com/pl/pl/trip/flights/select?adults=1&dateOut=2027-01-29&originIata=BRI&destinationIata=WAW&isReturn=false
2027-01-29,15:50,BLQ,WAW,30.99,EUR,https://www.ryanair.com/pl/pl/trip/flights/select?adults=1&dateOut=2027-01-29&originIata=BLQ&destinationIata=WAW&isReturn=false
2027-01-29,06:45,AGP,WAW,45.99,EUR,https://www.ryanair.com/pl/pl/trip/flights/select?adults=1&dateOut=2027-01-29&originIata=AGP&destinationIata=WAW&isReturn=false
2027-01-29,06:05,VCE,WAW,55.99,EUR,https://www.ryanair.com/pl/pl/trip/flights/select?adults=1&dateOut=2027-01-29&originIata=VCE&destinationIata=WAW&isReturn=false
2027-01-29,20:10,WAW,CRL,138.29,PLN,https://www.ryanair.com/pl/pl/trip/flights/select?adults=1&dateOut=2027-01-29&originIata=WAW&destinationIata=CRL&isReturn=false
2027-01-29,09:25,WAW,NAP,144.49,PLN,https://www.ryanair.com/pl/pl/trip/flights/select?adults=1&dateOut=2027-01-29&originIata=WAW&destinationIata=NAP&isReturn=false
2027-01-29,18:20,WAW,BLQ,183.92,PLN,https://www.ryanair.com/pl/pl/trip/flights/select?adults=1&dateOut=2027-01-29&originIata=WAW&destinationIata=BLQ&isReturn=false
2027-01-29,08:30,WAW,VCE,192.68,PLN,https://www.ryanair.com/pl/pl/trip/flights/select?adults=1&dateOut=2027-01-29&originIata=WAW&destinationIata=VCE&isReturn=false
2027-01-29,08:45,WAW,BRI,203.43,PLN,https://www.ryanair.com/pl/pl/trip/flights/select?adults=1&dateOut=2027-01-29&originIata=WAW&destinationIata=BRI&isReturn=false
2027-01-29,20:25,WAW,AGP,332.06,PLN,https://www.ryanair.com/pl/pl/trip/flights/select?adults=1&dateOut=2027-01-29&originIata=WAW&destinationIata=AGP&isReturn=false
2027-01-30,16:20,LPL,WAW,22.99,GBP,https://www.ryanair.com/pl/pl/trip/flights/select?adults=1&dateOut=2027-01-30&originIata=LPL&destinationIata=WAW&isReturn=false
2027-01-30,07:30,CRL,WAW,32.34,EUR,https://www.ryanair.com/pl/pl/trip/flights/select?adults=1&dateOut=2027-01-30&originIata=CRL&destinationIata=WAW&isReturn=false
2027-01-30,13:50,LBA,WAW,45.99,GBP,https://www.ryanair.com/pl/pl/trip/flights/select?adults=1&dateOut=2027-01-30&originIata=LBA&destinationIata=WAW&isReturn=false
2027-01-30,06:15,TRN,WAW,58.99,EUR,https://www.ryanair.com/pl/pl/trip/flights/select?adults=1&dateOut=2027-01-30&originIata=TRN&destinationIata=WAW&isReturn=false
2027-01-30,13:45,AGP,WAW,61.99,EUR,https://www.ryanair.com/pl/pl/trip/flights/select?adults=1&dateOut=2027-01-30&originIata=AGP&destinationIata=WAW&isReturn=false
2027-01-30,18:40,WAW,LBA,119.0,PLN,https://www.ryanair.com/pl/pl/trip/flights/select?adults=1&dateOut=2027-01-30&originIata=WAW&destinationIata=LBA&isReturn=false
2027-01-30,10:05,WAW,CRL,128.0,PLN,https://www.ryanair.com/pl/pl/trip/flights/select?adults=1&dateOut=2027-01-30&originIata=WAW&destinationIata=CRL&isReturn=false
2027-01-30,20:25,WAW,LPL,131.36,PLN,https://www.ryanair.com/pl/pl/trip/flights/select?adults=1&dateOut=2027-01-30&originIata=WAW&destinationIata=LPL&isReturn=false
2027-01-30,08:55,WAW,TRN,232.1,PLN,https://www.ryanair.com/pl/pl/trip/flights/select?adults=1&dateOut=2027-01-30&originIata=WAW&destinationIata=TRN&isReturn=false
2027-01-30,18:00,WAW,AGP,354.74,PLN,https://www.ryanair.com/pl/pl/trip/flights/select?adults=1&dateOut=2027-01-30&originIata=WAW&destinationIata=AGP&isReturn=false
2027-01-31,06:05,LBA,WAW,27.29,GBP,https://www.ryanair.com/pl/pl/trip/flights/select?adults=1&dateOut=2027-01-31&originIata=LBA&destinationIata=WAW&isReturn=false
2027-01-31,16:20,CRL,WAW,29.99,EUR,https://www.ryanair.com/pl/pl/trip/flights/select?adults=1&dateOut=2027-01-31&originIata=CRL&destinationIata=WAW&isReturn=false
2027-01-31,08:05,NAP,WAW,38.99,EUR,https://www.ryanair.com/pl/pl/trip/flights/select?adults=1&dateOut=2027-01-31&originIata=NAP&destinationIata=WAW&isReturn=false
2027-01-31,15:40,BRI,WAW,40.19,EUR,https://www.ryanair.com/pl/pl/trip/flights/select?adults=1&dateOut=2027-01-31&originIata=BRI&destinationIata=WAW&isReturn=false
2027-01-31,10:00,BLQ,WAW,41.99,EUR,https://www.ryanair.com/pl/pl/trip/flights/select?adults=1&dateOut=2027-01-31&originIata=BLQ&destinationIata=WAW&isReturn=false
2027-01-31,07:25,AGP,WAW,52.99,EUR,https://www.ryanair.com/pl/pl/trip/flights/select?adults=1&dateOut=2027-01-31&originIata=AGP&destinationIata=WAW&isReturn=false
2027-01-31,06:55,SVQ,WAW,58.99,EUR,https://www.ryanair.com/pl/pl/trip/flights/select?adults=1&dateOut=2027-01-31&originIata=SVQ&destinationIata=WAW&isReturn=false
2027-01-31,09:55,WAW,LBA,119.0,PLN,https://www.ryanair.com/pl/pl/trip/flights/select?adults=1&dateOut=2027-01-31&originIata=WAW&destinationIata=LBA&isReturn=false
2027-01-31,18:50,WAW,CRL,128.0,PLN,https://www.ryanair.com/pl/pl/trip/flights/select?adults=1&dateOut=2027-01-31&originIata=WAW&destinationIata=CRL&isReturn=false
2027-01-31,11:10,WAW,NAP,166.39,PLN,https://www.ryanair.com/pl/pl/trip/flights/select?adults=1&dateOut=2027-01-31&originIata=WAW&destinationIata=NAP&isReturn=false
2027-01-31,18:25,WAW,BRI,172.02,PLN,https://www.ryanair.com/pl/pl/trip/flights/select?adults=1&dateOut=2027-01-31&originIata=WAW&destinationIata=BRI&isReturn=false
2027-01-31,12:35,WAW,BLQ,267.13,PLN,https://www.ryanair.com/pl/pl/trip/flights/select?adults=1&dateOut=2027-01-31&originIata=WAW&destinationIata=BLQ&isReturn=false
2027-01-31,11:10,WAW,SVQ,351.09,PLN,https://www.ryanair.com/pl/pl/trip/flights/select?adults=1&dateOut=2027-01-31&originIata=WAW&destinationIata=SVQ&isReturn=false
2027-01-31,11:40,WAW,AGP,367.87,PLN,https://www.ryanair.com/pl/pl/trip/flights/select?adults=1&dateOut=2027-01-31&originIata=WAW&destinationIata=AGP&isReturn=false
2027-02-01,17:05,LPL,WAW,27.99,GBP,https://www.ryanair.com/pl/pl/trip/flights/select?adults=1&dateOut=2027-02-01&originIata=LPL&destinationIata=WAW&isReturn=false
2027-02-01,18:25,CRL,WAW,29.99,EUR,https://www.ryanair.com/pl/pl/trip/flights/select?adults=1&dateOut=2027-02-01&originIata=CRL&destinationIata=WAW&isReturn=false
2027-02-01,07:15,AGP,WAW,30.99,EUR,https://www.ryanair.com/pl/pl/trip/flights/select?adults=1&dateOut=2027-02-01&originIata=AGP&destinationIata=WAW&isReturn=false
2027-02-01,06:00,NAP,WAW,36.99,EUR,https://www.ryanair.com/pl/pl/trip/flights/select?adults=1&dateOut=2027-02-01&originIata=NAP&destinationIata=WAW&isReturn=false
2027-02-01,16:10,BLQ,WAW,43.99,EUR,https://www.ryanair.com/pl/pl/trip/flights/select?adults=1&dateOut=2027-02-01&originIata=BLQ&destinationIata=WAW&isReturn=false
2027-02-01,16:05,VCE,WAW,60.74,EUR,https://www.ryanair.com/pl/pl/trip/flights/select?adults=1&dateOut=2027-02-01&originIata=VCE&destinationIata=WAW&isReturn=false
2027-02-01,08:50,WAW,VCE,109.46,PLN,https://www.ryanair.com/pl/pl/trip/flights/select?adults=1&dateOut=2027-02-01&originIata=WAW&destinationIata=VCE&isReturn=false
2027-02-01,19:35,WAW,BLQ,109.46,PLN,https://www.ryanair.com/pl/pl/trip/flights/select?adults=1&dateOut=2027-02-01&originIata=WAW&destinationIata=BLQ&isReturn=false
2027-02-01,20:50,WAW,CRL,128.0,PLN,https://www.ryanair.com/pl/pl/trip/flights/select?adults=1&dateOut=2027-02-01&originIata=WAW&destinationIata=CRL&isReturn=false
2027-02-01,21:15,WAW,LPL,128.0,PLN,https://www.ryanair.com/pl/pl/trip/flights/select?adults=1&dateOut=2027-02-01&originIata=WAW&destinationIata=LPL&isReturn=false
2027-02-01,08:55,WAW,NAP,289.04,PLN,https://www.ryanair.com/pl/pl/trip/flights/select?adults=1&dateOut=2027-02-01&originIata=WAW&destinationIata=NAP&isReturn=false
2027-02-01,12:30,WAW,AGP,423.63,PLN,https://www.ryanair.com/pl/pl/trip/flights/select?adults=1&dateOut=2027-02-01&originIata=WAW&destinationIata=AGP&isReturn=false
2027-02-02,08:05,NAP,WAW,32.99,EUR,https://www.ryanair.com/pl/pl/trip/flights/select?adults=1&dateOut=2027-02-02&originIata=NAP&destinationIata=WAW&isReturn=false
2027-02-02,16:30,AGP,WAW,42.24,EUR,https://www.ryanair.com/pl/pl/trip/flights/select?adults=1&dateOut=2027-02-02&originIata=AGP&destinationIata=WAW&isReturn=false
2027-02-02,11:00,WAW,NAP,153.0,PLN,https://www.ryanair.com/pl/pl/trip/flights/select?adults=1&dateOut=2027-02-02&originIata=WAW&destinationIata=NAP&isReturn=false
2027-02-02,20:50,WAW,AGP,354.74,PLN,https://www.ryanair.com/pl/pl/trip/flights/select?adults=1&dateOut=2027-02-02&originIata=WAW&destinationIata=AGP&isReturn=false
2027-02-03,06:55,BRI,WAW,25.99,EUR,https://www.ryanair.com/pl/pl/trip/flights/select?adults=1&dateOut=2027-02-03&originIata=BRI&destinationIata=WAW&isReturn=false
2027-02-03,06:50,SVQ,WAW,29.99,EUR,https://www.ryanair.com/pl/pl/trip/flights/select?adults=1&dateOut=2027-02-03&originIata=SVQ&destinationIata=WAW&isReturn=false
2027-02-03,06:15,VCE,WAW,34.99,EUR,https://www.ryanair.com/pl/pl/trip/flights/select?adults=1&dateOut=2027-02-03&originIata=VCE&destinationIata=WAW&isReturn=false
2027-02-03,08:15,NAP,WAW,37.99,EUR,https://www.ryanair.com/pl/pl/trip/flights/select?adults=1&dateOut=2027-02-03&originIata=NAP&destinationIata=WAW&isReturn=false
2027-02-03,14:25,AGP,WAW,48.99,EUR,https://www.ryanair.com/pl/pl/trip/flights/select?adults=1&dateOut=2027-02-03&originIata=AGP&destinationIata=WAW&isReturn=false
2027-02-03,08:40,WAW,VCE,140.12,PLN,https://www.ryanair.com/pl/pl/trip/flights/select?adults=1&dateOut=2027-02-03&originIata=WAW&destinationIata=VCE&isReturn=false
2027-02-03,12:00,WAW,NAP,153.0,PLN,https://www.ryanair.com/pl/pl/trip/flights/select?adults=1&dateOut=2027-02-03&originIata=WAW&destinationIata=NAP&isReturn=false
2027-02-03,09:45,WAW,BRI,188.3,PLN,https://www.ryanair.com/pl/pl/trip/flights/select?adults=1&dateOut=2027-02-03&originIata=WAW&destinationIata=BRI&isReturn=false
2027-02-03,19:35,WAW,AGP,332.83,PLN,https://www.ryanair.com/pl/pl/trip/flights/select?adults=1&dateOut=2027-02-03&originIata=WAW&destinationIata=AGP&isReturn=false
2027-02-03,11:20,WAW,SVQ,351.09,PLN,https://www.ryanair.com/pl/pl/trip/flights/select?adults=1&dateOut=2027-02-03&originIata=WAW&destinationIata=SVQ&isReturn=false
2027-02-04,16:30,LBA,WAW,27.29,GBP,https://www.ryanair.com/pl/pl/trip/flights/select?adults=1&dateOut=2027-02-04&originIata=LBA&destinationIata=WAW&isReturn=false
2027-02-04,15:15,CRL,WAW,30.99,EUR,https://www.ryanair.com/pl/pl/trip/flights/select?adults=1&dateOut=2027-02-04&originIata=CRL&destinationIata=WAW&isReturn=false
2027-02-04,06:45,AGP,WAW,33.99,EUR,https://www.ryanair.com/pl/pl/trip/flights/select?adults=1&dateOut=2027-02-04&originIata=AGP&destinationIata=WAW&isReturn=false
2027-02-04,20:40,WAW,LBA,119.0,PLN,https://www.ryanair.com/pl/pl/trip/flights/select?adults=1&dateOut=2027-02-04&originIata=WAW&destinationIata=LBA&isReturn=false
2027-02-04,18:40,WAW,CRL,128.0,PLN,https://www.ryanair.com/pl/pl/trip/flights/select?adults=1&dateOut=2027-02-04&originIata=WAW&destinationIata=CRL&isReturn=false
2027-02-04,11:10,WAW,AGP,332.84,PLN,https://www.ryanair.com/pl/pl/trip/flights/select?adults=1&dateOut=2027-02-04&originIata=WAW&destinationIata=AGP&isReturn=false
2027-02-05,06:40,NAP,WAW,24.99,EUR,https://www.ryanair.com/pl/pl/trip/flights/select?adults=1&dateOut=2027-02-05&originIata=NAP&destinationIata=WAW&isReturn=false
2027-02-05,06:45,AGP,WAW,42.24,EUR,https://www.ryanair.com/pl/pl/trip/flights/select?adults=1&dateOut=2027-02-05&originIata=AGP&destinationIata=WAW&isReturn=false
2027-02-05,06:05,VCE,WAW,44.99,EUR,https://www.ryanair.com/pl/pl/trip/flights/select?adults=1&dateOut=2027-02-05&originIata=VCE&destinationIata=WAW&isReturn=false
2027-02-05,17:45,CRL,WAW,47.89,EUR,https://www.ryanair.com/pl/pl/trip/flights/select?adults=1&dateOut=2027-02-05&originIata=CRL&destinationIata=WAW&isReturn=false
2027-02-05,15:50,BLQ,WAW,50.99,EUR,https://www.ryanair.com/pl/pl/trip/flights/select?adults=1&dateOut=2027-02-05&originIata=BLQ&destinationIata=WAW&isReturn=false
2027-02-05,06:00,BRI,WAW,77.99,EUR,https://www.ryanair.com/pl/pl/trip/flights/select?adults=1&dateOut=2027-02-05&originIata=BRI&destinationIata=WAW&isReturn=false
2027-02-05,18:20,WAW,BLQ,144.5,PLN,https://www.ryanair.com/pl/pl/trip/flights/select?adults=1&dateOut=2027-02-05&originIata=WAW&destinationIata=BLQ&isReturn=false
2027-02-05,08:45,WAW,BRI,183.92,PLN,https://www.ryanair.com/pl/pl/trip/flights/select?adults=1&dateOut=2027-02-05&originIata=WAW&destinationIata=BRI&isReturn=false
2027-02-05,09:25,WAW,NAP,233.41,PLN,https://www.ryanair.com/pl/pl/trip/flights/select?adults=1&dateOut=2027-02-05&originIata=WAW&destinationIata=NAP&isReturn=false
2027-02-05,08:30,WAW,VCE,258.81,PLN,https://www.ryanair.com/pl/pl/trip/flights/select?adults=1&dateOut=2027-02-05&originIata=WAW&destinationIata=VCE&isReturn=false
2027-02-05,20:25,WAW,AGP,280.28,PLN,https://www.ryanair.com/pl/pl/trip/flights/select?adults=1&dateOut=2027-02-05&originIata=WAW&destinationIata=AGP&isReturn=false
2027-02-05,20:10,WAW,CRL,350.35,PLN,https://www.ryanair.com/pl/pl/trip/flights/select?adults=1&dateOut=2027-02-05&originIata=WAW&destinationIata=CRL&isReturn=false
2027-02-06,13:50,LBA,WAW,25.99,GBP,https://www.ryanair.com/pl/pl/trip/flights/select?adults=1&dateOut=2027-02-06&originIata=LBA&destinationIata=WAW&isReturn=false
2027-02-06,07:30,CRL,WAW,28.99,EUR,https://www.ryanair.com/pl/pl/trip/flights/select?adults=1&dateOut=2027-02-06&originIata=CRL&destinationIata=WAW&isReturn=false
2027-02-06,16:20,LPL,WAW,37.24,GBP,https://www.ryanair.com/pl/pl/trip/flights/select?adults=1&dateOut=2027-02-06&originIata=LPL&destinationIata=WAW&isReturn=false
2027-02-06,06:15,TRN,WAW,58.99,EUR,https://www.ryanair.com/pl/pl/trip/flights/select?adults=1&dateOut=2027-02-06&originIata=TRN&destinationIata=WAW&isReturn=false
2027-02-06,13:45,AGP,WAW,81.99,EUR,https://www.ryanair.com/pl/pl/trip/flights/select?adults=1&dateOut=2027-02-06&originIata=AGP&destinationIata=WAW&isReturn=false
2027-02-06,20:25,WAW,LPL,87.55,PLN,https://www.ryanair.com/pl/pl/trip/flights/select?adults=1&dateOut=2027-02-06&originIata=WAW&destinationIata=LPL&isReturn=false
2027-02-06,10:05,WAW,CRL,128.0,PLN,https://www.ryanair.com/pl/pl/trip/flights/select?adults=1&dateOut=2027-02-06&originIata=WAW&destinationIata=CRL&isReturn=false
2027-02-06,18:40,WAW,LBA,135.73,PLN,https://www.ryanair.com/pl/pl/trip/flights/select?adults=1&dateOut=2027-02-06&originIata=WAW&destinationIata=LBA&isReturn=false
2027-02-06,08:55,WAW,TRN,217.0,PLN,https://www.ryanair.com/pl/pl/trip/flights/select?adults=1&dateOut=2027-02-06&originIata=WAW&destinationIata=TRN&isReturn=false
2027-02-06,18:00,WAW,AGP,332.84,PLN,https://www.ryanair.com/pl/pl/trip/flights/select?adults=1&dateOut=2027-02-06&originIata=WAW&destinationIata=AGP&isReturn=false
2027-02-07,06:05,LBA,WAW,26.99,GBP,https://www.ryanair.com/pl/pl/trip/flights/select?adults=1&dateOut=2027-02-07&originIata=LBA&destinationIata=WAW&isReturn=false
2027-02-07,16:20,CRL,WAW,27.99,EUR,https://www.ryanair.com/pl/pl/trip/flights/select?adults=1&dateOut=2027-02-07&originIata=CRL&destinationIata=WAW&isReturn=false
2027-02-07,10:00,BLQ,WAW,33.99,EUR,https://www.ryanair.com/pl/pl/trip/flights/select?adults=1&dateOut=2027-02-07&originIata=BLQ&destinationIata=WAW&isReturn=false
2027-02-07,08:05,NAP,WAW,54.65,EUR,https://www.ryanair.com/pl/pl/trip/flights/select?adults=1&dateOut=2027-02-07&originIata=NAP&destinationIata=WAW&isReturn=false
2027-02-07,06:55,SVQ,WAW,61.99,EUR,https://www.ryanair.com/pl/pl/trip/flights/select?adults=1&dateOut=2027-02-07&originIata=SVQ&destinationIata=WAW&isReturn=false
2027-02-07,15:40,BRI,WAW,76.99,EUR,https://www.ryanair.com/pl/pl/trip/flights/select?adults=1&dateOut=2027-02-07&originIata=BRI&destinationIata=WAW&isReturn=false
2027-02-07,07:25,AGP,WAW,95.99,EUR,https://www.ryanair.com/pl/pl/trip/flights/select?adults=1&dateOut=2027-02-07&originIata=AGP&destinationIata=WAW&isReturn=false
2027-02-07,09:55,WAW,LBA,129.07,PLN,https://www.ryanair.com/pl/pl/trip/flights/select?adults=1&dateOut=2027-02-07&originIata=WAW&destinationIata=LBA&isReturn=false
2027-02-07,12:35,WAW,BLQ,144.26,PLN,https://www.ryanair.com/pl/pl/trip/flights/select?adults=1&dateOut=2027-02-07&originIata=WAW&destinationIata=BLQ&isReturn=false
2027-02-07,18:50,WAW,CRL,200.08,PLN,https://www.ryanair.com/pl/pl/trip/flights/select?adults=1&dateOut=2027-02-07&originIata=WAW&destinationIata=CRL&isReturn=false
2027-02-07,18:25,WAW,BRI,275.89,PLN,https://www.ryanair.com/pl/pl/trip/flights/select?adults=1&dateOut=2027-02-07&originIata=WAW&destinationIata=BRI&isReturn=false
2027-02-07,11:10,WAW,SVQ,284.66,PLN,https://www.ryanair.com/pl/pl/trip/flights/select?adults=1&dateOut=2027-02-07&originIata=WAW&destinationIata=SVQ&isReturn=false
2027-02-07,11:40,WAW,AGP,286.12,PLN,https://www.ryanair.com/pl/pl/trip/flights/select?adults=1&dateOut=2027-02-07&originIata=WAW&destinationIata=AGP&isReturn=false
2027-02-07,11:10,WAW,NAP,302.17,PLN,https://www.ryanair.com/pl/pl/trip/flights/select?adults=1&dateOut=2027-02-07&originIata=WAW&destinationIata=NAP&isReturn=false
2027-02-08,15:15,CRL,WAW,22.99,EUR,https://www.ryanair.com/pl/pl/trip/flights/select?adults=1&dateOut=2027-02-08&originIata=CRL&destinationIata=WAW&isReturn=false
2027-02-08,16:10,BLQ,WAW,26.99,EUR,https://www.ryanair.com/pl/pl/trip/flights/select?adults=1&dateOut=2027-02-08&originIata=BLQ&destinationIata=WAW&isReturn=false
2027-02-08,17:05,LPL,WAW,27.99,GBP,https://www.ryanair.com/pl/pl/trip/flights/select?adults=1&dateOut=2027-02-08&originIata=LPL&destinationIata=WAW&isReturn=false
2027-02-08,06:00,NAP,WAW,29.99,EUR,https://www.ryanair.com/pl/pl/trip/flights/select?adults=1&dateOut=2027-02-08&originIata=NAP&destinationIata=WAW&isReturn=false
2027-02-08,16:05,VCE,WAW,30.99,EUR,https://www.ryanair.com/pl/pl/trip/flights/select?adults=1&dateOut=2027-02-08&originIata=VCE&destinationIata=WAW&isReturn=false
2027-02-08,07:15,AGP,WAW,80.99,EUR,https://www.ryanair.com/pl/pl/trip/flights/select?adults=1&dateOut=2027-02-08&originIata=AGP&destinationIata=WAW&isReturn=false
2027-02-08,21:15,WAW,LPL,109.46,PLN,https://www.ryanair.com/pl/pl/trip/flights/select?adults=1&dateOut=2027-02-08&originIata=WAW&destinationIata=LPL&isReturn=false
2027-02-08,19:35,WAW,BLQ,111.0,PLN,https://www.ryanair.com/pl/pl/trip/flights/select?adults=1&dateOut=2027-02-08&originIata=WAW&destinationIata=BLQ&isReturn=false
2027-02-08,17:50,WAW,CRL,128.0,PLN,https://www.ryanair.com/pl/pl/trip/flights/select?adults=1&dateOut=2027-02-08&originIata=WAW&destinationIata=CRL&isReturn=false
2027-02-08,18:55,WAW,VCE,236.47,PLN,https://www.ryanair.com/pl/pl/trip/flights/select?adults=1&dateOut=2027-02-08&originIata=WAW&destinationIata=VCE&isReturn=false
2027-02-08,08:55,WAW,NAP,302.17,PLN,https://www.ryanair.com/pl/pl/trip/flights/select?adults=1&dateOut=2027-02-08&originIata=WAW&destinationIata=NAP&isReturn=false
2027-02-08,12:30,WAW,AGP,378.35,PLN,https://www.ryanair.com/pl/pl/trip/flights/select?adults=1&dateOut=2027-02-08&originIata=WAW&destinationIata=AGP&isReturn=false
2027-02-09,08:05,NAP,WAW,40.99,EUR,https://www.ryanair.com/pl/pl/trip/flights/select?adults=1&dateOut=2027-02-09&originIata=NAP&destinationIata=WAW&isReturn=false
2027-02-09,16:30,AGP,WAW,86.99,EUR,https://www.ryanair.com/pl/pl/trip/flights/select?adults=1&dateOut=2027-02-09&originIata=AGP&destinationIata=WAW&isReturn=false
2027-02-09,11:00,WAW,NAP,200.96,PLN,https://www.ryanair.com/pl/pl/trip/flights/select?adults=1&dateOut=2027-02-09&originIata=WAW&destinationIata=NAP&isReturn=false
2027-02-09,20:50,WAW,AGP,223.34,PLN,https://www.ryanair.com/pl/pl/trip/flights/select?adults=1&dateOut=2027-02-09&originIata=WAW&destinationIata=AGP&isReturn=false
2027-02-10,08:15,NAP,WAW,37.99,EUR,https://www.ryanair.com/pl/pl/trip/flights/select?adults=1&dateOut=2027-02-10&originIata=NAP&destinationIata=WAW&isReturn=false
2027-02-10,06:55,BRI,WAW,41.99,EUR,https://www.ryanair.com/pl/pl/trip/flights/select?adults=1&dateOut=2027-02-10&originIata=BRI&destinationIata=WAW&isReturn=false
2027-02-10,06:15,VCE,WAW,49.99,EUR,https://www.ryanair.com/pl/pl/trip/flights/select?adults=1&dateOut=2027-02-10&originIata=VCE&destinationIata=WAW&isReturn=false
2027-02-10,14:25,AGP,WAW,88.69,EUR,https://www.ryanair.com/pl/pl/trip/flights/select?adults=1&dateOut=2027-02-10&originIata=AGP&destinationIata=WAW&isReturn=false
2027-02-10,06:50,SVQ,WAW,91.99,EUR,https://www.ryanair.com/pl/pl/trip/flights/select?adults=1&dateOut=2027-02-10&originIata=SVQ&destinationIata=WAW&isReturn=false
2027-02-10,09:45,WAW,BRI,179.54,PLN,https://www.ryanair.com/pl/pl/trip/flights/select?adults=1&dateOut=2027-02-10&originIata=WAW&destinationIata=BRI&isReturn=false
2027-02-10,19:35,WAW,AGP,180.24,PLN,https://www.ryanair.com/pl/pl/trip/flights/select?adults=1&dateOut=2027-02-10&originIata=WAW&destinationIata=AGP&isReturn=false
2027-02-10,11:20,WAW,SVQ,197.02,PLN,https://www.ryanair.com/pl/pl/trip/flights/select?adults=1&dateOut=2027-02-10&originIata=WAW&destinationIata=SVQ&isReturn=false
2027-02-10,08:40,WAW,VCE,201.44,PLN,https://www.ryanair.com/pl/pl/trip/flights/select?adults=1&dateOut=2027-02-10&originIata=WAW&destinationIata=VCE&isReturn=false
2027-02-10,12:00,WAW,NAP,227.72,PLN,https://www.ryanair.com/pl/pl/trip/flights/select?adults=1&dateOut=2027-02-10&originIata=WAW&destinationIata=NAP&isReturn=false
2027-02-11,16:30,LBA,WAW,27.29,GBP,https://www.ryanair.com/pl/pl/trip/flights/select?adults=1&dateOut=2027-02-11&originIata=LBA&destinationIata=WAW&isReturn=false
2027-02-11,15:15,CRL,WAW,44.99,EUR,https://www.ryanair.com/pl/pl/trip/flights/select?adults=1&dateOut=2027-02-11&originIata=CRL&destinationIata=WAW&isReturn=false
2027-02-11,06:45,AGP,WAW,73.99,EUR,https://www.ryanair.com/pl/pl/trip/flights/select?adults=1&dateOut=2027-02-11&originIata=AGP&destinationIata=WAW&isReturn=false
2027-02-11,20:40,WAW,LBA,119.0,PLN,https://www.ryanair.com/pl/pl/trip/flights/select?adults=1&dateOut=2027-02-11&originIata=WAW&destinationIata=LBA&isReturn=false
2027-02-11,18:40,WAW,CRL,138.29,PLN,https://www.ryanair.com/pl/pl/trip/flights/select?adults=1&dateOut=2027-02-11&originIata=WAW&destinationIata=CRL&isReturn=false
2027-02-11,11:10,WAW,AGP,262.76,PLN,https://www.ryanair.com/pl/pl/trip/flights/select?adults=1&dateOut=2027-02-11&originIata=WAW&destinationIata=AGP&isReturn=false
2027-02-12,15:50,BLQ,WAW,37.99,EUR,https://www.ryanair.com/pl/pl/trip/flights/select?adults=1&dateOut=2027-02-12&originIata=BLQ&destinationIata=WAW&isReturn=false
2027-02-12,17:45,CRL,WAW,38.89,EUR,https://www.ryanair.com/pl/pl/trip/flights/select?adults=1&dateOut=2027-02-12&originIata=CRL&destinationIata=WAW&isReturn=false
2027-02-12,06:05,VCE,WAW,40.99,EUR,https://www.ryanair.com/pl/pl/trip/flights/select?adults=1&dateOut=2027-02-12&originIata=VCE&destinationIata=WAW&isReturn=false
2027-02-12,06:40,NAP,WAW,42.99,EUR,https://www.ryanair.com/pl/pl/trip/flights/select?adults=1&dateOut=2027-02-12&originIata=NAP&destinationIata=WAW&isReturn=false
2027-02-12,06:00,BRI,WAW,76.99,EUR,https://www.ryanair.com/pl/pl/trip/flights/select?adults=1&dateOut=2027-02-12&originIata=BRI&destinationIata=WAW&isReturn=false
2027-02-12,06:45,AGP,WAW,94.99,EUR,https://www.ryanair.com/pl/pl/trip/flights/select?adults=1&dateOut=2027-02-12&originIata=AGP&destinationIata=WAW&isReturn=false
2027-02-12,20:25,WAW,AGP,166.0,PLN,https://www.ryanair.com/pl/pl/trip/flights/select?adults=1&dateOut=2027-02-12&originIata=WAW&destinationIata=AGP&isReturn=false
2027-02-12,08:45,WAW,BRI,170.78,PLN,https://www.ryanair.com/pl/pl/trip/flights/select?adults=1&dateOut=2027-02-12&originIata=WAW&destinationIata=BRI&isReturn=false
2027-02-12,09:25,WAW,NAP,183.0,PLN,https://www.ryanair.com/pl/pl/trip/flights/select?adults=1&dateOut=2027-02-12&originIata=WAW&destinationIata=NAP&isReturn=false
2027-02-12,18:20,WAW,BLQ,187.0,PLN,https://www.ryanair.com/pl/pl/trip/flights/select?adults=1&dateOut=2027-02-12&originIata=WAW&destinationIata=BLQ&isReturn=false
2027-02-12,08:30,WAW,VCE,204.0,PLN,https://www.ryanair.com/pl/pl/trip/flights/select?adults=1&dateOut=2027-02-12&originIata=WAW&destinationIata=VCE&isReturn=false
2027-02-12,20:10,WAW,CRL,354.73,PLN,https://www.ryanair.com/pl/pl/trip/flights/select?adults=1&dateOut=2027-02-12&originIata=WAW&destinationIata=CRL&isReturn=false
2027-02-13,06:15,TRN,WAW,58.99,EUR,https://www.ryanair.com/pl/pl/trip/flights/select?adults=1&dateOut=2027-02-13&originIata=TRN&destinationIata=WAW&isReturn=false
2027-02-13,13:50,LBA,WAW,72.49,GBP,https://www.ryanair.com/pl/pl/trip/flights/select?adults=1&dateOut=2027-02-13&originIata=LBA&destinationIata=WAW&isReturn=false
2027-02-13,07:30,CRL,WAW,80.99,EUR,https://www.ryanair.com/pl/pl/trip/flights/select?adults=1&dateOut=2027-02-13&originIata=CRL&destinationIata=WAW&isReturn=false
2027-02-13,16:20,LPL,WAW,83.99,GBP,https://www.ryanair.com/pl/pl/trip/flights/select?adults=1&dateOut=2027-02-13&originIata=LPL&destinationIata=WAW&isReturn=false
2027-02-13,13:45,AGP,WAW,99.44,EUR,https://www.ryanair.com/pl/pl/trip/flights/select?adults=1&dateOut=2027-02-13&originIata=AGP&destinationIata=WAW&isReturn=false
2027-02-13,18:40,WAW,LBA,126.98,PLN,https://www.ryanair.com/pl/pl/trip/flights/select?adults=1&dateOut=2027-02-13&originIata=WAW&destinationIata=LBA&isReturn=false
2027-02-13,10:05,WAW,CRL,138.29,PLN,https://www.ryanair.com/pl/pl/trip/flights/select?adults=1&dateOut=2027-02-13&originIata=WAW&destinationIata=CRL&isReturn=false
2027-02-13,20:25,WAW,LPL,153.0,PLN,https://www.ryanair.com/pl/pl/trip/flights/select?adults=1&dateOut=2027-02-13&originIata=WAW&destinationIata=LPL&isReturn=false
2027-02-13,08:55,WAW,TRN,157.64,PLN,https://www.ryanair.com/pl/pl/trip/flights/select?adults=1&dateOut=2027-02-13&originIata=WAW&destinationIata=TRN&isReturn=false
2027-02-13,18:00,WAW,AGP,315.32,PLN,https://www.ryanair.com/pl/pl/trip/flights/select?adults=1&dateOut=2027-02-13&originIata=WAW&destinationIata=AGP&isReturn=false
2027-02-14,16:20,CRL,WAW,35.99,EUR,https://www.ryanair.com/pl/pl/trip/flights/select?adults=1&dateOut=2027-02-14&originIata=CRL&destinationIata=WAW&isReturn=false
2027-02-14,10:00,BLQ,WAW,38.99,EUR,https://www.ryanair.com/pl/pl/trip/flights/select?adults=1&dateOut=2027-02-14&originIata=BLQ&destinationIata=WAW&isReturn=false
2027-02-14,06:05,LBA,WAW,50.99,GBP,https://www.ryanair.com/pl/pl/trip/flights/select?adults=1&dateOut=2027-02-14&originIata=LBA&destinationIata=WAW&isReturn=false
2027-02-14,15:40,BRI,WAW,54.99,EUR,https://www.ryanair.com/pl/pl/trip/flights/select?adults=1&dateOut=2027-02-14&originIata=BRI&destinationIata=WAW&isReturn=false
2027-02-14,08:05,NAP,WAW,64.34,EUR,https://www.ryanair.com/pl/pl/trip/flights/select?adults=1&dateOut=2027-02-14&originIata=NAP&destinationIata=WAW&isReturn=false
2027-02-14,06:55,SVQ,WAW,82.49,EUR,https://www.ryanair.com/pl/pl/trip/flights/select?adults=1&dateOut=2027-02-14&originIata=SVQ&destinationIata=WAW&isReturn=false
2027-02-14,07:25,AGP,WAW,86.99,EUR,https://www.ryanair.com/pl/pl/trip/flights/select?adults=1&dateOut=2027-02-14&originIata=AGP&destinationIata=WAW&isReturn=false
2027-02-14,18:25,WAW,BRI,141.68,PLN,https://www.ryanair.com/pl/pl/trip/flights/select?adults=1&dateOut=2027-02-14&originIata=WAW&destinationIata=BRI&isReturn=false
2027-02-14,09:55,WAW,LBA,153.26,PLN,https://www.ryanair.com/pl/pl/trip/flights/select?adults=1&dateOut=2027-02-14&originIata=WAW&destinationIata=LBA&isReturn=false
2027-02-14,12:35,WAW,BLQ,153.26,PLN,https://www.ryanair.com/pl/pl/trip/flights/select?adults=1&dateOut=2027-02-14&originIata=WAW&destinationIata=BLQ&isReturn=false
2027-02-14,11:10,WAW,NAP,223.34,PLN,https://www.ryanair.com/pl/pl/trip/flights/select?adults=1&dateOut=2027-02-14&originIata=WAW&destinationIata=NAP&isReturn=false
2027-02-14,18:50,WAW,CRL,232.49,PLN,https://www.ryanair.com/pl/pl/trip/flights/select?adults=1&dateOut=2027-02-14&originIata=WAW&destinationIata=CRL&isReturn=false
2027-02-14,11:40,WAW,AGP,332.06,PLN,https://www.ryanair.com/pl/pl/trip/flights/select?adults=1&dateOut=2027-02-14&originIata=WAW&destinationIata=AGP&isReturn=false
2027-02-14,11:10,WAW,SVQ,416.05,PLN,https://www.ryanair.com/pl/pl/trip/flights/select?adults=1&dateOut=2027-02-14&originIata=WAW&destinationIata=SVQ&isReturn=false
2027-02-15,15:15,CRL,WAW,23.99,EUR,https://www.ryanair.com/pl/pl/trip/flights/select?adults=1&dateOut=2027-02-15&originIata=CRL&destinationIata=WAW&isReturn=false
2027-02-15,16:05,VCE,WAW,24.99,EUR,https://www.ryanair.com/pl/pl/trip/flights/select?adults=1&dateOut=2027-02-15&originIata=VCE&destinationIata=WAW&isReturn=false
2027-02-15,17:05,LPL,WAW,39.99,GBP,https://www.ryanair.com/pl/pl/trip/flights/select?adults=1&dateOut=2027-02-15&originIata=LPL&destinationIata=WAW&isReturn=false
2027-02-15,06:00,NAP,WAW,49.99,EUR,https://www.ryanair.com/pl/pl/trip/flights/select?adults=1&dateOut=2027-02-15&originIata=NAP&destinationIata=WAW&isReturn=false
2027-02-15,16:10,BLQ,WAW,50.99,EUR,https://www.ryanair.com/pl/pl/trip/flights/select?adults=1&dateOut=2027-02-15&originIata=BLQ&destinationIata=WAW&isReturn=false
2027-02-15,07:15,AGP,WAW,89.99,EUR,https://www.ryanair.com/pl/pl/trip/flights/select?adults=1&dateOut=2027-02-15&originIata=AGP&destinationIata=WAW&isReturn=false
2027-02-15,19:35,WAW,BLQ,109.46,PLN,https://www.ryanair.com/pl/pl/trip/flights/select?adults=1&dateOut=2027-02-15&originIata=WAW&destinationIata=BLQ&isReturn=false
2027-02-15,21:15,WAW,LPL,113.84,PLN,https://www.ryanair.com/pl/pl/trip/flights/select?adults=1&dateOut=2027-02-15&originIata=WAW&destinationIata=LPL&isReturn=false
2027-02-15,08:50,WAW,VCE,131.36,PLN,https://www.ryanair.com/pl/pl/trip/flights/select?adults=1&dateOut=2027-02-15&originIata=WAW&destinationIata=VCE&isReturn=false
2027-02-15,17:50,WAW,CRL,153.0,PLN,https://www.ryanair.com/pl/pl/trip/flights/select?adults=1&dateOut=2027-02-15&originIata=WAW&destinationIata=CRL&isReturn=false
2027-02-15,12:30,WAW,AGP,212.64,PLN,https://www.ryanair.com/pl/pl/trip/flights/select?adults=1&dateOut=2027-02-15&originIata=WAW&destinationIata=AGP&isReturn=false
2027-02-15,08:55,WAW,NAP,262.76,PLN,https://www.ryanair.com/pl/pl/trip/flights/select?adults=1&dateOut=2027-02-15&originIata=WAW&destinationIata=NAP&isReturn=false
2027-02-16,08:05,NAP,WAW,49.99,EUR,https://www.ryanair.com/pl/pl/trip/flights/select?adults=1&dateOut=2027-02-16&originIata=NAP&destinationIata=WAW&isReturn=false
2027-02-16,16:30,AGP,WAW,57.49,EUR,https://www.ryanair.com/pl/pl/trip/flights/select?adults=1&dateOut=2027-02-16&originIata=AGP&destinationIata=WAW&isReturn=false
2027-02-16,11:00,WAW,NAP,213.0,PLN,https://www.ryanair.com/pl/pl/trip/flights/select?adults=1&dateOut=2027-02-16&originIata=WAW&destinationIata=NAP&isReturn=false
2027-02-16,20:50,WAW,AGP,249.62,PLN,https://www.ryanair.com/pl/pl/trip/flights/select?adults=1&dateOut=2027-02-16&originIata=WAW&destinationIata=AGP&isReturn=false
2027-02-17,06:55,BRI,WAW,24.99,EUR,https://www.ryanair.com/pl/pl/trip/flights/select?adults=1&dateOut=2027-02-17&originIata=BRI&destinationIata=WAW&isReturn=false
2027-02-17,06:15,VCE,WAW,28.99,EUR,https://www.ryanair.com/pl/pl/trip/flights/select?adults=1&dateOut=2027-02-17&originIata=VCE&destinationIata=WAW&isReturn=false
2027-02-17,14:25,AGP,WAW,49.79,EUR,https://www.ryanair.com/pl/pl/trip/flights/select?adults=1&dateOut=2027-02-17&originIata=AGP&destinationIata=WAW&isReturn=false
2027-02-17,08:15,NAP,WAW,52.99,EUR,https://www.ryanair.com/pl/pl/trip/flights/select?adults=1&dateOut=2027-02-17&originIata=NAP&destinationIata=WAW&isReturn=false
2027-02-17,06:50,SVQ,WAW,72.99,EUR,https://www.ryanair.com/pl/pl/trip/flights/select?adults=1&dateOut=2027-02-17&originIata=SVQ&destinationIata=WAW&isReturn=false
2027-02-17,19:35,WAW,AGP,166.0,PLN,https://www.ryanair.com/pl/pl/trip/flights/select?adults=1&dateOut=2027-02-17&originIata=WAW&destinationIata=AGP&isReturn=false
2027-02-17,08:40,WAW,VCE,175.15,PLN,https://www.ryanair.com/pl/pl/trip/flights/select?adults=1&dateOut=2027-02-17&originIata=WAW&destinationIata=VCE&isReturn=false
2027-02-17,09:45,WAW,BRI,234.52,PLN,https://www.ryanair.com/pl/pl/trip/flights/select?adults=1&dateOut=2027-02-17&originIata=WAW&destinationIata=BRI&isReturn=false
2027-02-17,12:00,WAW,NAP,254.0,PLN,https://www.ryanair.com/pl/pl/trip/flights/select?adults=1&dateOut=2027-02-17&originIata=WAW&destinationIata=NAP&isReturn=false
2027-02-17,11:20,WAW,SVQ,315.32,PLN,https://www.ryanair.com/pl/pl/trip/flights/select?adults=1&dateOut=2027-02-17&originIata=WAW&destinationIata=SVQ&isReturn=false
2027-02-18,15:15,CRL,WAW,29.99,EUR,https://www.ryanair.com/pl/pl/trip/flights/select?adults=1&dateOut=2027-02-18&originIata=CRL&destinationIata=WAW&isReturn=false
2027-02-18,16:30,LBA,WAW,47.99,GBP,https://www.ryanair.com/pl/pl/trip/flights/select?adults=1&dateOut=2027-02-18&originIata=LBA&destinationIata=WAW&isReturn=false
2027-02-18,06:45,AGP,WAW,77.99,EUR,https://www.ryanair.com/pl/pl/trip/flights/select?adults=1&dateOut=2027-02-18&originIata=AGP&destinationIata=WAW&isReturn=false
2027-02-18,18:40,WAW,CRL,128.0,PLN,https://www.ryanair.com/pl/pl/trip/flights/select?adults=1&dateOut=2027-02-18&originIata=WAW&destinationIata=CRL&isReturn=false
2027-02-18,20:40,WAW,LBA,197.05,PLN,https://www.ryanair.com/pl/pl/trip/flights/select?adults=1&dateOut=2027-02-18&originIata=WAW&destinationIata=LBA&isReturn=false
2027-02-18,11:10,WAW,AGP,363.49,PLN,https://www.ryanair.com/pl/pl/trip/flights/select?adults=1&dateOut=2027-02-18&originIata=WAW&destinationIata=AGP&isReturn=false
2027-02-19,17:45,CRL,WAW,35.99,EUR,https://www.ryanair.com/pl/pl/trip/flights/select?adults=1&dateOut=2027-02-19&originIata=CRL&destinationIata=WAW&isReturn=false
2027-02-19,06:00,BRI,WAW,38.99,EUR,https://www.ryanair.com/pl/pl/trip/flights/select?adults=1&dateOut=2027-02-19&originIata=BRI&destinationIata=WAW&isReturn=false
2027-02-19,15:50,BLQ,WAW,43.99,EUR,https://www.ryanair.com/pl/pl/trip/flights/select?adults=1&dateOut=2027-02-19&originIata=BLQ&destinationIata=WAW&isReturn=false
2027-02-19,06:05,VCE,WAW,47.99,EUR,https://www.ryanair.com/pl/pl/trip/flights/select?adults=1&dateOut=2027-02-19&originIata=VCE&destinationIata=WAW&isReturn=false
2027-02-19,06:45,AGP,WAW,52.99,EUR,https://www.ryanair.com/pl/pl/trip/flights/select?adults=1&dateOut=2027-02-19&originIata=AGP&destinationIata=WAW&isReturn=false
2027-02-19,06:40,NAP,WAW,55.99,EUR,https://www.ryanair.com/pl/pl/trip/flights/select?adults=1&dateOut=2027-02-19&originIata=NAP&destinationIata=WAW&isReturn=false
2027-02-19,20:10,WAW,CRL,205.82,PLN,https://www.ryanair.com/pl/pl/trip/flights/select?adults=1&dateOut=2027-02-19&originIata=WAW&destinationIata=CRL&isReturn=false
2027-02-19,11:40,WAW,AGP,212.64,PLN,https://www.ryanair.com/pl/pl/trip/flights/select?adults=1&dateOut=2027-02-19&originIata=WAW&destinationIata=AGP&isReturn=false
2027-02-19,18:20,WAW,BLQ,218.96,PLN,https://www.ryanair.com/pl/pl/trip/flights/select?adults=1&dateOut=2027-02-19&originIata=WAW&destinationIata=BLQ&isReturn=false
2027-02-19,09:25,WAW,NAP,245.24,PLN,https://www.ryanair.com/pl/pl/trip/flights/select?adults=1&dateOut=2027-02-19&originIata=WAW&destinationIata=NAP&isReturn=false
2027-02-19,08:30,WAW,VCE,258.38,PLN,https://www.ryanair.com/pl/pl/trip/flights/select?adults=1&dateOut=2027-02-19&originIata=WAW&destinationIata=VCE&isReturn=false
2027-02-19,08:45,WAW,BRI,271.81,PLN,https://www.ryanair.com/pl/pl/trip/flights/select?adults=1&dateOut=2027-02-19&originIata=WAW&destinationIata=BRI&isReturn=false
2027-02-20,13:50,LBA,WAW,25.99,GBP,https://www.ryanair.com/pl/pl/trip/flights/select?adults=1&dateOut=2027-02-20&originIata=LBA&destinationIata=WAW&isReturn=false
2027-02-20,16:20,LPL,WAW,30.99,GBP,https://www.ryanair.com/pl/pl/trip/flights/select?adults=1&dateOut=2027-02-20&originIata=LPL&destinationIata=WAW&isReturn=false
2027-02-20,06:15,TRN,WAW,43.99,EUR,https://www.ryanair.com/pl/pl/trip/flights/select?adults=1&dateOut=2027-02-20&originIata=TRN&destinationIata=WAW&isReturn=false
2027-02-20,07:30,CRL,WAW,53.99,EUR,https://www.ryanair.com/pl/pl/trip/flights/select?adults=1&dateOut=2027-02-20&originIata=CRL&destinationIata=WAW&isReturn=false
2027-02-20,13:45,AGP,WAW,113.99,EUR,https://www.ryanair.com/pl/pl/trip/flights/select?adults=1&dateOut=2027-02-20&originIata=AGP&destinationIata=WAW&isReturn=false
2027-02-20,18:00,WAW,AGP,166.0,PLN,https://www.ryanair.com/pl/pl/trip/flights/select?adults=1&dateOut=2027-02-20&originIata=WAW&destinationIata=AGP&isReturn=false
2027-02-20,18:40,WAW,LBA,205.82,PLN,https://www.ryanair.com/pl/pl/trip/flights/select?adults=1&dateOut=2027-02-20&originIata=WAW&destinationIata=LBA&isReturn=false
2027-02-20,20:25,WAW,LPL,218.96,PLN,https://www.ryanair.com/pl/pl/trip/flights/select?adults=1&dateOut=2027-02-20&originIata=WAW&destinationIata=LPL&isReturn=false
2027-02-20,10:05,WAW,CRL,249.62,PLN,https://www.ryanair.com/pl/pl/trip/flights/select?adults=1&dateOut=2027-02-20&originIata=WAW&destinationIata=CRL&isReturn=false
2027-02-20,08:55,WAW,TRN,289.0,PLN,https://www.ryanair.com/pl/pl/trip/flights/select?adults=1&dateOut=2027-02-20&originIata=WAW&destinationIata=TRN&isReturn=false
2027-02-21,06:05,LBA,WAW,25.99,GBP,https://www.ryanair.com/pl/pl/trip/flights/select?adults=1&dateOut=2027-02-21&originIata=LBA&destinationIata=WAW&isReturn=false
2027-02-21,10:00,BLQ,WAW,25.99,EUR,https://www.ryanair.com/pl/pl/trip/flights/select?adults=1&dateOut=2027-02-21&originIata=BLQ&destinationIata=WAW&isReturn=false
2027-02-21,16:20,CRL,WAW,32.34,EUR,https://www.ryanair.com/pl/pl/trip/flights/select?adults=1&dateOut=2027-02-21&originIata=CRL&destinationIata=WAW&isReturn=false
2027-02-21,06:55,SVQ,WAW,42.99,EUR,https://www.ryanair.com/pl/pl/trip/flights/select?adults=1&dateOut=2027-02-21&originIata=SVQ&destinationIata=WAW&isReturn=false
2027-02-21,15:40,BRI,WAW,63.74,EUR,https://www.ryanair.com/pl/pl/trip/flights/select?adults=1&dateOut=2027-02-21&originIata=BRI&destinationIata=WAW&isReturn=false
2027-02-21,08:05,NAP,WAW,66.99,EUR,https://www.ryanair.com/pl/pl/trip/flights/select?adults=1&dateOut=2027-02-21&originIata=NAP&destinationIata=WAW&isReturn=false
2027-02-21,07:25,AGP,WAW,88.99,EUR,https://www.ryanair.com/pl/pl/trip/flights/select?adults=1&dateOut=2027-02-21&originIata=AGP&destinationIata=WAW&isReturn=false
2027-02-21,12:35,WAW,BLQ,111.0,PLN,https://www.ryanair.com/pl/pl/trip/flights/select?adults=1&dateOut=2027-02-21&originIata=WAW&destinationIata=BLQ&isReturn=false
2027-02-21,11:10,WAW,SVQ,128.0,PLN,https://www.ryanair.com/pl/pl/trip/flights/select?adults=1&dateOut=2027-02-21&originIata=WAW&destinationIata=SVQ&isReturn=false
2027-02-21,11:10,WAW,NAP,144.49,PLN,https://www.ryanair.com/pl/pl/trip/flights/select?adults=1&dateOut=2027-02-21&originIata=WAW&destinationIata=NAP&isReturn=false
2027-02-21,18:25,WAW,BRI,183.92,PLN,https://www.ryanair.com/pl/pl/trip/flights/select?adults=1&dateOut=2027-02-21&originIata=WAW&destinationIata=BRI&isReturn=false
2027-02-21,09:55,WAW,LBA,218.96,PLN,https://www.ryanair.com/pl/pl/trip/flights/select?adults=1&dateOut=2027-02-21&originIata=WAW&destinationIata=LBA&isReturn=false
2027-02-21,18:50,WAW,CRL,324.08,PLN,https://www.ryanair.com/pl/pl/trip/flights/select?adults=1&dateOut=2027-02-21&originIata=WAW&destinationIata=CRL&isReturn=false
2027-02-21,11:40,WAW,AGP,433.57,PLN,https://www.ryanair.com/pl/pl/trip/flights/select?adults=1&dateOut=2027-02-21&originIata=WAW&destinationIata=AGP&isReturn=false
2027-02-22,17:05,LPL,WAW,25.69,GBP,https://www.ryanair.com/pl/pl/trip/flights/select?adults=1&dateOut=2027-02-22&originIata=LPL&destinationIata=WAW&isReturn=false
2027-02-22,06:15,VCE,WAW,26.99,EUR,https://www.ryanair.com/pl/pl/trip/flights/select?adults=1&dateOut=2027-02-22&originIata=VCE&destinationIata=WAW&isReturn=false
2027-02-22,18:25,CRL,WAW,29.99,EUR,https://www.ryanair.com/pl/pl/trip/flights/select?adults=1&dateOut=2027-02-22&originIata=CRL&destinationIata=WAW&isReturn=false
2027-02-22,16:10,BLQ,WAW,39.99,EUR,https://www.ryanair.com/pl/pl/trip/flights/select?adults=1&dateOut=2027-02-22&originIata=BLQ&destinationIata=WAW&isReturn=false
2027-02-22,07:15,AGP,WAW,57.49,EUR,https://www.ryanair.com/pl/pl/trip/flights/select?adults=1&dateOut=2027-02-22&originIata=AGP&destinationIata=WAW&isReturn=false
2027-02-22,06:00,NAP,WAW,67.99,EUR,https://www.ryanair.com/pl/pl/trip/flights/select?adults=1&dateOut=2027-02-22&originIata=NAP&destinationIata=WAW&isReturn=false
2027-02-22,21:15,WAW,LPL,128.0,PLN,https://www.ryanair.com/pl/pl/trip/flights/select?adults=1&dateOut=2027-02-22&originIata=WAW&destinationIata=LPL&isReturn=false
2027-02-22,19:35,WAW,BLQ,135.74,PLN,https://www.ryanair.com/pl/pl/trip/flights/select?adults=1&dateOut=2027-02-22&originIata=WAW&destinationIata=BLQ&isReturn=false
2027-02-22,17:50,WAW,CRL,165.7,PLN,https://www.ryanair.com/pl/pl/trip/flights/select?adults=1&dateOut=2027-02-22&originIata=WAW&destinationIata=CRL&isReturn=false
2027-02-22,12:30,WAW,AGP,180.24,PLN,https://www.ryanair.com/pl/pl/trip/flights/select?adults=1&dateOut=2027-02-22&originIata=WAW&destinationIata=AGP&isReturn=false
2027-02-22,18:55,WAW,VCE,204.0,PLN,https://www.ryanair.com/pl/pl/trip/flights/select?adults=1&dateOut=2027-02-22&originIata=WAW&destinationIata=VCE&isReturn=false
2027-02-22,08:55,WAW,NAP,223.34,PLN,https://www.ryanair.com/pl/pl/trip/flights/select?adults=1&dateOut=2027-02-22&originIata=WAW&destinationIata=NAP&isReturn=false
2027-02-23,08:05,NAP,WAW,48.99,EUR,https://www.ryanair.com/pl/pl/trip/flights/select?adults=1&dateOut=2027-02-23&originIata=NAP&destinationIata=WAW&isReturn=false
2027-02-23,16:30,AGP,WAW,57.49,EUR,https://www.ryanair.com/pl/pl/trip/flights/select?adults=1&dateOut=2027-02-23&originIata=AGP&destinationIata=WAW&isReturn=false
2027-02-23,20:50,WAW,AGP,166.0,PLN,https://www.ryanair.com/pl/pl/trip/flights/select?adults=1&dateOut=2027-02-23&originIata=WAW&destinationIata=AGP&isReturn=false
2027-02-23,11:00,WAW,NAP,218.96,PLN,https://www.ryanair.com/pl/pl/trip/flights/select?adults=1&dateOut=2027-02-23&originIata=WAW&destinationIata=NAP&isReturn=false
2027-02-24,06:55,BRI,WAW,46.99,EUR,https://www.ryanair.com/pl/pl/trip/flights/select?adults=1&dateOut=2027-02-24&originIata=BRI&destinationIata=WAW&isReturn=false
2027-02-24,08:15,NAP,WAW,49.99,EUR,https://www.ryanair.com/pl/pl/trip/flights/select?adults=1&dateOut=2027-02-24&originIata=NAP&destinationIata=WAW&isReturn=false
2027-02-24,06:15,VCE,WAW,58.99,EUR,https://www.ryanair.com/pl/pl/trip/flights/select?adults=1&dateOut=2027-02-24&originIata=VCE&destinationIata=WAW&isReturn=false
2027-02-24,14:25,AGP,WAW,67.04,EUR,https://www.ryanair.com/pl/pl/trip/flights/select?adults=1&dateOut=2027-02-24&originIata=AGP&destinationIata=WAW&isReturn=false
2027-02-24,06:50,SVQ,WAW,110.99,EUR,https://www.ryanair.com/pl/pl/trip/flights/select?adults=1&dateOut=2027-02-24&originIata=SVQ&destinationIata=WAW&isReturn=false
2027-02-24,11:20,WAW,SVQ,153.0,PLN,https://www.ryanair.com/pl/pl/trip/flights/select?adults=1&dateOut=2027-02-24&originIata=WAW&destinationIata=SVQ&isReturn=false
2027-02-24,19:35,WAW,AGP,166.0,PLN,https://www.ryanair.com/pl/pl/trip/flights/select?adults=1&dateOut=2027-02-24&originIata=WAW&destinationIata=AGP&isReturn=false
2027-02-24,08:40,WAW,VCE,170.78,PLN,https://www.ryanair.com/pl/pl/trip/flights/select?adults=1&dateOut=2027-02-24&originIata=WAW&destinationIata=VCE&isReturn=false
2027-02-24,09:45,WAW,BRI,175.16,PLN,https://www.ryanair.com/pl/pl/trip/flights/select?adults=1&dateOut=2027-02-24&originIata=WAW&destinationIata=BRI&isReturn=false
2027-02-24,12:00,WAW,NAP,213.0,PLN,https://www.ryanair.com/pl/pl/trip/flights/select?adults=1&dateOut=2027-02-24&originIata=WAW&destinationIata=NAP&isReturn=false
2027-02-25,15:15,CRL,WAW,29.99,EUR,https://www.ryanair.com/pl/pl/trip/flights/select?adults=1&dateOut=2027-02-25&originIata=CRL&destinationIata=WAW&isReturn=false
2027-02-25,16:30,LBA,WAW,50.99,GBP,https://www.ryanair.com/pl/pl/trip/flights/select?adults=1&dateOut=2027-02-25&originIata=LBA&destinationIata=WAW&isReturn=false
2027-02-25,06:45,AGP,WAW,102.99,EUR,https://www.ryanair.com/pl/pl/trip/flights/select?adults=1&dateOut=2027-02-25&originIata=AGP&destinationIata=WAW&isReturn=false
2027-02-25,20:40,WAW,LBA,175.16,PLN,https://www.ryanair.com/pl/pl/trip/flights/select?adults=1&dateOut=2027-02-25&originIata=WAW&destinationIata=LBA&isReturn=false
2027-02-25,18:40,WAW,CRL,236.48,PLN,https://www.ryanair.com/pl/pl/trip/flights/select?adults=1&dateOut=2027-02-25&originIata=WAW&destinationIata=CRL&isReturn=false
2027-02-25,11:10,WAW,AGP,267.14,PLN,https://www.ryanair.com/pl/pl/trip/flights/select?adults=1&dateOut=2027-02-25&originIata=WAW&destinationIata=AGP&isReturn=false
2027-02-26,17:45,CRL,WAW,29.99,EUR,https://www.ryanair.com/pl/pl/trip/flights/select?adults=1&dateOut=2027-02-26&originIata=CRL&destinationIata=WAW&isReturn=false
2027-02-26,15:50,BLQ,WAW,47.99,EUR,https://www.ryanair.com/pl/pl/trip/flights/select?adults=1&dateOut=2027-02-26&originIata=BLQ&destinationIata=WAW&isReturn=false
2027-02-26,06:00,BRI,WAW,50.99,EUR,https://www.ryanair.com/pl/pl/trip/flights/select?adults=1&dateOut=2027-02-26&originIata=BRI&destinationIata=WAW&isReturn=false
2027-02-26,06:40,NAP,WAW,58.99,EUR,https://www.ryanair.com/pl/pl/trip/flights/select?adults=1&dateOut=2027-02-26&originIata=NAP&destinationIata=WAW&isReturn=false
2027-02-26,06:05,VCE,WAW,64.99,EUR,https://www.ryanair.com/pl/pl/trip/flights/select?adults=1&dateOut=2027-02-26&originIata=VCE&destinationIata=WAW&isReturn=false
2027-02-26,06:45,AGP,WAW,88.69,EUR,https://www.ryanair.com/pl/pl/trip/flights/select?adults=1&dateOut=2027-02-26&originIata=AGP&destinationIata=WAW&isReturn=false
2027-02-26,20:10,WAW,CRL,128.0,PLN,https://www.ryanair.com/pl/pl/trip/flights/select?adults=1&dateOut=2027-02-26&originIata=WAW&destinationIata=CRL&isReturn=false
2027-02-26,20:25,WAW,AGP,166.0,PLN,https://www.ryanair.com/pl/pl/trip/flights/select?adults=1&dateOut=2027-02-26&originIata=WAW&destinationIata=AGP&isReturn=false
2027-02-26,09:25,WAW,NAP,213.0,PLN,https://www.ryanair.com/pl/pl/trip/flights/select?adults=1&dateOut=2027-02-26&originIata=WAW&destinationIata=NAP&isReturn=false
2027-02-26,08:45,WAW,BRI,217.0,PLN,https://www.ryanair.com/pl/pl/trip/flights/select?adults=1&dateOut=2027-02-26&originIata=WAW&destinationIata=BRI&isReturn=false
2027-02-26,18:20,WAW,BLQ,217.0,PLN,https://www.ryanair.com/pl/pl/trip/flights/select?adults=1&dateOut=2027-02-26&originIata=WAW&destinationIata=BLQ&isReturn=false
2027-02-26,08:30,WAW,VCE,232.1,PLN,https://www.ryanair.com/pl/pl/trip/flights/select?adults=1&dateOut=2027-02-26&originIata=WAW&destinationIata=VCE&isReturn=false
2027-02-27,13:50,LBA,WAW,25.99,GBP,https://www.ryanair.com/pl/pl/trip/flights/select?adults=1&dateOut=2027-02-27&originIata=LBA&destinationIata=WAW&isReturn=false
2027-02-27,16:20,LPL,WAW,32.99,GBP,https://www.ryanair.com/pl/pl/trip/flights/select?adults=1&dateOut=2027-02-27&originIata=LPL&destinationIata=WAW&isReturn=false
2027-02-27,07:30,CRL,WAW,41.99,EUR,https://www.ryanair.com/pl/pl/trip/flights/select?adults=1&dateOut=2027-02-27&originIata=CRL&destinationIata=WAW&isReturn=false
2027-02-27,06:15,TRN,WAW,56.99,EUR,https://www.ryanair.com/pl/pl/trip/flights/select?adults=1&dateOut=2027-02-27&originIata=TRN&destinationIata=WAW&isReturn=false
2027-02-27,18:40,WAW,LBA,119.0,PLN,https://www.ryanair.com/pl/pl/trip/flights/select?adults=1&dateOut=2027-02-27&originIata=WAW&destinationIata=LBA&isReturn=false
2027-02-27,10:05,WAW,CRL,128.0,PLN,https://www.ryanair.com/pl/pl/trip/flights/select?adults=1&dateOut=2027-02-27&originIata=WAW&destinationIata=CRL&isReturn=false
2027-02-27,20:25,WAW,LPL,148.87,PLN,https://www.ryanair.com/pl/pl/trip/flights/select?adults=1&dateOut=2027-02-27&originIata=WAW&destinationIata=LPL&isReturn=false
2027-02-27,13:45,AGP,WAW,167.99,EUR,https://www.ryanair.com/pl/pl/trip/flights/select?adults=1&dateOut=2027-02-27&originIata=AGP&destinationIata=WAW&isReturn=false
2027-02-27,18:00,WAW,AGP,280.28,PLN,https://www.ryanair.com/pl/pl/trip/flights/select?adults=1&dateOut=2027-02-27&originIata=WAW&destinationIata=AGP&isReturn=false
2027-02-27,08:55,WAW,TRN,289.0,PLN,https://www.ryanair.com/pl/pl/trip/flights/select?adults=1&dateOut=2027-02-27&originIata=WAW&destinationIata=TRN&isReturn=false
2027-02-28,06:05,LBA,WAW,27.99,GBP,https://www.ryanair.com/pl/pl/trip/flights/select?adults=1&dateOut=2027-02-28&originIata=LBA&destinationIata=WAW&isReturn=false
2027-02-28,10:00,BLQ,WAW,28.2,EUR,https://www.ryanair.com/pl/pl/trip/flights/select?adults=1&dateOut=2027-02-28&originIata=BLQ&destinationIata=WAW&isReturn=false
2027-02-28,16:20,CRL,WAW,42.99,EUR,https://www.ryanair.com/pl/pl/trip/flights/select?adults=1&dateOut=2027-02-28&originIata=CRL&destinationIata=WAW&isReturn=false
2027-02-28,07:25,AGP,WAW,52.99,EUR,https://www.ryanair.com/pl/pl/trip/flights/select?adults=1&dateOut=2027-02-28&originIata=AGP&destinationIata=WAW&isReturn=false
2027-02-28,08:05,NAP,WAW,64.99,EUR,https://www.ryanair.com/pl/pl/trip/flights/select?adults=1&dateOut=2027-02-28&originIata=NAP&destinationIata=WAW&isReturn=false
2027-02-28,15:40,BRI,WAW,73.49,EUR,https://www.ryanair.com/pl/pl/trip/flights/select?adults=1&dateOut=2027-02-28&originIata=BRI&destinationIata=WAW&isReturn=false
2027-02-28,06:55,SVQ,WAW,93.99,EUR,https://www.ryanair.com/pl/pl/trip/flights/select?adults=1&dateOut=2027-02-28&originIata=SVQ&destinationIata=WAW&isReturn=false
2027-02-28,12:35,WAW,BLQ,111.0,PLN,https://www.ryanair.com/pl/pl/trip/flights/select?adults=1&dateOut=2027-02-28&originIata=WAW&destinationIata=BLQ&isReturn=false
2027-02-28,11:40,WAW,AGP,162.01,PLN,https://www.ryanair.com/pl/pl/trip/flights/select?adults=1&dateOut=2027-02-28&originIata=WAW&destinationIata=AGP&isReturn=false
2027-02-28,09:55,WAW,LBA,162.02,PLN,https://www.ryanair.com/pl/pl/trip/flights/select?adults=1&dateOut=2027-02-28&originIata=WAW&destinationIata=LBA&isReturn=false
2027-02-28,18:25,WAW,BRI,187.0,PLN,https://www.ryanair.com/pl/pl/trip/flights/select?adults=1&dateOut=2027-02-28&originIata=WAW&destinationIata=BRI&isReturn=false
2027-02-28,11:10,WAW,NAP,197.06,PLN,https://www.ryanair.com/pl/pl/trip/flights/select?adults=1&dateOut=2027-02-28&originIata=WAW&destinationIata=NAP&isReturn=false
2027-02-28,18:50,WAW,CRL,302.18,PLN,https://www.ryanair.com/pl/pl/trip/flights/select?adults=1&dateOut=2027-02-28&originIata=WAW&destinationIata=CRL&isReturn=false
2027-02-28,11:10,WAW,SVQ,437.95,PLN,https://www.ryanair.com/pl/pl/trip/flights/select?adults=1&dateOut=2027-02-28&originIata=WAW&destinationIata=SVQ&isReturn=false
2027-03-01,17:05,LPL,WAW,19.99,GBP,https://www.ryanair.com/pl/pl/trip/flights/select?adults=1&dateOut=2027-03-01&originIata=LPL&destinationIata=WAW&isReturn=false
2027-03-01,15:15,CRL,WAW,29.99,EUR,https://www.ryanair.com/pl/pl/trip/flights/select?adults=1&dateOut=2027-03-01&originIata=CRL&destinationIata=WAW&isReturn=false
2027-03-01,16:05,VCE,WAW,31.2,EUR,https://www.ryanair.com/pl/pl/trip/flights/select?adults=1&dateOut=2027-03-01&originIata=VCE&destinationIata=WAW&isReturn=false
2027-03-01,16:10,BLQ,WAW,58.99,EUR,https://www.ryanair.com/pl/pl/trip/flights/select?adults=1&dateOut=2027-03-01&originIata=BLQ&destinationIata=WAW&isReturn=false
2027-03-01,06:00,NAP,WAW,69.99,EUR,https://www.ryanair.com/pl/pl/trip/flights/select?adults=1&dateOut=2027-03-01&originIata=NAP&destinationIata=WAW&isReturn=false
2027-03-01,07:15,AGP,WAW,99.99,EUR,https://www.ryanair.com/pl/pl/trip/flights/select?adults=1&dateOut=2027-03-01&originIata=AGP&destinationIata=WAW&isReturn=false
2027-03-01,08:50,WAW,VCE,118.22,PLN,https://www.ryanair.com/pl/pl/trip/flights/select?adults=1&dateOut=2027-03-01&originIata=WAW&destinationIata=VCE&isReturn=false
2027-03-01,21:15,WAW,LPL,126.98,PLN,https://www.ryanair.com/pl/pl/trip/flights/select?adults=1&dateOut=2027-03-01&originIata=WAW&destinationIata=LPL&isReturn=false
2027-03-01,20:50,WAW,CRL,153.0,PLN,https://www.ryanair.com/pl/pl/trip/flights/select?adults=1&dateOut=2027-03-01&originIata=WAW&destinationIata=CRL&isReturn=false
2027-03-01,08:55,WAW,NAP,166.4,PLN,https://www.ryanair.com/pl/pl/trip/flights/select?adults=1&dateOut=2027-03-01&originIata=WAW&destinationIata=NAP&isReturn=false
2027-03-01,19:35,WAW,BLQ,251.0,PLN,https://www.ryanair.com/pl/pl/trip/flights/select?adults=1&dateOut=2027-03-01&originIata=WAW&destinationIata=BLQ&isReturn=false
2027-03-01,12:30,WAW,AGP,402.91,PLN,https://www.ryanair.com/pl/pl/trip/flights/select?adults=1&dateOut=2027-03-01&originIata=WAW&destinationIata=AGP&isReturn=false
2027-03-02,16:30,AGP,WAW,42.24,EUR,https://www.ryanair.com/pl/pl/trip/flights/select?adults=1&dateOut=2027-03-02&originIata=AGP&destinationIata=WAW&isReturn=false
2027-03-02,08:05,NAP,WAW,42.99,EUR,https://www.ryanair.com/pl/pl/trip/flights/select?adults=1&dateOut=2027-03-02&originIata=NAP&destinationIata=WAW&isReturn=false
2027-03-02,11:00,WAW,NAP,251.0,PLN,https://www.ryanair.com/pl/pl/trip/flights/select?adults=1&dateOut=2027-03-02&originIata=WAW&destinationIata=NAP&isReturn=false
2027-03-02,20:50,WAW,AGP,271.52,PLN,https://www.ryanair.com/pl/pl/trip/flights/select?adults=1&dateOut=2027-03-02&originIata=WAW&destinationIata=AGP&isReturn=false
2027-03-03,14:25,AGP,WAW,42.24,EUR,https://www.ryanair.com/pl/pl/trip/flights/select?adults=1&dateOut=2027-03-03&originIata=AGP&destinationIata=WAW&isReturn=false
2027-03-03,08:15,NAP,WAW,46.99,EUR,https://www.ryanair.com/pl/pl/trip/flights/select?adults=1&dateOut=2027-03-03&originIata=NAP&destinationIata=WAW&isReturn=false
2027-03-03,06:15,VCE,WAW,47.99,EUR,https://www.ryanair.com/pl/pl/trip/flights/select?adults=1&dateOut=2027-03-03&originIata=VCE&destinationIata=WAW&isReturn=false
2027-03-03,06:55,BRI,WAW,51.99,EUR,https://www.ryanair.com/pl/pl/trip/flights/select?adults=1&dateOut=2027-03-03&originIata=BRI&destinationIata=WAW&isReturn=false
2027-03-03,06:50,SVQ,WAW,64.99,EUR,https://www.ryanair.com/pl/pl/trip/flights/select?adults=1&dateOut=2027-03-03&originIata=SVQ&destinationIata=WAW&isReturn=false
2027-03-03,08:40,WAW,VCE,124.0,PLN,https://www.ryanair.com/pl/pl/trip/flights/select?adults=1&dateOut=2027-03-03&originIata=WAW&destinationIata=VCE&isReturn=false
2027-03-03,11:20,WAW,SVQ,162.68,PLN,https://www.ryanair.com/pl/pl/trip/flights/select?adults=1&dateOut=2027-03-03&originIata=WAW&destinationIata=SVQ&isReturn=false
2027-03-03,19:35,WAW,AGP,166.0,PLN,https://www.ryanair.com/pl/pl/trip/flights/select?adults=1&dateOut=2027-03-03&originIata=WAW&destinationIata=AGP&isReturn=false
2027-03-03,12:00,WAW,NAP,232.1,PLN,https://www.ryanair.com/pl/pl/trip/flights/select?adults=1&dateOut=2027-03-03&originIata=WAW&destinationIata=NAP&isReturn=false
2027-03-03,09:45,WAW,BRI,341.59,PLN,https://www.ryanair.com/pl/pl/trip/flights/select?adults=1&dateOut=2027-03-03&originIata=WAW&destinationIata=BRI&isReturn=false
2027-03-04,16:30,LBA,WAW,26.99,GBP,https://www.ryanair.com/pl/pl/trip/flights/select?adults=1&dateOut=2027-03-04&originIata=LBA&destinationIata=WAW&isReturn=false
2027-03-04,15:15,CRL,WAW,35.99,EUR,https://www.ryanair.com/pl/pl/trip/flights/select?adults=1&dateOut=2027-03-04&originIata=CRL&destinationIata=WAW&isReturn=false
2027-03-04,06:45,AGP,WAW,68.99,EUR,https://www.ryanair.com/pl/pl/trip/flights/select?adults=1&dateOut=2027-03-04&originIata=AGP&destinationIata=WAW&isReturn=false
2027-03-04,18:40,WAW,CRL,140.12,PLN,https://www.ryanair.com/pl/pl/trip/flights/select?adults=1&dateOut=2027-03-04&originIata=WAW&destinationIata=CRL&isReturn=false
2027-03-04,20:40,WAW,LBA,170.78,PLN,https://www.ryanair.com/pl/pl/trip/flights/select?adults=1&dateOut=2027-03-04&originIata=WAW&destinationIata=LBA&isReturn=false
2027-03-04,11:10,WAW,AGP,212.64,PLN,https://www.ryanair.com/pl/pl/trip/flights/select?adults=1&dateOut=2027-03-04&originIata=WAW&destinationIata=AGP&isReturn=false
2027-03-05,06:00,BRI,WAW,36.99,EUR,https://www.ryanair.com/pl/pl/trip/flights/select?adults=1&dateOut=2027-03-05&originIata=BRI&destinationIata=WAW&isReturn=false
2027-03-05,17:45,CRL,WAW,37.99,EUR,https://www.ryanair.com/pl/pl/trip/flights/select?adults=1&dateOut=2027-03-05&originIata=CRL&destinationIata=WAW&isReturn=false
2027-03-05,06:45,AGP,WAW,38.99,EUR,https://www.ryanair.com/pl/pl/trip/flights/select?adults=1&dateOut=2027-03-05&originIata=AGP&destinationIata=WAW&isReturn=false
2027-03-05,06:05,VCE,WAW,55.99,EUR,https://www.ryanair.com/pl/pl/trip/flights/select?adults=1&dateOut=2027-03-05&originIata=VCE&destinationIata=WAW&isReturn=false
2027-03-05,06:40,NAP,WAW,58.99,EUR,https://www.ryanair.com/pl/pl/trip/flights/select?adults=1&dateOut=2027-03-05&originIata=NAP&destinationIata=WAW&isReturn=false
2027-03-05,15:50,BLQ,WAW,58.99,EUR,https://www.ryanair.com/pl/pl/trip/flights/select?adults=1&dateOut=2027-03-05&originIata=BLQ&destinationIata=WAW&isReturn=false
2027-03-05,20:25,WAW,AGP,166.0,PLN,https://www.ryanair.com/pl/pl/trip/flights/select?adults=1&dateOut=2027-03-05&originIata=WAW&destinationIata=AGP&isReturn=false
2027-03-05,20:10,WAW,CRL,179.54,PLN,https://www.ryanair.com/pl/pl/trip/flights/select?adults=1&dateOut=2027-03-05&originIata=WAW&destinationIata=CRL&isReturn=false
2027-03-05,18:20,WAW,BLQ,217.0,PLN,https://www.ryanair.com/pl/pl/trip/flights/select?adults=1&dateOut=2027-03-05&originIata=WAW&destinationIata=BLQ&isReturn=false
2027-03-05,08:45,WAW,BRI,232.09,PLN,https://www.ryanair.com/pl/pl/trip/flights/select?adults=1&dateOut=2027-03-05&originIata=WAW&destinationIata=BRI&isReturn=false
2027-03-05,09:25,WAW,NAP,236.48,PLN,https://www.ryanair.com/pl/pl/trip/flights/select?adults=1&dateOut=2027-03-05&originIata=WAW&destinationIata=NAP&isReturn=false
2027-03-05,08:30,WAW,VCE,245.24,PLN,https://www.ryanair.com/pl/pl/trip/flights/select?adults=1&dateOut=2027-03-05&originIata=WAW&destinationIata=VCE&isReturn=false
2027-03-06,16:20,LPL,WAW,27.99,GBP,https://www.ryanair.com/pl/pl/trip/flights/select?adults=1&dateOut=2027-03-06&originIata=LPL&destinationIata=WAW&isReturn=false
2027-03-06,13:50,LBA,WAW,28.99,GBP,https://www.ryanair.com/pl/pl/trip/flights/select?adults=1&dateOut=2027-03-06&originIata=LBA&destinationIata=WAW&isReturn=false
2027-03-06,07:30,CRL,WAW,35.99,EUR,https://www.ryanair.com/pl/pl/trip/flights/select?adults=1&dateOut=2027-03-06&originIata=CRL&destinationIata=WAW&isReturn=false
2027-03-06,06:15,TRN,WAW,58.99,EUR,https://www.ryanair.com/pl/pl/trip/flights/select?adults=1&dateOut=2027-03-06&originIata=TRN&destinationIata=WAW&isReturn=false
2027-03-06,13:45,AGP,WAW,104.99,EUR,https://www.ryanair.com/pl/pl/trip/flights/select?adults=1&dateOut=2027-03-06&originIata=AGP&destinationIata=WAW&isReturn=false
2027-03-06,20:25,WAW,LPL,153.0,PLN,https://www.ryanair.com/pl/pl/trip/flights/select?adults=1&dateOut=2027-03-06&originIata=WAW&destinationIata=LPL&isReturn=false
2027-03-06,18:00,WAW,AGP,166.0,PLN,https://www.ryanair.com/pl/pl/trip/flights/select?adults=1&dateOut=2027-03-06&originIata=WAW&destinationIata=AGP&isReturn=false
2027-03-06,18:40,WAW,LBA,170.78,PLN,https://www.ryanair.com/pl/pl/trip/flights/select?adults=1&dateOut=2027-03-06&originIata=WAW&destinationIata=LBA&isReturn=false
2027-03-06,10:05,WAW,CRL,210.2,PLN,https://www.ryanair.com/pl/pl/trip/flights/select?adults=1&dateOut=2027-03-06&originIata=WAW&destinationIata=CRL&isReturn=false
2027-03-06,08:55,WAW,TRN,442.33,PLN,https://www.ryanair.com/pl/pl/trip/flights/select?adults=1&dateOut=2027-03-06&originIata=WAW&destinationIata=TRN&isReturn=false
2027-03-07,10:00,BLQ,WAW,25.99,EUR,https://www.ryanair.com/pl/pl/trip/flights/select?adults=1&dateOut=2027-03-07&originIata=BLQ&destinationIata=WAW&isReturn=false
2027-03-07,06:05,LBA,WAW,26.99,GBP,https://www.ryanair.com/pl/pl/trip/flights/select?adults=1&dateOut=2027-03-07&originIata=LBA&destinationIata=WAW&isReturn=false
2027-03-07,16:20,CRL,WAW,43.99,EUR,https://www.ryanair.com/pl/pl/trip/flights/select?adults=1&dateOut=2027-03-07&originIata=CRL&destinationIata=WAW&isReturn=false
2027-03-07,15:40,BRI,WAW,47.74,EUR,https://www.ryanair.com/pl/pl/trip/flights/select?adults=1&dateOut=2027-03-07&originIata=BRI&destinationIata=WAW&isReturn=false
2027-03-07,06:55,SVQ,WAW,66.99,EUR,https://www.ryanair.com/pl/pl/trip/flights/select?adults=1&dateOut=2027-03-07&originIata=SVQ&destinationIata=WAW&isReturn=false
2027-03-07,08:05,NAP,WAW,67.99,EUR,https://www.ryanair.com/pl/pl/trip/flights/select?adults=1&dateOut=2027-03-07&originIata=NAP&destinationIata=WAW&isReturn=false
2027-03-07,07:25,AGP,WAW,82.99,EUR,https://www.ryanair.com/pl/pl/trip/flights/select?adults=1&dateOut=2027-03-07&originIata=AGP&destinationIata=WAW&isReturn=false
2027-03-07,12:35,WAW,BLQ,111.0,PLN,https://www.ryanair.com/pl/pl/trip/flights/select?adults=1&dateOut=2027-03-07&originIata=WAW&destinationIata=BLQ&isReturn=false
2027-03-07,09:55,WAW,LBA,157.63,PLN,https://www.ryanair.com/pl/pl/trip/flights/select?adults=1&dateOut=2027-03-07&originIata=WAW&destinationIata=LBA&isReturn=false
2027-03-07,18:50,WAW,CRL,179.54,PLN,https://www.ryanair.com/pl/pl/trip/flights/select?adults=1&dateOut=2027-03-07&originIata=WAW&destinationIata=CRL&isReturn=false
2027-03-07,11:10,WAW,SVQ,201.4,PLN,https://www.ryanair.com/pl/pl/trip/flights/select?adults=1&dateOut=2027-03-07&originIata=WAW&destinationIata=SVQ&isReturn=false
2027-03-07,11:10,WAW,NAP,201.44,PLN,https://www.ryanair.com/pl/pl/trip/flights/select?adults=1&dateOut=2027-03-07&originIata=WAW&destinationIata=NAP&isReturn=false
2027-03-07,18:25,WAW,BRI,232.09,PLN,https://www.ryanair.com/pl/pl/trip/flights/select?adults=1&dateOut=2027-03-07&originIata=WAW&destinationIata=BRI&isReturn=false
2027-03-07,11:40,WAW,AGP,295.97,PLN,https://www.ryanair.com/pl/pl/trip/flights/select?adults=1&dateOut=2027-03-07&originIata=WAW&destinationIata=AGP&isReturn=false
2027-03-08,16:05,VCE,WAW,24.99,EUR,https://www.ryanair.com/pl/pl/trip/flights/select?adults=1&dateOut=2027-03-08&originIata=VCE&destinationIata=WAW&isReturn=false
2027-03-08,17:05,LPL,WAW,25.99,GBP,https://www.ryanair.com/pl/pl/trip/flights/select?adults=1&dateOut=2027-03-08&originIata=LPL&destinationIata=WAW&isReturn=false
2027-03-08,15:15,CRL,WAW,29.99,EUR,https://www.ryanair.com/pl/pl/trip/flights/select?adults=1&dateOut=2027-03-08&originIata=CRL&destinationIata=WAW&isReturn=false
2027-03-08,16:10,BLQ,WAW,36.99,EUR,https://www.ryanair.com/pl/pl/trip/flights/select?adults=1&dateOut=2027-03-08&originIata=BLQ&destinationIata=WAW&isReturn=false
2027-03-08,07:15,AGP,WAW,49.79,EUR,https://www.ryanair.com/pl/pl/trip/flights/select?adults=1&dateOut=2027-03-08&originIata=AGP&destinationIata=WAW&isReturn=false
2027-03-08,06:00,NAP,WAW,67.99,EUR,https://www.ryanair.com/pl/pl/trip/flights/select?adults=1&dateOut=2027-03-08&originIata=NAP&destinationIata=WAW&isReturn=false
2027-03-08,19:35,WAW,BLQ,126.98,PLN,https://www.ryanair.com/pl/pl/trip/flights/select?adults=1&dateOut=2027-03-08&originIata=WAW&destinationIata=BLQ&isReturn=false
2027-03-08,21:15,WAW,LPL,131.36,PLN,https://www.ryanair.com/pl/pl/trip/flights/select?adults=1&dateOut=2027-03-08&originIata=WAW&destinationIata=LPL&isReturn=false
2027-03-08,20:50,WAW,CRL,153.0,PLN,https://www.ryanair.com/pl/pl/trip/flights/select?adults=1&dateOut=2027-03-08&originIata=WAW&destinationIata=CRL&isReturn=false
2027-03-08,18:55,WAW,VCE,204.0,PLN,https://www.ryanair.com/pl/pl/trip/flights/select?adults=1&dateOut=2027-03-08&originIata=WAW&destinationIata=VCE&isReturn=false
2027-03-08,12:30,WAW,AGP,267.14,PLN,https://www.ryanair.com/pl/pl/trip/flights/select?adults=1&dateOut=2027-03-08&originIata=WAW&destinationIata=AGP&isReturn=false
2027-03-08,08:55,WAW,NAP,289.0,PLN,https://www.ryanair.com/pl/pl/trip/flights/select?adults=1&dateOut=2027-03-08&originIata=WAW&destinationIata=NAP&isReturn=false
2027-03-09,16:30,AGP,WAW,66.99,EUR,https://www.ryanair.com/pl/pl/trip/flights/select?adults=1&dateOut=2027-03-09&originIata=AGP&destinationIata=WAW&isReturn=false
2027-03-09,08:05,NAP,WAW,76.99,EUR,https://www.ryanair.com/pl/pl/trip/flights/select?adults=1&dateOut=2027-03-09&originIata=NAP&destinationIata=WAW&isReturn=false
2027-03-09,20:50,WAW,AGP,245.24,PLN,https://www.ryanair.com/pl/pl/trip/flights/select?adults=1&dateOut=2027-03-09&originIata=WAW&destinationIata=AGP&isReturn=false
2027-03-09,11:00,WAW,NAP,289.0,PLN,https://www.ryanair.com/pl/pl/trip/flights/select?adults=1&dateOut=2027-03-09&originIata=WAW&destinationIata=NAP&isReturn=false
2027-03-10,06:55,BRI,WAW,36.99,EUR,https://www.ryanair.com/pl/pl/trip/flights/select?adults=1&dateOut=2027-03-10&originIata=BRI&destinationIata=WAW&isReturn=false
2027-03-10,06:50,SVQ,WAW,38.2,EUR,https://www.ryanair.com/pl/pl/trip/flights/select?adults=1&dateOut=2027-03-10&originIata=SVQ&destinationIata=WAW&isReturn=false
2027-03-10,06:15,VCE,WAW,45.99,EUR,https://www.ryanair.com/pl/pl/trip/flights/select?adults=1&dateOut=2027-03-10&originIata=VCE&destinationIata=WAW&isReturn=false
2027-03-10,14:25,AGP,WAW,52.99,EUR,https://www.ryanair.com/pl/pl/trip/flights/select?adults=1&dateOut=2027-03-10&originIata=AGP&destinationIata=WAW&isReturn=false
2027-03-10,08:15,NAP,WAW,75.99,EUR,https://www.ryanair.com/pl/pl/trip/flights/select?adults=1&dateOut=2027-03-10&originIata=NAP&destinationIata=WAW&isReturn=false
2027-03-10,08:40,WAW,VCE,153.26,PLN,https://www.ryanair.com/pl/pl/trip/flights/select?adults=1&dateOut=2027-03-10&originIata=WAW&destinationIata=VCE&isReturn=false
2027-03-10,09:45,WAW,BRI,267.14,PLN,https://www.ryanair.com/pl/pl/trip/flights/select?adults=1&dateOut=2027-03-10&originIata=WAW&destinationIata=BRI&isReturn=false
2027-03-10,11:20,WAW,SVQ,310.93,PLN,https://www.ryanair.com/pl/pl/trip/flights/select?adults=1&dateOut=2027-03-10&originIata=WAW&destinationIata=SVQ&isReturn=false
2027-03-10,19:35,WAW,AGP,315.32,PLN,https://www.ryanair.com/pl/pl/trip/flights/select?adults=1&dateOut=2027-03-10&originIata=WAW&destinationIata=AGP&isReturn=false
2027-03-10,12:00,WAW,NAP,332.83,PLN,https://www.ryanair.com/pl/pl/trip/flights/select?adults=1&dateOut=2027-03-10&originIata=WAW&destinationIata=NAP&isReturn=false
2027-03-11,15:15,CRL,WAW,28.99,EUR,https://www.ryanair.com/pl/pl/trip/flights/select?adults=1&dateOut=2027-03-11&originIata=CRL&destinationIata=WAW&isReturn=false
2027-03-11,06:45,AGP,WAW,45.99,EUR,https://www.ryanair.com/pl/pl/trip/flights/select?adults=1&dateOut=2027-03-11&originIata=AGP&destinationIata=WAW&isReturn=false
2027-03-11,16:30,LBA,WAW,54.99,GBP,https://www.ryanair.com/pl/pl/trip/flights/select?adults=1&dateOut=2027-03-11&originIata=LBA&destinationIata=WAW&isReturn=false
2027-03-11,20:40,WAW,LBA,145.0,PLN,https://www.ryanair.com/pl/pl/trip/flights/select?adults=1&dateOut=2027-03-11&originIata=WAW&destinationIata=LBA&isReturn=false
2027-03-11,18:40,WAW,CRL,170.78,PLN,https://www.ryanair.com/pl/pl/trip/flights/select?adults=1&dateOut=2027-03-11&originIata=WAW&destinationIata=CRL&isReturn=false
2027-03-11,11:10,WAW,AGP,196.0,PLN,https://www.ryanair.com/pl/pl/trip/flights/select?adults=1&dateOut=2027-03-11&originIata=WAW&destinationIata=AGP&isReturn=false
2027-03-12,06:05,VCE,WAW,39.99,EUR,https://www.ryanair.com/pl/pl/trip/flights/select?adults=1&dateOut=2027-03-12&originIata=VCE&destinationIata=WAW&isReturn=false
2027-03-12,17:45,CRL,WAW,46.89,EUR,https://www.ryanair.com/pl/pl/trip/flights/select?adults=1&dateOut=2027-03-12&originIata=CRL&destinationIata=WAW&isReturn=false
2027-03-12,06:45,AGP,WAW,46.99,EUR,https://www.ryanair.com/pl/pl/trip/flights/select?adults=1&dateOut=2027-03-12&originIata=AGP&destinationIata=WAW&isReturn=false
2027-03-12,06:00,BRI,WAW,58.99,EUR,https://www.ryanair.com/pl/pl/trip/flights/select?adults=1&dateOut=2027-03-12&originIata=BRI&destinationIata=WAW&isReturn=false
2027-03-12,15:50,BLQ,WAW,59.99,EUR,https://www.ryanair.com/pl/pl/trip/flights/select?adults=1&dateOut=2027-03-12&originIata=BLQ&destinationIata=WAW&isReturn=false
2027-03-12,06:40,NAP,WAW,67.99,EUR,https://www.ryanair.com/pl/pl/trip/flights/select?adults=1&dateOut=2027-03-12&originIata=NAP&destinationIata=WAW&isReturn=false
2027-03-12,08:30,WAW,VCE,135.74,PLN,https://www.ryanair.com/pl/pl/trip/flights/select?adults=1&dateOut=2027-03-12&originIata=WAW&destinationIata=VCE&isReturn=false
2027-03-12,20:10,WAW,CRL,183.0,PLN,https://www.ryanair.com/pl/pl/trip/flights/select?adults=1&dateOut=2027-03-12&originIata=WAW&destinationIata=CRL&isReturn=false
2027-03-12,08:45,WAW,BRI,227.72,PLN,https://www.ryanair.com/pl/pl/trip/flights/select?adults=1&dateOut=2027-03-12&originIata=WAW&destinationIata=BRI&isReturn=false
2027-03-12,20:25,WAW,AGP,268.38,PLN,https://www.ryanair.com/pl/pl/trip/flights/select?adults=1&dateOut=2027-03-12&originIata=WAW&destinationIata=AGP&isReturn=false
2027-03-12,09:25,WAW,NAP,289.0,PLN,https://www.ryanair.com/pl/pl/trip/flights/select?adults=1&dateOut=2027-03-12&originIata=WAW&destinationIata=NAP&isReturn=false
2027-03-12,18:20,WAW,BLQ,345.98,PLN,https://www.ryanair.com/pl/pl/trip/flights/select?adults=1&dateOut=2027-03-12&originIata=WAW&destinationIata=BLQ&isReturn=false
2027-03-13,13:50,LBA,WAW,25.99,GBP,https://www.ryanair.com/pl/pl/trip/flights/select?adults=1&dateOut=2027-03-13&originIata=LBA&destinationIata=WAW&isReturn=false
2027-03-13,16:20,LPL,WAW,27.99,GBP,https://www.ryanair.com/pl/pl/trip/flights/select?adults=1&dateOut=2027-03-13&originIata=LPL&destinationIata=WAW&isReturn=false
2027-03-13,07:30,CRL,WAW,34.99,EUR,https://www.ryanair.com/pl/pl/trip/flights/select?adults=1&dateOut=2027-03-13&originIata=CRL&destinationIata=WAW&isReturn=false
2027-03-13,13:45,AGP,WAW,48.99,EUR,https://www.ryanair.com/pl/pl/trip/flights/select?adults=1&dateOut=2027-03-13&originIata=AGP&destinationIata=WAW&isReturn=false
2027-03-13,06:15,TRN,WAW,83.99,EUR,https://www.ryanair.com/pl/pl/trip/flights/select?adults=1&dateOut=2027-03-13&originIata=TRN&destinationIata=WAW&isReturn=false
2027-03-13,18:40,WAW,LBA,119.0,PLN,https://www.ryanair.com/pl/pl/trip/flights/select?adults=1&dateOut=2027-03-13&originIata=WAW&destinationIata=LBA&isReturn=false
2027-03-13,08:55,WAW,TRN,141.68,PLN,https://www.ryanair.com/pl/pl/trip/flights/select?adults=1&dateOut=2027-03-13&originIata=WAW&destinationIata=TRN&isReturn=false
2027-03-13,20:25,WAW,LPL,153.0,PLN,https://www.ryanair.com/pl/pl/trip/flights/select?adults=1&dateOut=2027-03-13&originIata=WAW&destinationIata=LPL&isReturn=false
2027-03-13,10:05,WAW,CRL,223.34,PLN,https://www.ryanair.com/pl/pl/trip/flights/select?adults=1&dateOut=2027-03-13&originIata=WAW&destinationIata=CRL&isReturn=false
2027-03-13,18:00,WAW,AGP,226.0,PLN,https://www.ryanair.com/pl/pl/trip/flights/select?adults=1&dateOut=2027-03-13&originIata=WAW&destinationIata=AGP&isReturn=false
2027-03-14,06:05,LBA,WAW,33.2,GBP,https://www.ryanair.com/pl/pl/trip/flights/select?adults=1&dateOut=2027-03-14&originIata=LBA&destinationIata=WAW&isReturn=false
2027-03-14,06:55,SVQ,WAW,35.99,EUR,https://www.ryanair.com/pl/pl/trip/flights/select?adults=1&dateOut=2027-03-14&originIata=SVQ&destinationIata=WAW&isReturn=false
2027-03-14,15:40,BRI,WAW,36.99,EUR,https://www.ryanair.com/pl/pl/trip/flights/select?adults=1&dateOut=2027-03-14&originIata=BRI&destinationIata=WAW&isReturn=false
2027-03-14,10:00,BLQ,WAW,42.99,EUR,https://www.ryanair.com/pl/pl/trip/flights/select?adults=1&dateOut=2027-03-14&originIata=BLQ&destinationIata=WAW&isReturn=false
2027-03-14,16:20,CRL,WAW,48.99,EUR,https://www.ryanair.com/pl/pl/trip/flights/select?adults=1&dateOut=2027-03-14&originIata=CRL&destinationIata=WAW&isReturn=false
2027-03-14,08:05,NAP,WAW,67.99,EUR,https://www.ryanair.com/pl/pl/trip/flights/select?adults=1&dateOut=2027-03-14&originIata=NAP&destinationIata=WAW&isReturn=false
2027-03-14,07:25,AGP,WAW,85.99,EUR,https://www.ryanair.com/pl/pl/trip/flights/select?adults=1&dateOut=2027-03-14&originIata=AGP&destinationIata=WAW&isReturn=false
2027-03-14,18:50,WAW,CRL,140.11,PLN,https://www.ryanair.com/pl/pl/trip/flights/select?adults=1&dateOut=2027-03-14&originIata=WAW&destinationIata=CRL&isReturn=false
2027-03-14,11:40,WAW,AGP,196.0,PLN,https://www.ryanair.com/pl/pl/trip/flights/select?adults=1&dateOut=2027-03-14&originIata=WAW&destinationIata=AGP&isReturn=false
2027-03-14,12:35,WAW,BLQ,210.19,PLN,https://www.ryanair.com/pl/pl/trip/flights/select?adults=1&dateOut=2027-03-14&originIata=WAW&destinationIata=BLQ&isReturn=false
2027-03-14,18:25,WAW,BRI,240.85,PLN,https://www.ryanair.com/pl/pl/trip/flights/select?adults=1&dateOut=2027-03-14&originIata=WAW&destinationIata=BRI&isReturn=false
2027-03-14,11:10,WAW,SVQ,245.24,PLN,https://www.ryanair.com/pl/pl/trip/flights/select?adults=1&dateOut=2027-03-14&originIata=WAW&destinationIata=SVQ&isReturn=false
2027-03-14,09:55,WAW,LBA,255.52,PLN,https://www.ryanair.com/pl/pl/trip/flights/select?adults=1&dateOut=2027-03-14&originIata=WAW&destinationIata=LBA&isReturn=false
2027-03-14,11:10,WAW,NAP,289.0,PLN,https://www.ryanair.com/pl/pl/trip/flights/select?adults=1&dateOut=2027-03-14&originIata=WAW&destinationIata=NAP&isReturn=false
2027-03-15,17:05,LPL,WAW,19.99,GBP,https://www.ryanair.com/pl/pl/trip/flights/select?adults=1&dateOut=2027-03-15&originIata=LPL&destinationIata=WAW&isReturn=false
2027-03-15,06:15,VCE,WAW,24.99,EUR,https://www.ryanair.com/pl/pl/trip/flights/select?adults=1&dateOut=2027-03-15&originIata=VCE&destinationIata=WAW&isReturn=false
2027-03-15,18:25,CRL,WAW,35.99,EUR,https://www.ryanair.com/pl/pl/trip/flights/select?adults=1&dateOut=2027-03-15&originIata=CRL&destinationIata=WAW&isReturn=false
2027-03-15,07:15,AGP,WAW,46.99,EUR,https://www.ryanair.com/pl/pl/trip/flights/select?adults=1&dateOut=2027-03-15&originIata=AGP&destinationIata=WAW&isReturn=false
2027-03-15,16:10,BLQ,WAW,67.99,EUR,https://www.ryanair.com/pl/pl/trip/flights/select?adults=1&dateOut=2027-03-15&originIata=BLQ&destinationIata=WAW&isReturn=false
2027-03-15,06:00,NAP,WAW,77.99,EUR,https://www.ryanair.com/pl/pl/trip/flights/select?adults=1&dateOut=2027-03-15&originIata=NAP&destinationIata=WAW&isReturn=false
2027-03-15,21:15,WAW,LPL,107.0,PLN,https://www.ryanair.com/pl/pl/trip/flights/select?adults=1&dateOut=2027-03-15&originIata=WAW&destinationIata=LPL&isReturn=false
2027-03-15,08:50,WAW,VCE,131.36,PLN,https://www.ryanair.com/pl/pl/trip/flights/select?adults=1&dateOut=2027-03-15&originIata=WAW&destinationIata=VCE&isReturn=false
2027-03-15,20:50,WAW,CRL,153.0,PLN,https://www.ryanair.com/pl/pl/trip/flights/select?adults=1&dateOut=2027-03-15&originIata=WAW&destinationIata=CRL&isReturn=false
2027-03-15,19:35,WAW,BLQ,251.0,PLN,https://www.ryanair.com/pl/pl/trip/flights/select?adults=1&dateOut=2027-03-15&originIata=WAW&destinationIata=BLQ&isReturn=false
2027-03-15,08:55,WAW,NAP,289.0,PLN,https://www.ryanair.com/pl/pl/trip/flights/select?adults=1&dateOut=2027-03-15&originIata=WAW&destinationIata=NAP&isReturn=false
2027-03-15,12:30,WAW,AGP,297.8,PLN,https://www.ryanair.com/pl/pl/trip/flights/select?adults=1&dateOut=2027-03-15&originIata=WAW&destinationIata=AGP&isReturn=false
2027-03-16,16:30,AGP,WAW,45.99,EUR,https://www.ryanair.com/pl/pl/trip/flights/select?adults=1&dateOut=2027-03-16&originIata=AGP&destinationIata=WAW&isReturn=false
2027-03-16,08:05,NAP,WAW,76.99,EUR,https://www.ryanair.com/pl/pl/trip/flights/select?adults=1&dateOut=2027-03-16&originIata=NAP&destinationIata=WAW&isReturn=false
2027-03-16,20:50,WAW,AGP,196.0,PLN,https://www.ryanair.com/pl/pl/trip/flights/select?adults=1&dateOut=2027-03-16&originIata=WAW&destinationIata=AGP&isReturn=false
2027-03-16,11:00,WAW,NAP,327.0,PLN,https://www.ryanair.com/pl/pl/trip/flights/select?adults=1&dateOut=2027-03-16&originIata=WAW&destinationIata=NAP&isReturn=false
2027-03-17,06:55,BRI,WAW,30.99,EUR,https://www.ryanair.com/pl/pl/trip/flights/select?adults=1&dateOut=2027-03-17&originIata=BRI&destinationIata=WAW&isReturn=false
2027-03-17,06:50,SVQ,WAW,35.99,EUR,https://www.ryanair.com/pl/pl/trip/flights/select?adults=1&dateOut=2027-03-17&originIata=SVQ&destinationIata=WAW&isReturn=false
2027-03-17,06:15,VCE,WAW,47.99,EUR,https://www.ryanair.com/pl/pl/trip/flights/select?adults=1&dateOut=2027-03-17&originIata=VCE&destinationIata=WAW&isReturn=false
2027-03-17,14:25,AGP,WAW,52.99,EUR,https://www.ryanair.com/pl/pl/trip/flights/select?adults=1&dateOut=2027-03-17&originIata=AGP&destinationIata=WAW&isReturn=false
2027-03-17,08:15,NAP,WAW,76.99,EUR,https://www.ryanair.com/pl/pl/trip/flights/select?adults=1&dateOut=2027-03-17&originIata=NAP&destinationIata=WAW&isReturn=false
2027-03-17,09:45,WAW,BRI,172.02,PLN,https://www.ryanair.com/pl/pl/trip/flights/select?adults=1&dateOut=2027-03-17&originIata=WAW&destinationIata=BRI&isReturn=false
2027-03-17,08:40,WAW,VCE,204.0,PLN,https://www.ryanair.com/pl/pl/trip/flights/select?adults=1&dateOut=2027-03-17&originIata=WAW&destinationIata=VCE&isReturn=false
2027-03-17,11:20,WAW,SVQ,229.43,PLN,https://www.ryanair.com/pl/pl/trip/flights/select?adults=1&dateOut=2027-03-17&originIata=WAW&destinationIata=SVQ&isReturn=false
2027-03-17,12:00,WAW,NAP,236.48,PLN,https://www.ryanair.com/pl/pl/trip/flights/select?adults=1&dateOut=2027-03-17&originIata=WAW&destinationIata=NAP&isReturn=false
2027-03-17,19:35,WAW,AGP,293.42,PLN,https://www.ryanair.com/pl/pl/trip/flights/select?adults=1&dateOut=2027-03-17&originIata=WAW&destinationIata=AGP&isReturn=false
2027-03-18,15:15,CRL,WAW,42.99,EUR,https://www.ryanair.com/pl/pl/trip/flights/select?adults=1&dateOut=2027-03-18&originIata=CRL&destinationIata=WAW&isReturn=false
2027-03-18,16:30,LBA,WAW,62.99,GBP,https://www.ryanair.com/pl/pl/trip/flights/select?adults=1&dateOut=2027-03-18&originIata=LBA&destinationIata=WAW&isReturn=false
2027-03-18,06:45,AGP,WAW,71.99,EUR,https://www.ryanair.com/pl/pl/trip/flights/select?adults=1&dateOut=2027-03-18&originIata=AGP&destinationIata=WAW&isReturn=false
2027-03-18,18:40,WAW,CRL,122.59,PLN,https://www.ryanair.com/pl/pl/trip/flights/select?adults=1&dateOut=2027-03-18&originIata=WAW&destinationIata=CRL&isReturn=false
2027-03-18,20:40,WAW,LBA,214.58,PLN,https://www.ryanair.com/pl/pl/trip/flights/select?adults=1&dateOut=2027-03-18&originIata=WAW&destinationIata=LBA&isReturn=false
2027-03-18,11:10,WAW,AGP,245.71,PLN,https://www.ryanair.com/pl/pl/trip/flights/select?adults=1&dateOut=2027-03-18&originIata=WAW&destinationIata=AGP&isReturn=false
2027-03-19,17:45,CRL,WAW,42.99,EUR,https://www.ryanair.com/pl/pl/trip/flights/select?adults=1&dateOut=2027-03-19&originIata=CRL&destinationIata=WAW&isReturn=false
2027-03-19,06:45,AGP,WAW,46.99,EUR,https://www.ryanair.com/pl/pl/trip/flights/select?adults=1&dateOut=2027-03-19&originIata=AGP&destinationIata=WAW&isReturn=false
2027-03-19,06:40,NAP,WAW,49.99,EUR,https://www.ryanair.com/pl/pl/trip/flights/select?adults=1&dateOut=2027-03-19&originIata=NAP&destinationIata=WAW&isReturn=false
2027-03-19,06:05,VCE,WAW,55.99,EUR,https://www.ryanair.com/pl/pl/trip/flights/select?adults=1&dateOut=2027-03-19&originIata=VCE&destinationIata=WAW&isReturn=false
2027-03-19,15:50,BLQ,WAW,58.99,EUR,https://www.ryanair.com/pl/pl/trip/flights/select?adults=1&dateOut=2027-03-19&originIata=BLQ&destinationIata=WAW&isReturn=false
2027-03-19,06:00,BRI,WAW,79.99,EUR,https://www.ryanair.com/pl/pl/trip/flights/select?adults=1&dateOut=2027-03-19&originIata=BRI&destinationIata=WAW&isReturn=false
2027-03-19,20:25,WAW,AGP,170.77,PLN,https://www.ryanair.com/pl/pl/trip/flights/select?adults=1&dateOut=2027-03-19&originIata=WAW&destinationIata=AGP&isReturn=false
2027-03-19,20:10,WAW,CRL,179.54,PLN,https://www.ryanair.com/pl/pl/trip/flights/select?adults=1&dateOut=2027-03-19&originIata=WAW&destinationIata=CRL&isReturn=false
2027-03-19,09:25,WAW,NAP,213.0,PLN,https://www.ryanair.com/pl/pl/trip/flights/select?adults=1&dateOut=2027-03-19&originIata=WAW&destinationIata=NAP&isReturn=false
2027-03-19,08:30,WAW,VCE,238.0,PLN,https://www.ryanair.com/pl/pl/trip/flights/select?adults=1&dateOut=2027-03-19&originIata=WAW&destinationIata=VCE&isReturn=false
2027-03-19,18:20,WAW,BLQ,251.0,PLN,https://www.ryanair.com/pl/pl/trip/flights/select?adults=1&dateOut=2027-03-19&originIata=WAW&destinationIata=BLQ&isReturn=false
2027-03-19,08:45,WAW,BRI,324.08,PLN,https://www.ryanair.com/pl/pl/trip/flights/select?adults=1&dateOut=2027-03-19&originIata=WAW&destinationIata=BRI&isReturn=false
2027-03-20,07:30,CRL,WAW,56.99,EUR,https://www.ryanair.com/pl/pl/trip/flights/select?adults=1&dateOut=2027-03-20&originIata=CRL&destinationIata=WAW&isReturn=false
2027-03-20,13:45,AGP,WAW,57.49,EUR,https://www.ryanair.com/pl/pl/trip/flights/select?adults=1&dateOut=2027-03-20&originIata=AGP&destinationIata=WAW&isReturn=false
2027-03-20,13:50,LBA,WAW,64.99,GBP,https://www.ryanair.com/pl/pl/trip/flights/select?adults=1&dateOut=2027-03-20&originIata=LBA&destinationIata=WAW&isReturn=false
2027-03-20,16:20,LPL,WAW,70.99,GBP,https://www.ryanair.com/pl/pl/trip/flights/select?adults=1&dateOut=2027-03-20&originIata=LPL&destinationIata=WAW&isReturn=false
2027-03-20,06:15,TRN,WAW,76.99,EUR,https://www.ryanair.com/pl/pl/trip/flights/select?adults=1&dateOut=2027-03-20&originIata=TRN&destinationIata=WAW&isReturn=false
2027-03-20,18:40,WAW,LBA,119.0,PLN,https://www.ryanair.com/pl/pl/trip/flights/select?adults=1&dateOut=2027-03-20&originIata=WAW&destinationIata=LBA&isReturn=false
2027-03-20,20:25,WAW,LPL,140.12,PLN,https://www.ryanair.com/pl/pl/trip/flights/select?adults=1&dateOut=2027-03-20&originIata=WAW&destinationIata=LPL&isReturn=false
2027-03-20,10:05,WAW,CRL,153.0,PLN,https://www.ryanair.com/pl/pl/trip/flights/select?adults=1&dateOut=2027-03-20&originIata=WAW&destinationIata=CRL&isReturn=false
2027-03-20,08:55,WAW,TRN,258.38,PLN,https://www.ryanair.com/pl/pl/trip/flights/select?adults=1&dateOut=2027-03-20&originIata=WAW&destinationIata=TRN&isReturn=false
2027-03-20,18:00,WAW,AGP,324.08,PLN,https://www.ryanair.com/pl/pl/trip/flights/select?adults=1&dateOut=2027-03-20&originIata=WAW&destinationIata=AGP&isReturn=false
2027-03-21,16:20,CRL,WAW,49.99,EUR,https://www.ryanair.com/pl/pl/trip/flights/select?adults=1&dateOut=2027-03-21&originIata=CRL&destinationIata=WAW&isReturn=false
2027-03-21,08:05,NAP,WAW,64.99,EUR,https://www.ryanair.com/pl/pl/trip/flights/select?adults=1&dateOut=2027-03-21&originIata=NAP&destinationIata=WAW&isReturn=false
2027-03-21,10:00,BLQ,WAW,74.99,EUR,https://www.ryanair.com/pl/pl/trip/flights/select?adults=1&dateOut=2027-03-21&originIata=BLQ&destinationIata=WAW&isReturn=false
2027-03-21,15:40,BRI,WAW,77.99,EUR,https://www.ryanair.com/pl/pl/trip/flights/select?adults=1&dateOut=2027-03-21&originIata=BRI&destinationIata=WAW&isReturn=false
2027-03-21,07:25,AGP,WAW,82.99,EUR,https://www.ryanair.com/pl/pl/trip/flights/select?adults=1&dateOut=2027-03-21&originIata=AGP&destinationIata=WAW&isReturn=false
2027-03-21,06:05,LBA,WAW,82.99,GBP,https://www.ryanair.com/pl/pl/trip/flights/select?adults=1&dateOut=2027-03-21&originIata=LBA&destinationIata=WAW&isReturn=false
2027-03-21,06:55,SVQ,WAW,84.99,EUR,https://www.ryanair.com/pl/pl/trip/flights/select?adults=1&dateOut=2027-03-21&originIata=SVQ&destinationIata=WAW&isReturn=false
2027-03-21,09:55,WAW,LBA,145.0,PLN,https://www.ryanair.com/pl/pl/trip/flights/select?adults=1&dateOut=2027-03-21&originIata=WAW&destinationIata=LBA&isReturn=false
2027-03-21,18:25,WAW,BRI,172.02,PLN,https://www.ryanair.com/pl/pl/trip/flights/select?adults=1&dateOut=2027-03-21&originIata=WAW&destinationIata=BRI&isReturn=false
2027-03-21,11:10,WAW,NAP,218.96,PLN,https://www.ryanair.com/pl/pl/trip/flights/select?adults=1&dateOut=2027-03-21&originIata=WAW&destinationIata=NAP&isReturn=false
2027-03-21,11:40,WAW,AGP,226.0,PLN,https://www.ryanair.com/pl/pl/trip/flights/select?adults=1&dateOut=2027-03-21&originIata=WAW&destinationIata=AGP&isReturn=false
2027-03-21,11:10,WAW,SVQ,271.52,PLN,https://www.ryanair.com/pl/pl/trip/flights/select?adults=1&dateOut=2027-03-21&originIata=WAW&destinationIata=SVQ&isReturn=false
2027-03-21,12:35,WAW,BLQ,280.28,PLN,https://www.ryanair.com/pl/pl/trip/flights/select?adults=1&dateOut=2027-03-21&originIata=WAW&destinationIata=BLQ&isReturn=false
2027-03-21,18:50,WAW,CRL,302.18,PLN,https://www.ryanair.com/pl/pl/trip/flights/select?adults=1&dateOut=2027-03-21&originIata=WAW&destinationIata=CRL&isReturn=false
2027-03-22,17:05,LPL,WAW,39.99,GBP,https://www.ryanair.com/pl/pl/trip/flights/select?adults=1&dateOut=2027-03-22&originIata=LPL&destinationIata=WAW&isReturn=false
2027-03-22,18:25,CRL,WAW,42.99,EUR,https://www.ryanair.com/pl/pl/trip/flights/select?adults=1&dateOut=2027-03-22&originIata=CRL&destinationIata=WAW&isReturn=false
2027-03-22,16:10,BLQ,WAW,43.99,EUR,https://www.ryanair.com/pl/pl/trip/flights/select?adults=1&dateOut=2027-03-22&originIata=BLQ&destinationIata=WAW&isReturn=false
2027-03-22,06:15,VCE,WAW,45.99,EUR,https://www.ryanair.com/pl/pl/trip/flights/select?adults=1&dateOut=2027-03-22&originIata=VCE&destinationIata=WAW&isReturn=false
2027-03-22,07:15,AGP,WAW,57.49,EUR,https://www.ryanair.com/pl/pl/trip/flights/select?adults=1&dateOut=2027-03-22&originIata=AGP&destinationIata=WAW&isReturn=false
2027-03-22,06:00,NAP,WAW,76.99,EUR,https://www.ryanair.com/pl/pl/trip/flights/select?adults=1&dateOut=2027-03-22&originIata=NAP&destinationIata=WAW&isReturn=false
2027-03-22,18:55,WAW,VCE,122.6,PLN,https://www.ryanair.com/pl/pl/trip/flights/select?adults=1&dateOut=2027-03-22&originIata=WAW&destinationIata=VCE&isReturn=false
2027-03-22,17:50,WAW,CRL,153.25,PLN,https://www.ryanair.com/pl/pl/trip/flights/select?adults=1&dateOut=2027-03-22&originIata=WAW&destinationIata=CRL&isReturn=false
2027-03-22,21:15,WAW,LPL,183.0,PLN,https://www.ryanair.com/pl/pl/trip/flights/select?adults=1&dateOut=2027-03-22&originIata=WAW&destinationIata=LPL&isReturn=false
2027-03-22,08:55,WAW,NAP,227.72,PLN,https://www.ryanair.com/pl/pl/trip/flights/select?adults=1&dateOut=2027-03-22&originIata=WAW&destinationIata=NAP&isReturn=false
2027-03-22,19:35,WAW,BLQ,249.62,PLN,https://www.ryanair.com/pl/pl/trip/flights/select?adults=1&dateOut=2027-03-22&originIata=WAW&destinationIata=BLQ&isReturn=false
2027-03-22,12:30,WAW,AGP,424.83,PLN,https://www.ryanair.com/pl/pl/trip/flights/select?adults=1&dateOut=2027-03-22&originIata=WAW&destinationIata=AGP&isReturn=false
2027-03-23,08:05,NAP,WAW,76.99,EUR,https://www.ryanair.com/pl/pl/trip/flights/select?adults=1&dateOut=2027-03-23&originIata=NAP&destinationIata=WAW&isReturn=false
2027-03-23,16:30,AGP,WAW,83.99,EUR,https://www.ryanair.com/pl/pl/trip/flights/select?adults=1&dateOut=2027-03-23&originIata=AGP&destinationIata=WAW&isReturn=false
2027-03-23,11:00,WAW,NAP,327.0,PLN,https://www.ryanair.com/pl/pl/trip/flights/select?adults=1&dateOut=2027-03-23&originIata=WAW&destinationIata=NAP&isReturn=false
2027-03-23,20:50,WAW,AGP,332.06,PLN,https://www.ryanair.com/pl/pl/trip/flights/select?adults=1&dateOut=2027-03-23&originIata=WAW&destinationIata=AGP&isReturn=false
2027-03-24,06:50,SVQ,WAW,42.99,EUR,https://www.ryanair.com/pl/pl/trip/flights/select?adults=1&dateOut=2027-03-24&originIata=SVQ&destinationIata=WAW&isReturn=false
2027-03-24,06:15,VCE,WAW,47.99,EUR,https://www.ryanair.com/pl/pl/trip/flights/select?adults=1&dateOut=2027-03-24&originIata=VCE&destinationIata=WAW&isReturn=false
2027-03-24,06:55,BRI,WAW,49.99,EUR,https://www.ryanair.com/pl/pl/trip/flights/select?adults=1&dateOut=2027-03-24&originIata=BRI&destinationIata=WAW&isReturn=false
2027-03-24,14:25,AGP,WAW,57.49,EUR,https://www.ryanair.com/pl/pl/trip/flights/select?adults=1&dateOut=2027-03-24&originIata=AGP&destinationIata=WAW&isReturn=false
2027-03-24,08:15,NAP,WAW,76.99,EUR,https://www.ryanair.com/pl/pl/trip/flights/select?adults=1&dateOut=2027-03-24&originIata=NAP&destinationIata=WAW&isReturn=false
2027-03-24,08:40,WAW,VCE,144.5,PLN,https://www.ryanair.com/pl/pl/trip/flights/select?adults=1&dateOut=2027-03-24&originIata=WAW&destinationIata=VCE&isReturn=false
2027-03-24,09:45,WAW,BRI,205.82,PLN,https://www.ryanair.com/pl/pl/trip/flights/select?adults=1&dateOut=2027-03-24&originIata=WAW&destinationIata=BRI&isReturn=false
2027-03-24,12:00,WAW,NAP,233.41,PLN,https://www.ryanair.com/pl/pl/trip/flights/select?adults=1&dateOut=2027-03-24&originIata=WAW&destinationIata=NAP&isReturn=false
2027-03-24,19:35,WAW,AGP,402.91,PLN,https://www.ryanair.com/pl/pl/trip/flights/select?adults=1&dateOut=2027-03-24&originIata=WAW&destinationIata=AGP&isReturn=false
2027-03-24,11:20,WAW,SVQ,459.87,PLN,https://www.ryanair.com/pl/pl/trip/flights/select?adults=1&dateOut=2027-03-24&originIata=WAW&destinationIata=SVQ&isReturn=false
2027-03-25,15:15,CRL,WAW,87.99,EUR,https://www.ryanair.com/pl/pl/trip/flights/select?adults=1&dateOut=2027-03-25&originIata=CRL&destinationIata=WAW&isReturn=false
2027-03-25,06:45,AGP,WAW,90.99,EUR,https://www.ryanair.com/pl/pl/trip/flights/select?adults=1&dateOut=2027-03-25&originIata=AGP&destinationIata=WAW&isReturn=false
2027-03-25,16:30,LBA,WAW,93.99,GBP,https://www.ryanair.com/pl/pl/trip/flights/select?adults=1&dateOut=2027-03-25&originIata=LBA&destinationIata=WAW&isReturn=false
2027-03-25,20:40,WAW,LBA,145.0,PLN,https://www.ryanair.com/pl/pl/trip/flights/select?adults=1&dateOut=2027-03-25&originIata=WAW&destinationIata=LBA&isReturn=false
2027-03-25,18:40,WAW,CRL,213.0,PLN,https://www.ryanair.com/pl/pl/trip/flights/select?adults=1&dateOut=2027-03-25&originIata=WAW&destinationIata=CRL&isReturn=false
2027-03-25,11:10,WAW,AGP,306.0,PLN,https://www.ryanair.com/pl/pl/trip/flights/select?adults=1&dateOut=2027-03-25&originIata=WAW&destinationIata=AGP&isReturn=false
2027-03-26,06:45,AGP,WAW,52.99,EUR,https://www.ryanair.com/pl/pl/trip/flights/select?adults=1&dateOut=2027-03-26&originIata=AGP&destinationIata=WAW&isReturn=false
2027-03-26,06:05,VCE,WAW,69.99,EUR,https://www.ryanair.com/pl/pl/trip/flights/select?adults=1&dateOut=2027-03-26&originIata=VCE&destinationIata=WAW&isReturn=false
2027-03-26,06:00,BRI,WAW,77.99,EUR,https://www.ryanair.com/pl/pl/trip/flights/select?adults=1&dateOut=2027-03-26&originIata=BRI&destinationIata=WAW&isReturn=false
2027-03-26,15:50,BLQ,WAW,77.99,EUR,https://www.ryanair.com/pl/pl/trip/flights/select?adults=1&dateOut=2027-03-26&originIata=BLQ&destinationIata=WAW&isReturn=false
2027-03-26,17:45,CRL,WAW,104.99,EUR,https://www.ryanair.com/pl/pl/trip/flights/select?adults=1&dateOut=2027-03-26&originIata=CRL&destinationIata=WAW&isReturn=false
2027-03-26,06:40,NAP,WAW,144.54,EUR,https://www.ryanair.com/pl/pl/trip/flights/select?adults=1&dateOut=2027-03-26&originIata=NAP&destinationIata=WAW&isReturn=false
2027-03-26,20:10,WAW,CRL,183.91,PLN,https://www.ryanair.com/pl/pl/trip/flights/select?adults=1&dateOut=2027-03-26&originIata=WAW&destinationIata=CRL&isReturn=false
2027-03-26,08:45,WAW,BRI,217.0,PLN,https://www.ryanair.com/pl/pl/trip/flights/select?adults=1&dateOut=2027-03-26&originIata=WAW&destinationIata=BRI&isReturn=false
2027-03-26,18:20,WAW,BLQ,262.76,PLN,https://www.ryanair.com/pl/pl/trip/flights/select?adults=1&dateOut=2027-03-26&originIata=WAW&destinationIata=BLQ&isReturn=false
2027-03-26,08:30,WAW,VCE,315.0,PLN,https://www.ryanair.com/pl/pl/trip/flights/select?adults=1&dateOut=2027-03-26&originIata=WAW&destinationIata=VCE&isReturn=false
2027-03-26,09:25,WAW,NAP,328.46,PLN,https://www.ryanair.com/pl/pl/trip/flights/select?adults=1&dateOut=2027-03-26&originIata=WAW&destinationIata=NAP&isReturn=false
2027-03-26,11:40,WAW,AGP,391.0,PLN,https://www.ryanair.com/pl/pl/trip/flights/select?adults=1&dateOut=2027-03-26&originIata=WAW&destinationIata=AGP&isReturn=false
2027-03-27,16:20,LPL,WAW,68.99,GBP,https://www.ryanair.com/pl/pl/trip/flights/select?adults=1&dateOut=2027-03-27&originIata=LPL&destinationIata=WAW&isReturn=false
2027-03-27,13:45,AGP,WAW,77.94,EUR,https://www.ryanair.com/pl/pl/trip/flights/select?adults=1&dateOut=2027-03-27&originIata=AGP&destinationIata=WAW&isReturn=false
2027-03-27,06:15,TRN,WAW,77.99,EUR,https://www.ryanair.com/pl/pl/trip/flights/select?adults=1&dateOut=2027-03-27&originIata=TRN&destinationIata=WAW&isReturn=false
2027-03-27,07:30,CRL,WAW,87.99,EUR,https://www.ryanair.com/pl/pl/trip/flights/select?adults=1&dateOut=2027-03-27&originIata=CRL&destinationIata=WAW&isReturn=false
2027-03-27,10:05,WAW,CRL,122.6,PLN,https://www.ryanair.com/pl/pl/trip/flights/select?adults=1&dateOut=2027-03-27&originIata=WAW&destinationIata=CRL&isReturn=false
2027-03-27,13:50,LBA,WAW,140.99,GBP,https://www.ryanair.com/pl/pl/trip/flights/select?adults=1&dateOut=2027-03-27&originIata=LBA&destinationIata=WAW&isReturn=false
2027-03-27,20:25,WAW,LPL,166.39,PLN,https://www.ryanair.com/pl/pl/trip/flights/select?adults=1&dateOut=2027-03-27&originIata=WAW&destinationIata=LPL&isReturn=false
2027-03-27,18:40,WAW,LBA,267.14,PLN,https://www.ryanair.com/pl/pl/trip/flights/select?adults=1&dateOut=2027-03-27&originIata=WAW&destinationIata=LBA&isReturn=false
2027-03-27,08:55,WAW,TRN,271.52,PLN,https://www.ryanair.com/pl/pl/trip/flights/select?adults=1&dateOut=2027-03-27&originIata=WAW&destinationIata=TRN&isReturn=false
2027-03-27,18:00,WAW,AGP,391.0,PLN,https://www.ryanair.com/pl/pl/trip/flights/select?adults=1&dateOut=2027-03-27&originIata=WAW&destinationIata=AGP&isReturn=false
2027-03-28,17:20,VIE,WAW,63.99,EUR,https://www.ryanair.com/pl/pl/trip/flights/select?adults=1&dateOut=2027-03-28&originIata=VIE&destinationIata=WAW&isReturn=false
2027-03-28,07:40,LBA,WAW,86.99,GBP,https://www.ryanair.com/pl/pl/trip/flights/select?adults=1&dateOut=2027-03-28&originIata=LBA&destinationIata=WAW&isReturn=false
2027-03-28,05:50,BRI,WAW,98.99,EUR,https://www.ryanair.com/pl/pl/trip/flights/select?adults=1&dateOut=2027-03-28&originIata=BRI&destinationIata=WAW&isReturn=false
2027-03-28,15:40,BLQ,WAW,98.99,EUR,https://www.ryanair.com/pl/pl/trip/flights/select?adults=1&dateOut=2027-03-28&originIata=BLQ&destinationIata=WAW&isReturn=false
2027-03-28,15:25,LPL,WAW,99.99,GBP,https://www.ryanair.com/pl/pl/trip/flights/select?adults=1&dateOut=2027-03-28&originIata=LPL&destinationIata=WAW&isReturn=false
2027-03-28,06:35,SVQ,WAW,109.99,EUR,https://www.ryanair.com/pl/pl/trip/flights/select?adults=1&dateOut=2027-03-28&originIata=SVQ&destinationIata=WAW&isReturn=false
2027-03-28,13:40,NAP,WAW,109.99,EUR,https://www.ryanair.com/pl/pl/trip/flights/select?adults=1&dateOut=2027-03-28&originIata=NAP&destinationIata=WAW&isReturn=false
2027-03-28,11:30,WAW,LBA,272.0,PLN,https://www.ryanair.com/pl/pl/trip/flights/select?adults=1&dateOut=2027-03-28&originIata=WAW&destinationIata=LBA&isReturn=false
2027-03-28,19:05,WAW,VIE,310.0,PLN,https://www.ryanair.com/pl/pl/trip/flights/select?adults=1&dateOut=2027-03-28&originIata=WAW&destinationIata=VIE&isReturn=false
2027-03-28,08:30,WAW,BRI,421.0,PLN,https://www.ryanair.com/pl/pl/trip/flights/select?adults=1&dateOut=2027-03-28&originIata=WAW&destinationIata=BRI&isReturn=false
2027-03-28,18:25,WAW,BLQ,421.0,PLN,https://www.ryanair.com/pl/pl/trip/flights/select?adults=1&dateOut=2027-03-28&originIata=WAW&destinationIata=BLQ&isReturn=false
2027-03-28,19:30,WAW,LPL,463.0,PLN,https://www.ryanair.com/pl/pl/trip/flights/select?adults=1&dateOut=2027-03-28&originIata=WAW&destinationIata=LPL&isReturn=false
2027-03-28,16:25,WAW,NAP,468.0,PLN,https://www.ryanair.com/pl/pl/trip/flights/select?adults=1&dateOut=2027-03-28&originIata=WAW&destinationIata=NAP&isReturn=false
2027-03-28,10:50,WAW,SVQ,620.0,PLN,https://www.ryanair.com/pl/pl/trip/flights/select?adults=1&dateOut=2027-03-28&originIata=WAW&destinationIata=SVQ&isReturn=false
2027-03-29,06:25,VCE,WAW,93.99,EUR,https://www.ryanair.com/pl/pl/trip/flights/select?adults=1&dateOut=2027-03-29&originIata=VCE&destinationIata=WAW&isReturn=false
2027-03-29,16:10,BRI,WAW,98.99,EUR,https://www.ryanair.com/pl/pl/trip/flights/select?adults=1&dateOut=2027-03-29&originIata=BRI&destinationIata=WAW&isReturn=false
2027-03-29,17:55,BLQ,WAW,98.99,EUR,https://www.ryanair.com/pl/pl/trip/flights/select?adults=1&dateOut=2027-03-29&originIata=BLQ&destinationIata=WAW&isReturn=false
2027-03-29,07:15,NAP,WAW,109.99,EUR,https://www.ryanair.com/pl/pl/trip/flights/select?adults=1&dateOut=2027-03-29&originIata=NAP&destinationIata=WAW&isReturn=false
2027-03-29,08:50,WAW,VCE,400.0,PLN,https://www.ryanair.com/pl/pl/trip/flights/select?adults=1&dateOut=2027-03-29&originIata=WAW&destinationIata=VCE&isReturn=false
2027-03-29,20:25,WAW,BLQ,421.0,PLN,https://www.ryanair.com/pl/pl/trip/flights/select?adults=1&dateOut=2027-03-29&originIata=WAW&destinationIata=BLQ&isReturn=false
2027-03-29,10:00,WAW,NAP,468.0,PLN,https://www.ryanair.com/pl/pl/trip/flights/select?adults=1&dateOut=2027-03-29&originIata=WAW&destinationIata=NAP&isReturn=false
2027-03-29,18:50,WAW,BRI,505.23,PLN,https://www.ryanair.com/pl/pl/trip/flights/select?adults=1&dateOut=2027-03-29&originIata=WAW&destinationIata=BRI&isReturn=false
2027-03-30,12:35,VCE,WAW,93.99,EUR,https://www.ryanair.com/pl/pl/trip/flights/select?adults=1&dateOut=2027-03-30&originIata=VCE&destinationIata=WAW&isReturn=false
2027-03-30,09:45,VIE,WAW,94.99,EUR,https://www.ryanair.com/pl/pl/trip/flights/select?adults=1&dateOut=2027-03-30&originIata=VIE&destinationIata=WAW&isReturn=false
2027-03-30,05:55,BRI,WAW,98.99,EUR,https://www.ryanair.com/pl/pl/trip/flights/select?adults=1&dateOut=2027-03-30&originIata=BRI&destinationIata=WAW&isReturn=false
2027-03-30,15:15,BLQ,WAW,98.99,EUR,https://www.ryanair.com/pl/pl/trip/flights/select?adults=1&dateOut=2027-03-30&originIata=BLQ&destinationIata=WAW&isReturn=false
2027-03-30,06:15,LPL,WAW,100.99,GBP,https://www.ryanair.com/pl/pl/trip/flights/select?adults=1&dateOut=2027-03-30&originIata=LPL&destinationIata=WAW&isReturn=false
2027-03-30,17:00,NAP,WAW,109.99,EUR,https://www.ryanair.com/pl/pl/trip/flights/select?adults=1&dateOut=2027-03-30&originIata=NAP&destinationIata=WAW&isReturn=false
2027-03-30,16:35,SVQ,WAW,132.99,EUR,https://www.ryanair.com/pl/pl/trip/flights/select?adults=1&dateOut=2027-03-30&originIata=SVQ&destinationIata=WAW&isReturn=false
2027-03-30,20:50,WAW,SVQ,374.0,PLN,https://www.ryanair.com/pl/pl/trip/flights/select?adults=1&dateOut=2027-03-30&originIata=WAW&destinationIata=SVQ&isReturn=false
2027-03-30,15:00,WAW,VCE,400.0,PLN,https://www.ryanair.com/pl/pl/trip/flights/select?adults=1&dateOut=2027-03-30&originIata=WAW&destinationIata=VCE&isReturn=false
2027-03-30,08:35,WAW,BRI,421.0,PLN,https://www.ryanair.com/pl/pl/trip/flights/select?adults=1&dateOut=2027-03-30&originIata=WAW&destinationIata=BRI&isReturn=false
2027-03-30,17:50,WAW,BLQ,421.0,PLN,https://www.ryanair.com/pl/pl/trip/flights/select?adults=1&dateOut=2027-03-30&originIata=WAW&destinationIata=BLQ&isReturn=false
2027-03-30,11:30,WAW,VIE,446.0,PLN,https://www.ryanair.com/pl/pl/trip/flights/select?adults=1&dateOut=2027-03-30&originIata=WAW&destinationIata=VIE&isReturn=false
2027-03-30,10:20,WAW,LPL,467.38,PLN,https://www.ryanair.com/pl/pl/trip/flights/select?adults=1&dateOut=2027-03-30&originIata=WAW&destinationIata=LPL&isReturn=false
2027-03-30,20:00,WAW,NAP,615.59,PLN,https://www.ryanair.com/pl/pl/trip/flights/select?adults=1&dateOut=2027-03-30&originIata=WAW&destinationIata=NAP&isReturn=false
2027-03-31,15:10,BRI,WAW,98.99,EUR,https://www.ryanair.com/pl/pl/trip/flights/select?adults=1&dateOut=2027-03-31&originIata=BRI&destinationIata=WAW&isReturn=false
2027-03-31,15:45,BLQ,WAW,98.99,EUR,https://www.ryanair.com/pl/pl/trip/flights/select?adults=1&dateOut=2027-03-31&originIata=BLQ&destinationIata=WAW&isReturn=false
2027-03-31,06:05,LBA,WAW,104.99,GBP,https://www.ryanair.com/pl/pl/trip/flights/select?adults=1&dateOut=2027-03-31&originIata=LBA&destinationIata=WAW&isReturn=false
2027-03-31,16:15,NAP,WAW,109.99,EUR,https://www.ryanair.com/pl/pl/trip/flights/select?adults=1&dateOut=2027-03-31&originIata=NAP&destinationIata=WAW&isReturn=false
2027-03-31,17:50,WAW,BRI,421.0,PLN,https://www.ryanair.com/pl/pl/trip/flights/select?adults=1&dateOut=2027-03-31&originIata=WAW&destinationIata=BRI&isReturn=false
2027-03-31,18:15,WAW,BLQ,421.0,PLN,https://www.ryanair.com/pl/pl/trip/flights/select?adults=1&dateOut=2027-03-31&originIata=WAW&destinationIata=BLQ&isReturn=false
2027-03-31,19:00,WAW,NAP,468.0,PLN,https://www.ryanair.com/pl/pl/trip/flights/select?adults=1&dateOut=2027-03-31&originIata=WAW&destinationIata=NAP&isReturn=false
2027-03-31,11:00,WAW,LBA,489.0,PLN,https://www.ryanair.com/pl/pl/trip/flights/select?adults=1&dateOut=2027-03-31&originIata=WAW&destinationIata=LBA&isReturn=false
2027-04-01,19:55,VIE,WAW,63.99,EUR,https://www.ryanair.com/pl/pl/trip/flights/select?adults=1&dateOut=2027-04-01&originIata=VIE&destinationIata=WAW&isReturn=false
2027-04-01,17:05,VCE,WAW,93.99,EUR,https://www.ryanair.com/pl/pl/trip/flights/select?adults=1&dateOut=2027-04-01&originIata=VCE&destinationIata=WAW&isReturn=false
2027-04-01,15:55,BRI,WAW,98.99,EUR,https://www.ryanair.com/pl/pl/trip/flights/select?adults=1&dateOut=2027-04-01&originIata=BRI&destinationIata=WAW&isReturn=false
2027-04-01,15:40,BLQ,WAW,98.99,EUR,https://www.ryanair.com/pl/pl/trip/flights/select?adults=1&dateOut=2027-04-01&originIata=BLQ&destinationIata=WAW&isReturn=false
2027-04-01,05:50,LPL,WAW,99.99,GBP,https://www.ryanair.com/pl/pl/trip/flights/select?adults=1&dateOut=2027-04-01&originIata=LPL&destinationIata=WAW&isReturn=false
2027-04-01,17:30,NAP,WAW,109.99,EUR,https://www.ryanair.com/pl/pl/trip/flights/select?adults=1&dateOut=2027-04-01&originIata=NAP&destinationIata=WAW&isReturn=false
2027-04-01,19:30,WAW,VCE,400.0,PLN,https://www.ryanair.com/pl/pl/trip/flights/select?adults=1&dateOut=2027-04-01&originIata=WAW&destinationIata=VCE&isReturn=false
2027-04-01,18:35,WAW,BRI,421.0,PLN,https://www.ryanair.com/pl/pl/trip/flights/select?adults=1&dateOut=2027-04-01&originIata=WAW&destinationIata=BRI&isReturn=false
2027-04-01,18:10,WAW,BLQ,421.0,PLN,https://www.ryanair.com/pl/pl/trip/flights/select?adults=1&dateOut=2027-04-01&originIata=WAW&destinationIata=BLQ&isReturn=false
2027-04-01,21:40,WAW,VIE,446.0,PLN,https://www.ryanair.com/pl/pl/trip/flights/select?adults=1&dateOut=2027-04-01&originIata=WAW&destinationIata=VIE&isReturn=false
2027-04-01,09:55,WAW,LPL,463.0,PLN,https://www.ryanair.com/pl/pl/trip/flights/select?adults=1&dateOut=2027-04-01&originIata=WAW&destinationIata=LPL&isReturn=false
2027-04-01,20:20,WAW,NAP,468.0,PLN,https://www.ryanair.com/pl/pl/trip/flights/select?adults=1&dateOut=2027-04-01&originIata=WAW&destinationIata=NAP&isReturn=false
2027-04-02,15:55,VIE,WAW,63.99,EUR,https://www.ryanair.com/pl/pl/trip/flights/select?adults=1&dateOut=2027-04-02&originIata=VIE&destinationIata=WAW&isReturn=false
2027-04-02,06:25,BLQ,WAW,98.99,EUR,https://www.ryanair.com/pl/pl/trip/flights/select?adults=1&dateOut=2027-04-02&originIata=BLQ&destinationIata=WAW&isReturn=false
2027-04-02,16:05,LPL,WAW,100.99,GBP,https://www.ryanair.com/pl/pl/trip/flights/select?adults=1&dateOut=2027-04-02&originIata=LPL&destinationIata=WAW&isReturn=false
2027-04-02,06:05,LBA,WAW,105.99,GBP,https://www.ryanair.com/pl/pl/trip/flights/select?adults=1&dateOut=2027-04-02&originIata=LBA&destinationIata=WAW&isReturn=false
2027-04-02,17:50,NAP,WAW,109.99,EUR,https://www.ryanair.com/pl/pl/trip/flights/select?adults=1&dateOut=2027-04-02&originIata=NAP&destinationIata=WAW&isReturn=false
2027-04-02,16:40,SVQ,WAW,176.99,EUR,https://www.ryanair.com/pl/pl/trip/flights/select?adults=1&dateOut=2027-04-02&originIata=SVQ&destinationIata=WAW&isReturn=false
2027-04-02,08:55,WAW,BLQ,421.0,PLN,https://www.ryanair.com/pl/pl/trip/flights/select?adults=1&dateOut=2027-04-02&originIata=WAW&destinationIata=BLQ&isReturn=false
2027-04-02,18:00,WAW,VIE,446.0,PLN,https://www.ryanair.com/pl/pl/trip/flights/select?adults=1&dateOut=2027-04-02&originIata=WAW&destinationIata=VIE&isReturn=false
2027-04-02,20:10,WAW,LPL,467.38,PLN,https://www.ryanair.com/pl/pl/trip/flights/select?adults=1&dateOut=2027-04-02&originIata=WAW&destinationIata=LPL&isReturn=false
2027-04-02,20:35,WAW,NAP,468.0,PLN,https://www.ryanair.com/pl/pl/trip/flights/select?adults=1&dateOut=2027-04-02&originIata=WAW&destinationIata=NAP&isReturn=false
2027-04-02,10:05,WAW,LBA,493.38,PLN,https://www.ryanair.com/pl/pl/trip/flights/select?adults=1&dateOut=2027-04-02&originIata=WAW&destinationIata=LBA&isReturn=false
2027-04-02,20:55,WAW,SVQ,752.0,PLN,https://www.ryanair.com/pl/pl/trip/flights/select?adults=1&dateOut=2027-04-02&originIata=WAW&destinationIata=SVQ&isReturn=false
2027-04-03,15:40,VCE,WAW,93.99,EUR,https://www.ryanair.com/pl/pl/trip/flights/select?adults=1&dateOut=2027-04-03&originIata=VCE&destinationIata=WAW&isReturn=false
2027-04-03,16:00,BRI,WAW,98.99,EUR,https://www.ryanair.com/pl/pl/trip/flights/select?adults=1&dateOut=2027-04-03&originIata=BRI&destinationIata=WAW&isReturn=false
2027-04-03,14:55,BLQ,WAW,98.99,EUR,https://www.ryanair.com/pl/pl/trip/flights/select?adults=1&dateOut=2027-04-03&originIata=BLQ&destinationIata=WAW&isReturn=false
2027-04-03,16:20,NAP,WAW,109.99,EUR,https://www.ryanair.com/pl/pl/trip/flights/select?adults=1&dateOut=2027-04-03&originIata=NAP&destinationIata=WAW&isReturn=false
2027-04-03,18:25,WAW,VCE,400.0,PLN,https://www.ryanair.com/pl/pl/trip/flights/select?adults=1&dateOut=2027-04-03&originIata=WAW&destinationIata=VCE&isReturn=false
2027-04-03,18:40,WAW,BRI,421.0,PLN,https://www.ryanair.com/pl/pl/trip/flights/select?adults=1&dateOut=2027-04-03&originIata=WAW&destinationIata=BRI&isReturn=false
2027-04-03,17:25,WAW,BLQ,421.0,PLN,https://www.ryanair.com/pl/pl/trip/flights/select?adults=1&dateOut=2027-04-03&originIata=WAW&destinationIata=BLQ&isReturn=false
2027-04-03,19:05,WAW,NAP,468.0,PLN,https://www.ryanair.com/pl/pl/trip/flights/select?adults=1&dateOut=2027-04-03&originIata=WAW&destinationIata=NAP&isReturn=false
2027-04-04,17:20,VIE,WAW,55.99,EUR,https://www.ryanair.com/pl/pl/trip/flights/select?adults=1&dateOut=2027-04-04&originIata=VIE&destinationIata=WAW&isReturn=false
2027-04-04,05:50,BRI,WAW,98.99,EUR,https://www.ryanair.com/pl/pl/trip/flights/select?adults=1&dateOut=2027-04-04&originIata=BRI&destinationIata=WAW&isReturn=false
2027-04-04,15:40,BLQ,WAW,98.99,EUR,https://www.ryanair.com/pl/pl/trip/flights/select?adults=1&dateOut=2027-04-04&originIata=BLQ&destinationIata=WAW&isReturn=false
2027-04-04,15:25,LPL,WAW,99.99,GBP,https://www.ryanair.com/pl/pl/trip/flights/select?adults=1&dateOut=2027-04-04&originIata=LPL&destinationIata=WAW&isReturn=false
2027-04-04,07:40,LBA,WAW,104.99,GBP,https://www.ryanair.com/pl/pl/trip/flights/select?adults=1&dateOut=2027-04-04&originIata=LBA&destinationIata=WAW&isReturn=false
2027-04-04,13:40,NAP,WAW,109.99,EUR,https://www.ryanair.com/pl/pl/trip/flights/select?adults=1&dateOut=2027-04-04&originIata=NAP&destinationIata=WAW&isReturn=false
2027-04-04,06:35,SVQ,WAW,176.99,EUR,https://www.ryanair.com/pl/pl/trip/flights/select?adults=1&dateOut=2027-04-04&originIata=SVQ&destinationIata=WAW&isReturn=false
2027-04-04,19:05,WAW,VIE,357.0,PLN,https://www.ryanair.com/pl/pl/trip/flights/select?adults=1&dateOut=2027-04-04&originIata=WAW&destinationIata=VIE&isReturn=false
2027-04-04,08:30,WAW,BRI,421.0,PLN,https://www.ryanair.com/pl/pl/trip/flights/select?adults=1&dateOut=2027-04-04&originIata=WAW&destinationIata=BRI&isReturn=false
2027-04-04,18:25,WAW,BLQ,421.0,PLN,https://www.ryanair.com/pl/pl/trip/flights/select?adults=1&dateOut=2027-04-04&originIata=WAW&destinationIata=BLQ&isReturn=false
2027-04-04,19:30,WAW,LPL,463.0,PLN,https://www.ryanair.com/pl/pl/trip/flights/select?adults=1&dateOut=2027-04-04&originIata=WAW&destinationIata=LPL&isReturn=false
2027-04-04,16:25,WAW,NAP,468.0,PLN,https://www.ryanair.com/pl/pl/trip/flights/select?adults=1&dateOut=2027-04-04&originIata=WAW&destinationIata=NAP&isReturn=false
2027-04-04,11:30,WAW,LBA,489.0,PLN,https://www.ryanair.com/pl/pl/trip/flights/select?adults=1&dateOut=2027-04-04&originIata=WAW&destinationIata=LBA&isReturn=false
2027-04-04,10:50,WAW,SVQ,752.0,PLN,https://www.ryanair.com/pl/pl/trip/flights/select?adults=1&dateOut=2027-04-04&originIata=WAW&destinationIata=SVQ&isReturn=false
2027-04-05,06:25,VCE,WAW,84.99,EUR,https://www.ryanair.com/pl/pl/trip/flights/select?adults=1&dateOut=2027-04-05&originIata=VCE&destinationIata=WAW&isReturn=false
2027-04-05,16:10,BRI,WAW,88.99,EUR,https://www.ryanair.com/pl/pl/trip/flights/select?adults=1&dateOut=2027-04-05&originIata=BRI&destinationIata=WAW&isReturn=false
2027-04-05,17:55,BLQ,WAW,88.99,EUR,https://www.ryanair.com/pl/pl/trip/flights/select?adults=1&dateOut=2027-04-05&originIata=BLQ&destinationIata=WAW&isReturn=false
2027-04-05,07:15,NAP,WAW,109.99,EUR,https://www.ryanair.com/pl/pl/trip/flights/select?adults=1&dateOut=2027-04-05&originIata=NAP&destinationIata=WAW&isReturn=false
2027-04-05,08:50,WAW,VCE,361.0,PLN,https://www.ryanair.com/pl/pl/trip/flights/select?adults=1&dateOut=2027-04-05&originIata=WAW&destinationIata=VCE&isReturn=false
2027-04-05,18:50,WAW,BRI,378.0,PLN,https://www.ryanair.com/pl/pl/trip/flights/select?adults=1&dateOut=2027-04-05&originIata=WAW&destinationIata=BRI&isReturn=false
2027-04-05,20:25,WAW,BLQ,378.0,PLN,https://www.ryanair.com/pl/pl/trip/flights/select?adults=1&dateOut=2027-04-05&originIata=WAW&destinationIata=BLQ&isReturn=false
2027-04-05,10:00,WAW,NAP,468.0,PLN,https://www.ryanair.com/pl/pl/trip/flights/select?adults=1&dateOut=2027-04-05&originIata=WAW&destinationIata=NAP&isReturn=false
2027-04-06,09:45,VIE,WAW,55.99,EUR,https://www.ryanair.com/pl/pl/trip/flights/select?adults=1&dateOut=2027-04-06&originIata=VIE&destinationIata=WAW&isReturn=false
2027-04-06,12:35,VCE,WAW,84.99,EUR,https://www.ryanair.com/pl/pl/trip/flights/select?adults=1&dateOut=2027-04-06&originIata=VCE&destinationIata=WAW&isReturn=false
2027-04-06,05:55,BRI,WAW,88.99,EUR,https://www.ryanair.com/pl/pl/trip/flights/select?adults=1&dateOut=2027-04-06&originIata=BRI&destinationIata=WAW&isReturn=false
2027-04-06,15:15,BLQ,WAW,88.99,EUR,https://www.ryanair.com/pl/pl/trip/flights/select?adults=1&dateOut=2027-04-06&originIata=BLQ&destinationIata=WAW&isReturn=false
2027-04-06,06:15,LPL,WAW,88.99,GBP,https://www.ryanair.com/pl/pl/trip/flights/select?adults=1&dateOut=2027-04-06&originIata=LPL&destinationIata=WAW&isReturn=false
2027-04-06,17:00,NAP,WAW,109.99,EUR,https://www.ryanair.com/pl/pl/trip/flights/select?adults=1&dateOut=2027-04-06&originIata=NAP&destinationIata=WAW&isReturn=false
2027-04-06,16:35,SVQ,WAW,160.99,EUR,https://www.ryanair.com/pl/pl/trip/flights/select?adults=1&dateOut=2027-04-06&originIata=SVQ&destinationIata=WAW&isReturn=false
2027-04-06,11:30,WAW,VIE,310.0,PLN,https://www.ryanair.com/pl/pl/trip/flights/select?adults=1&dateOut=2027-04-06&originIata=WAW&destinationIata=VIE&isReturn=false
2027-04-06,15:00,WAW,VCE,361.0,PLN,https://www.ryanair.com/pl/pl/trip/flights/select?adults=1&dateOut=2027-04-06&originIata=WAW&destinationIata=VCE&isReturn=false
2027-04-06,08:35,WAW,BRI,378.0,PLN,https://www.ryanair.com/pl/pl/trip/flights/select?adults=1&dateOut=2027-04-06&originIata=WAW&destinationIata=BRI&isReturn=false
2027-04-06,17:50,WAW,BLQ,378.0,PLN,https://www.ryanair.com/pl/pl/trip/flights/select?adults=1&dateOut=2027-04-06&originIata=WAW&destinationIata=BLQ&isReturn=false
2027-04-06,10:20,WAW,LPL,412.0,PLN,https://www.ryanair.com/pl/pl/trip/flights/select?adults=1&dateOut=2027-04-06&originIata=WAW&destinationIata=LPL&isReturn=false
2027-04-06,20:00,WAW,NAP,468.0,PLN,https://www.ryanair.com/pl/pl/trip/flights/select?adults=1&dateOut=2027-04-06&originIata=WAW&destinationIata=NAP&isReturn=false
2027-04-06,20:50,WAW,SVQ,684.0,PLN,https://www.ryanair.com/pl/pl/trip/flights/select?adults=1&dateOut=2027-04-06&originIata=WAW&destinationIata=SVQ&isReturn=false
2027-04-07,06:05,LBA,WAW,50.99,GBP,https://www.ryanair.com/pl/pl/trip/flights/select?adults=1&dateOut=2027-04-07&originIata=LBA&destinationIata=WAW&isReturn=false
2027-04-07,15:10,BRI,WAW,88.99,EUR,https://www.ryanair.com/pl/pl/trip/flights/select?adults=1&dateOut=2027-04-07&originIata=BRI&destinationIata=WAW&isReturn=false
2027-04-07,15:45,BLQ,WAW,88.99,EUR,https://www.ryanair.com/pl/pl/trip/flights/select?adults=1&dateOut=2027-04-07&originIata=BLQ&destinationIata=WAW&isReturn=false
2027-04-07,16:15,NAP,WAW,109.99,EUR,https://www.ryanair.com/pl/pl/trip/flights/select?adults=1&dateOut=2027-04-07&originIata=NAP&destinationIata=WAW&isReturn=false
2027-04-07,17:50,WAW,BRI,378.0,PLN,https://www.ryanair.com/pl/pl/trip/flights/select?adults=1&dateOut=2027-04-07&originIata=WAW&destinationIata=BRI&isReturn=false
2027-04-07,18:15,WAW,BLQ,378.0,PLN,https://www.ryanair.com/pl/pl/trip/flights/select?adults=1&dateOut=2027-04-07&originIata=WAW&destinationIata=BLQ&isReturn=false
2027-04-07,11:00,WAW,LBA,446.0,PLN,https://www.ryanair.com/pl/pl/trip/flights/select?adults=1&dateOut=2027-04-07&originIata=WAW&destinationIata=LBA&isReturn=false
2027-04-07,19:00,WAW,NAP,468.0,PLN,https://www.ryanair.com/pl/pl/trip/flights/select?adults=1&dateOut=2027-04-07&originIata=WAW&destinationIata=NAP&isReturn=false
2027-04-08,19:55,VIE,WAW,55.99,EUR,https://www.ryanair.com/pl/pl/trip/flights/select?adults=1&dateOut=2027-04-08&originIata=VIE&destinationIata=WAW&isReturn=false
2027-04-08,17:05,VCE,WAW,84.99,EUR,https://www.ryanair.com/pl/pl/trip/flights/select?adults=1&dateOut=2027-04-08&originIata=VCE&destinationIata=WAW&isReturn=false
2027-04-08,15:55,BRI,WAW,88.99,EUR,https://www.ryanair.com/pl/pl/trip/flights/select?adults=1&dateOut=2027-04-08&originIata=BRI&destinationIata=WAW&isReturn=false
2027-04-08,15:40,BLQ,WAW,88.99,EUR,https://www.ryanair.com/pl/pl/trip/flights/select?adults=1&dateOut=2027-04-08&originIata=BLQ&destinationIata=WAW&isReturn=false
2027-04-08,05:50,LPL,WAW,88.99,GBP,https://www.ryanair.com/pl/pl/trip/flights/select?adults=1&dateOut=2027-04-08&originIata=LPL&destinationIata=WAW&isReturn=false
2027-04-08,17:30,NAP,WAW,109.99,EUR,https://www.ryanair.com/pl/pl/trip/flights/select?adults=1&dateOut=2027-04-08&originIata=NAP&destinationIata=WAW&isReturn=false
2027-04-08,21:40,WAW,VIE,357.0,PLN,https://www.ryanair.com/pl/pl/trip/flights/select?adults=1&dateOut=2027-04-08&originIata=WAW&destinationIata=VIE&isReturn=false
2027-04-08,19:30,WAW,VCE,361.0,PLN,https://www.ryanair.com/pl/pl/trip/flights/select?adults=1&dateOut=2027-04-08&originIata=WAW&destinationIata=VCE&isReturn=false
2027-04-08,18:35,WAW,BRI,378.0,PLN,https://www.ryanair.com/pl/pl/trip/flights/select?adults=1&dateOut=2027-04-08&originIata=WAW&destinationIata=BRI&isReturn=false
2027-04-08,18:10,WAW,BLQ,378.0,PLN,https://www.ryanair.com/pl/pl/trip/flights/select?adults=1&dateOut=2027-04-08&originIata=WAW&destinationIata=BLQ&isReturn=false
2027-04-08,09:55,WAW,LPL,412.0,PLN,https://www.ryanair.com/pl/pl/trip/flights/select?adults=1&dateOut=2027-04-08&originIata=WAW&destinationIata=LPL&isReturn=false
2027-04-08,20:20,WAW,NAP,468.0,PLN,https://www.ryanair.com/pl/pl/trip/flights/select?adults=1&dateOut=2027-04-08&originIata=WAW&destinationIata=NAP&isReturn=false
2027-04-09,06:05,LBA,WAW,50.99,GBP,https://www.ryanair.com/pl/pl/trip/flights/select?adults=1&dateOut=2027-04-09&originIata=LBA&destinationIata=WAW&isReturn=false
2027-04-09,15:55,VIE,WAW,55.99,EUR,https://www.ryanair.com/pl/pl/trip/flights/select?adults=1&dateOut=2027-04-09&originIata=VIE&destinationIata=WAW&isReturn=false
2027-04-09,06:25,BLQ,WAW,88.99,EUR,https://www.ryanair.com/pl/pl/trip/flights/select?adults=1&dateOut=2027-04-09&originIata=BLQ&destinationIata=WAW&isReturn=false
2027-04-09,16:05,LPL,WAW,88.99,GBP,https://www.ryanair.com/pl/pl/trip/flights/select?adults=1&dateOut=2027-04-09&originIata=LPL&destinationIata=WAW&isReturn=false
2027-04-09,16:40,SVQ,WAW,109.99,EUR,https://www.ryanair.com/pl/pl/trip/flights/select?adults=1&dateOut=2027-04-09&originIata=SVQ&destinationIata=WAW&isReturn=false
2027-04-09,17:50,NAP,WAW,109.99,EUR,https://www.ryanair.com/pl/pl/trip/flights/select?adults=1&dateOut=2027-04-09&originIata=NAP&destinationIata=WAW&isReturn=false
2027-04-09,18:00,WAW,VIE,357.0,PLN,https://www.ryanair.com/pl/pl/trip/flights/select?adults=1&dateOut=2027-04-09&originIata=WAW&destinationIata=VIE&isReturn=false
2027-04-09,20:55,WAW,SVQ,374.0,PLN,https://www.ryanair.com/pl/pl/trip/flights/select?adults=1&dateOut=2027-04-09&originIata=WAW&destinationIata=SVQ&isReturn=false
2027-04-09,08:55,WAW,BLQ,378.0,PLN,https://www.ryanair.com/pl/pl/trip/flights/select?adults=1&dateOut=2027-04-09&originIata=WAW&destinationIata=BLQ&isReturn=false
2027-04-09,20:10,WAW,LPL,412.0,PLN,https://www.ryanair.com/pl/pl/trip/flights/select?adults=1&dateOut=2027-04-09&originIata=WAW&destinationIata=LPL&isReturn=false
2027-04-09,10:05,WAW,LBA,446.0,PLN,https://www.ryanair.com/pl/pl/trip/flights/select?adults=1&dateOut=2027-04-09&originIata=WAW&destinationIata=LBA&isReturn=false
2027-04-09,20:35,WAW,NAP,468.0,PLN,https://www.ryanair.com/pl/pl/trip/flights/select?adults=1&dateOut=2027-04-09&originIata=WAW&destinationIata=NAP&isReturn=false
2027-04-10,15:40,VCE,WAW,84.99,EUR,https://www.ryanair.com/pl/pl/trip/flights/select?adults=1&dateOut=2027-04-10&originIata=VCE&destinationIata=WAW&isReturn=false
2027-04-10,16:20,NAP,WAW,87.99,EUR,https://www.ryanair.com/pl/pl/trip/flights/select?adults=1&dateOut=2027-04-10&originIata=NAP&destinationIata=WAW&isReturn=false
2027-04-10,16:00,BRI,WAW,88.99,EUR,https://www.ryanair.com/pl/pl/trip/flights/select?adults=1&dateOut=2027-04-10&originIata=BRI&destinationIata=WAW&isReturn=false
2027-04-10,14:55,BLQ,WAW,88.99,EUR,https://www.ryanair.com/pl/pl/trip/flights/select?adults=1&dateOut=2027-04-10&originIata=BLQ&destinationIata=WAW&isReturn=false
2027-04-10,18:25,WAW,VCE,361.0,PLN,https://www.ryanair.com/pl/pl/trip/flights/select?adults=1&dateOut=2027-04-10&originIata=WAW&destinationIata=VCE&isReturn=false
2027-04-10,18:40,WAW,BRI,378.0,PLN,https://www.ryanair.com/pl/pl/trip/flights/select?adults=1&dateOut=2027-04-10&originIata=WAW&destinationIata=BRI&isReturn=false
2027-04-10,17:25,WAW,BLQ,378.0,PLN,https://www.ryanair.com/pl/pl/trip/flights/select?adults=1&dateOut=2027-04-10&originIata=WAW&destinationIata=BLQ&isReturn=false
2027-04-10,19:05,WAW,NAP,468.0,PLN,https://www.ryanair.com/pl/pl/trip/flights/select?adults=1&dateOut=2027-04-10&originIata=WAW&destinationIata=NAP&isReturn=false
2027-04-11,07:40,LBA,WAW,51.99,GBP,https://www.ryanair.com/pl/pl/trip/flights/select?adults=1&dateOut=2027-04-11&originIata=LBA&destinationIata=WAW&isReturn=false
2027-04-11,17:20,VIE,WAW,55.99,EUR,https://www.ryanair.com/pl/pl/trip/flights/select?adults=1&dateOut=2027-04-11&originIata=VIE&destinationIata=WAW&isReturn=false
2027-04-11,05:50,BRI,WAW,88.99,EUR,https://www.ryanair.com/pl/pl/trip/flights/select?adults=1&dateOut=2027-04-11&originIata=BRI&destinationIata=WAW&isReturn=false
2027-04-11,15:40,BLQ,WAW,88.99,EUR,https://www.ryanair.com/pl/pl/trip/flights/select?adults=1&dateOut=2027-04-11&originIata=BLQ&destinationIata=WAW&isReturn=false
2027-04-11,15:25,LPL,WAW,89.99,GBP,https://www.ryanair.com/pl/pl/trip/flights/select?adults=1&dateOut=2027-04-11&originIata=LPL&destinationIata=WAW&isReturn=false
2027-04-11,06:35,SVQ,WAW,109.99,EUR,https://www.ryanair.com/pl/pl/trip/flights/select?adults=1&dateOut=2027-04-11&originIata=SVQ&destinationIata=WAW&isReturn=false
2027-04-11,13:40,NAP,WAW,109.99,EUR,https://www.ryanair.com/pl/pl/trip/flights/select?adults=1&dateOut=2027-04-11&originIata=NAP&destinationIata=WAW&isReturn=false
2027-04-11,19:05,WAW,VIE,272.0,PLN,https://www.ryanair.com/pl/pl/trip/flights/select?adults=1&dateOut=2027-04-11&originIata=WAW&destinationIata=VIE&isReturn=false
2027-04-11,10:50,WAW,SVQ,374.0,PLN,https://www.ryanair.com/pl/pl/trip/flights/select?adults=1&dateOut=2027-04-11&originIata=WAW&destinationIata=SVQ&isReturn=false
2027-04-11,08:30,WAW,BRI,378.0,PLN,https://www.ryanair.com/pl/pl/trip/flights/select?adults=1&dateOut=2027-04-11&originIata=WAW&destinationIata=BRI&isReturn=false
2027-04-11,18:25,WAW,BLQ,378.0,PLN,https://www.ryanair.com/pl/pl/trip/flights/select?adults=1&dateOut=2027-04-11&originIata=WAW&destinationIata=BLQ&isReturn=false
2027-04-11,19:30,WAW,LPL,416.38,PLN,https://www.ryanair.com/pl/pl/trip/flights/select?adults=1&dateOut=2027-04-11&originIata=WAW&destinationIata=LPL&isReturn=false
2027-04-11,16:25,WAW,NAP,468.0,PLN,https://www.ryanair.com/pl/pl/trip/flights/select?adults=1&dateOut=2027-04-11&originIata=WAW&destinationIata=NAP&isReturn=false
2027-04-11,11:30,WAW,LBA,595.38,PLN,https://www.ryanair.com/pl/pl/trip/flights/select?adults=1&dateOut=2027-04-11&originIata=WAW&destinationIata=LBA&isReturn=false
2027-04-12,06:25,VCE,WAW,73.99,EUR,https://www.ryanair.com/pl/pl/trip/flights/select?adults=1&dateOut=2027-04-12&originIata=VCE&destinationIata=WAW&isReturn=false
2027-04-12,17:55,BLQ,WAW,77.99,EUR,https://www.ryanair.com/pl/pl/trip/flights/select?adults=1&dateOut=2027-04-12&originIata=BLQ&destinationIata=WAW&isReturn=false
2027-04-12,07:15,NAP,WAW,87.99,EUR,https://www.ryanair.com/pl/pl/trip/flights/select?adults=1&dateOut=2027-04-12&originIata=NAP&destinationIata=WAW&isReturn=false
2027-04-12,16:10,BRI,WAW,95.49,EUR,https://www.ryanair.com/pl/pl/trip/flights/select?adults=1&dateOut=2027-04-12&originIata=BRI&destinationIata=WAW&isReturn=false
2027-04-12,08:50,WAW,VCE,315.0,PLN,https://www.ryanair.com/pl/pl/trip/flights/select?adults=1&dateOut=2027-04-12&originIata=WAW&destinationIata=VCE&isReturn=false
2027-04-12,18:50,WAW,BRI,332.0,PLN,https://www.ryanair.com/pl/pl/trip/flights/select?adults=1&dateOut=2027-04-12&originIata=WAW&destinationIata=BRI&isReturn=false
2027-04-12,20:25,WAW,BLQ,332.0,PLN,https://www.ryanair.com/pl/pl/trip/flights/select?adults=1&dateOut=2027-04-12&originIata=WAW&destinationIata=BLQ&isReturn=false
2027-04-12,10:00,WAW,NAP,374.0,PLN,https://www.ryanair.com/pl/pl/trip/flights/select?adults=1&dateOut=2027-04-12&originIata=WAW&destinationIata=NAP&isReturn=false
2027-04-13,09:45,VIE,WAW,55.99,EUR,https://www.ryanair.com/pl/pl/trip/flights/select?adults=1&dateOut=2027-04-13&originIata=VIE&destinationIata=WAW&isReturn=false
2027-04-13,06:15,LPL,WAW,60.99,GBP,https://www.ryanair.com/pl/pl/trip/flights/select?adults=1&dateOut=2027-04-13&originIata=LPL&destinationIata=WAW&isReturn=false
2027-04-13,16:35,SVQ,WAW,67.99,EUR,https://www.ryanair.com/pl/pl/trip/flights/select?adults=1&dateOut=2027-04-13&originIata=SVQ&destinationIata=WAW&isReturn=false
2027-04-13,12:35,VCE,WAW,73.99,EUR,https://www.ryanair.com/pl/pl/trip/flights/select?adults=1&dateOut=2027-04-13&originIata=VCE&destinationIata=WAW&isReturn=false
2027-04-13,05:55,BRI,WAW,77.99,EUR,https://www.ryanair.com/pl/pl/trip/flights/select?adults=1&dateOut=2027-04-13&originIata=BRI&destinationIata=WAW&isReturn=false
2027-04-13,15:15,BLQ,WAW,77.99,EUR,https://www.ryanair.com/pl/pl/trip/flights/select?adults=1&dateOut=2027-04-13&originIata=BLQ&destinationIata=WAW&isReturn=false
2027-04-13,17:00,NAP,WAW,87.99,EUR,https://www.ryanair.com/pl/pl/trip/flights/select?adults=1&dateOut=2027-04-13&originIata=NAP&destinationIata=WAW&isReturn=false
2027-04-13,11:30,WAW,VIE,238.0,PLN,https://www.ryanair.com/pl/pl/trip/flights/select?adults=1&dateOut=2027-04-13&originIata=WAW&destinationIata=VIE&isReturn=false
2027-04-13,20:50,WAW,SVQ,268.52,PLN,https://www.ryanair.com/pl/pl/trip/flights/select?adults=1&dateOut=2027-04-13&originIata=WAW&destinationIata=SVQ&isReturn=false
2027-04-13,10:20,WAW,LPL,285.0,PLN,https://www.ryanair.com/pl/pl/trip/flights/select?adults=1&dateOut=2027-04-13&originIata=WAW&destinationIata=LPL&isReturn=false
2027-04-13,15:00,WAW,VCE,315.0,PLN,https://www.ryanair.com/pl/pl/trip/flights/select?adults=1&dateOut=2027-04-13&originIata=WAW&destinationIata=VCE&isReturn=false
2027-04-13,08:35,WAW,BRI,332.0,PLN,https://www.ryanair.com/pl/pl/trip/flights/select?adults=1&dateOut=2027-04-13&originIata=WAW&destinationIata=BRI&isReturn=false
2027-04-13,17:50,WAW,BLQ,332.0,PLN,https://www.ryanair.com/pl/pl/trip/flights/select?adults=1&dateOut=2027-04-13&originIata=WAW&destinationIata=BLQ&isReturn=false
2027-04-13,20:00,WAW,NAP,374.0,PLN,https://www.ryanair.com/pl/pl/trip/flights/select?adults=1&dateOut=2027-04-13&originIata=WAW&destinationIata=NAP&isReturn=false
2027-04-14,06:05,LBA,WAW,51.99,GBP,https://www.ryanair.com/pl/pl/trip/flights/select?adults=1&dateOut=2027-04-14&originIata=LBA&destinationIata=WAW&isReturn=false
2027-04-14,15:10,BRI,WAW,77.99,EUR,https://www.ryanair.com/pl/pl/trip/flights/select?adults=1&dateOut=2027-04-14&originIata=BRI&destinationIata=WAW&isReturn=false
2027-04-14,15:45,BLQ,WAW,77.99,EUR,https://www.ryanair.com/pl/pl/trip/flights/select?adults=1&dateOut=2027-04-14&originIata=BLQ&destinationIata=WAW&isReturn=false
2027-04-14,16:15,NAP,WAW,87.99,EUR,https://www.ryanair.com/pl/pl/trip/flights/select?adults=1&dateOut=2027-04-14&originIata=NAP&destinationIata=WAW&isReturn=false
2027-04-14,11:00,WAW,LBA,314.38,PLN,https://www.ryanair.com/pl/pl/trip/flights/select?adults=1&dateOut=2027-04-14&originIata=WAW&destinationIata=LBA&isReturn=false
2027-04-14,17:50,WAW,BRI,332.0,PLN,https://www.ryanair.com/pl/pl/trip/flights/select?adults=1&dateOut=2027-04-14&originIata=WAW&destinationIata=BRI&isReturn=false
2027-04-14,18:15,WAW,BLQ,332.0,PLN,https://www.ryanair.com/pl/pl/trip/flights/select?adults=1&dateOut=2027-04-14&originIata=WAW&destinationIata=BLQ&isReturn=false
2027-04-14,19:00,WAW,NAP,374.0,PLN,https://www.ryanair.com/pl/pl/trip/flights/select?adults=1&dateOut=2027-04-14&originIata=WAW&destinationIata=NAP&isReturn=false
2027-04-15,19:55,VIE,WAW,63.99,EUR,https://www.ryanair.com/pl/pl/trip/flights/select?adults=1&dateOut=2027-04-15&originIata=VIE&destinationIata=WAW&isReturn=false
2027-04-15,05:50,LPL,WAW,70.99,GBP,https://www.ryanair.com/pl/pl/trip/flights/select?adults=1&dateOut=2027-04-15&originIata=LPL&destinationIata=WAW&isReturn=false
2027-04-15,17:05,VCE,WAW,84.99,EUR,https://www.ryanair.com/pl/pl/trip/flights/select?adults=1&dateOut=2027-04-15&originIata=VCE&destinationIata=WAW&isReturn=false
2027-04-15,15:55,BRI,WAW,88.99,EUR,https://www.ryanair.com/pl/pl/trip/flights/select?adults=1&dateOut=2027-04-15&originIata=BRI&destinationIata=WAW&isReturn=false
2027-04-15,15:40,BLQ,WAW,88.99,EUR,https://www.ryanair.com/pl/pl/trip/flights/select?adults=1&dateOut=2027-04-15&originIata=BLQ&destinationIata=WAW&isReturn=false
2027-04-15,17:30,NAP,WAW,99.99,EUR,https://www.ryanair.com/pl/pl/trip/flights/select?adults=1&dateOut=2027-04-15&originIata=NAP&destinationIata=WAW&isReturn=false
2027-04-15,09:55,WAW,LPL,327.0,PLN,https://www.ryanair.com/pl/pl/trip/flights/select?adults=1&dateOut=2027-04-15&originIata=WAW&destinationIata=LPL&isReturn=false
2027-04-15,21:40,WAW,VIE,357.0,PLN,https://www.ryanair.com/pl/pl/trip/flights/select?adults=1&dateOut=2027-04-15&originIata=WAW&destinationIata=VIE&isReturn=false
2027-04-15,19:30,WAW,VCE,361.0,PLN,https://www.ryanair.com/pl/pl/trip/flights/select?adults=1&dateOut=2027-04-15&originIata=WAW&destinationIata=VCE&isReturn=false
2027-04-15,18:35,WAW,BRI,378.0,PLN,https://www.ryanair.com/pl/pl/trip/flights/select?adults=1&dateOut=2027-04-15&originIata=WAW&destinationIata=BRI&isReturn=false
2027-04-15,18:10,WAW,BLQ,378.0,PLN,https://www.ryanair.com/pl/pl/trip/flights/select?adults=1&dateOut=2027-04-15&originIata=WAW&destinationIata=BLQ&isReturn=false
2027-04-15,20:20,WAW,NAP,425.0,PLN,https://www.ryanair.com/pl/pl/trip/flights/select?adults=1&dateOut=2027-04-15&originIata=WAW&destinationIata=NAP&isReturn=false
2027-04-16,06:05,LBA,WAW,58.99,GBP,https://www.ryanair.com/pl/pl/trip/flights/select?adults=1&dateOut=2027-04-16&originIata=LBA&destinationIata=WAW&isReturn=false
2027-04-16,15:55,VIE,WAW,63.99,EUR,https://www.ryanair.com/pl/pl/trip/flights/select?adults=1&dateOut=2027-04-16&originIata=VIE&destinationIata=WAW&isReturn=false
2027-04-16,16:05,LPL,WAW,70.99,GBP,https://www.ryanair.com/pl/pl/trip/flights/select?adults=1&dateOut=2027-04-16&originIata=LPL&destinationIata=WAW&isReturn=false
2027-04-16,06:25,BLQ,WAW,88.99,EUR,https://www.ryanair.com/pl/pl/trip/flights/select?adults=1&dateOut=2027-04-16&originIata=BLQ&destinationIata=WAW&isReturn=false
2027-04-16,17:50,NAP,WAW,99.99,EUR,https://www.ryanair.com/pl/pl/trip/flights/select?adults=1&dateOut=2027-04-16&originIata=NAP&destinationIata=WAW&isReturn=false
2027-04-16,16:40,SVQ,WAW,132.99,EUR,https://www.ryanair.com/pl/pl/trip/flights/select?adults=1&dateOut=2027-04-16&originIata=SVQ&destinationIata=WAW&isReturn=false
2027-04-16,20:10,WAW,LPL,327.0,PLN,https://www.ryanair.com/pl/pl/trip/flights/select?adults=1&dateOut=2027-04-16&originIata=WAW&destinationIata=LPL&isReturn=false
2027-04-16,10:05,WAW,LBA,357.0,PLN,https://www.ryanair.com/pl/pl/trip/flights/select?adults=1&dateOut=2027-04-16&originIata=WAW&destinationIata=LBA&isReturn=false
2027-04-16,18:00,WAW,VIE,357.0,PLN,https://www.ryanair.com/pl/pl/trip/flights/select?adults=1&dateOut=2027-04-16&originIata=WAW&destinationIata=VIE&isReturn=false
2027-04-16,08:55,WAW,BLQ,378.0,PLN,https://www.ryanair.com/pl/pl/trip/flights/select?adults=1&dateOut=2027-04-16&originIata=WAW&destinationIata=BLQ&isReturn=false
2027-04-16,20:55,WAW,SVQ,425.0,PLN,https://www.ryanair.com/pl/pl/trip/flights/select?adults=1&dateOut=2027-04-16&originIata=WAW&destinationIata=SVQ&isReturn=false
2027-04-16,20:35,WAW,NAP,425.0,PLN,https://www.ryanair.com/pl/pl/trip/flights/select?adults=1&dateOut=2027-04-16&originIata=WAW&destinationIata=NAP&isReturn=false
2027-04-17,15:40,VCE,WAW,84.99,EUR,https://www.ryanair.com/pl/pl/trip/flights/select?adults=1&dateOut=2027-04-17&originIata=VCE&destinationIata=WAW&isReturn=false
2027-04-17,16:00,BRI,WAW,88.99,EUR,https://www.ryanair.com/pl/pl/trip/flights/select?adults=1&dateOut=2027-04-17&originIata=BRI&destinationIata=WAW&isReturn=false
2027-04-17,14:55,BLQ,WAW,88.99,EUR,https://www.ryanair.com/pl/pl/trip/flights/select?adults=1&dateOut=2027-04-17&originIata=BLQ&destinationIata=WAW&isReturn=false
2027-04-17,16:20,NAP,WAW,99.99,EUR,https://www.ryanair.com/pl/pl/trip/flights/select?adults=1&dateOut=2027-04-17&originIata=NAP&destinationIata=WAW&isReturn=false
2027-04-17,18:25,WAW,VCE,361.0,PLN,https://www.ryanair.com/pl/pl/trip/flights/select?adults=1&dateOut=2027-04-17&originIata=WAW&destinationIata=VCE&isReturn=false
2027-04-17,18:40,WAW,BRI,378.0,PLN,https://www.ryanair.com/pl/pl/trip/flights/select?adults=1&dateOut=2027-04-17&originIata=WAW&destinationIata=BRI&isReturn=false
2027-04-17,17:25,WAW,BLQ,378.0,PLN,https://www.ryanair.com/pl/pl/trip/flights/select?adults=1&dateOut=2027-04-17&originIata=WAW&destinationIata=BLQ&isReturn=false
2027-04-17,19:05,WAW,NAP,425.0,PLN,https://www.ryanair.com/pl/pl/trip/flights/select?adults=1&dateOut=2027-04-17&originIata=WAW&destinationIata=NAP&isReturn=false
2027-04-18,07:40,LBA,WAW,58.99,GBP,https://www.ryanair.com/pl/pl/trip/flights/select?adults=1&dateOut=2027-04-18&originIata=LBA&destinationIata=WAW&isReturn=false
2027-04-18,15:25,LPL,WAW,70.99,GBP,https://www.ryanair.com/pl/pl/trip/flights/select?adults=1&dateOut=2027-04-18&originIata=LPL&destinationIata=WAW&isReturn=false
2027-04-18,05:50,BRI,WAW,88.99,EUR,https://www.ryanair.com/pl/pl/trip/flights/select?adults=1&dateOut=2027-04-18&originIata=BRI&destinationIata=WAW&isReturn=false
2027-04-18,15:40,BLQ,WAW,88.99,EUR,https://www.ryanair.com/pl/pl/trip/flights/select?adults=1&dateOut=2027-04-18&originIata=BLQ&destinationIata=WAW&isReturn=false
2027-04-18,17:20,VIE,WAW,94.99,EUR,https://www.ryanair.com/pl/pl/trip/flights/select?adults=1&dateOut=2027-04-18&originIata=VIE&destinationIata=WAW&isReturn=false
2027-04-18,13:40,NAP,WAW,99.99,EUR,https://www.ryanair.com/pl/pl/trip/flights/select?adults=1&dateOut=2027-04-18&originIata=NAP&destinationIata=WAW&isReturn=false
2027-04-18,06:35,SVQ,WAW,132.99,EUR,https://www.ryanair.com/pl/pl/trip/flights/select?adults=1&dateOut=2027-04-18&originIata=SVQ&destinationIata=WAW&isReturn=false
2027-04-18,19:30,WAW,LPL,327.0,PLN,https://www.ryanair.com/pl/pl/trip/flights/select?adults=1&dateOut=2027-04-18&originIata=WAW&destinationIata=LPL&isReturn=false
2027-04-18,19:05,WAW,VIE,357.0,PLN,https://www.ryanair.com/pl/pl/trip/flights/select?adults=1&dateOut=2027-04-18&originIata=WAW&destinationIata=VIE&isReturn=false
2027-04-18,08:30,WAW,BRI,378.0,PLN,https://www.ryanair.com/pl/pl/trip/flights/select?adults=1&dateOut=2027-04-18&originIata=WAW&destinationIata=BRI&isReturn=false
2027-04-18,18:25,WAW,BLQ,378.0,PLN,https://www.ryanair.com/pl/pl/trip/flights/select?adults=1&dateOut=2027-04-18&originIata=WAW&destinationIata=BLQ&isReturn=false
2027-04-18,10:50,WAW,SVQ,425.0,PLN,https://www.ryanair.com/pl/pl/trip/flights/select?adults=1&dateOut=2027-04-18&originIata=WAW&destinationIata=SVQ&isReturn=false
2027-04-18,16:25,WAW,NAP,459.38,PLN,https://www.ryanair.com/pl/pl/trip/flights/select?adults=1&dateOut=2027-04-18&originIata=WAW&destinationIata=NAP&isReturn=false
2027-04-18,11:30,WAW,LBA,489.0,PLN,https://www.ryanair.com/pl/pl/trip/flights/select?adults=1&dateOut=2027-04-18&originIata=WAW&destinationIata=LBA&isReturn=false
2027-04-19,06:25,VCE,WAW,84.99,EUR,https://www.ryanair.com/pl/pl/trip/flights/select?adults=1&dateOut=2027-04-19&originIata=VCE&destinationIata=WAW&isReturn=false
2027-04-19,16:10,BRI,WAW,88.99,EUR,https://www.ryanair.com/pl/pl/trip/flights/select?adults=1&dateOut=2027-04-19&originIata=BRI&destinationIata=WAW&isReturn=false
2027-04-19,17:55,BLQ,WAW,88.99,EUR,https://www.ryanair.com/pl/pl/trip/flights/select?adults=1&dateOut=2027-04-19&originIata=BLQ&destinationIata=WAW&isReturn=false
2027-04-19,07:15,NAP,WAW,99.99,EUR,https://www.ryanair.com/pl/pl/trip/flights/select?adults=1&dateOut=2027-04-19&originIata=NAP&destinationIata=WAW&isReturn=false
2027-04-19,08:50,WAW,VCE,361.0,PLN,https://www.ryanair.com/pl/pl/trip/flights/select?adults=1&dateOut=2027-04-19&originIata=WAW&destinationIata=VCE&isReturn=false
2027-04-19,18:50,WAW,BRI,378.0,PLN,https://www.ryanair.com/pl/pl/trip/flights/select?adults=1&dateOut=2027-04-19&originIata=WAW&destinationIata=BRI&isReturn=false
2027-04-19,20:25,WAW,BLQ,378.0,PLN,https://www.ryanair.com/pl/pl/trip/flights/select?adults=1&dateOut=2027-04-19&originIata=WAW&destinationIata=BLQ&isReturn=false
2027-04-19,10:00,WAW,NAP,425.0,PLN,https://www.ryanair.com/pl/pl/trip/flights/select?adults=1&dateOut=2027-04-19&originIata=WAW&destinationIata=NAP&isReturn=false
2027-04-20,06:15,LPL,WAW,70.99,GBP,https://www.ryanair.com/pl/pl/trip/flights/select?adults=1&dateOut=2027-04-20&originIata=LPL&destinationIata=WAW&isReturn=false
2027-04-20,09:45,VIE,WAW,83.99,EUR,https://www.ryanair.com/pl/pl/trip/flights/select?adults=1&dateOut=2027-04-20&originIata=VIE&destinationIata=WAW&isReturn=false
2027-04-20,12:35,VCE,WAW,84.99,EUR,https://www.ryanair.com/pl/pl/trip/flights/select?adults=1&dateOut=2027-04-20&originIata=VCE&destinationIata=WAW&isReturn=false
2027-04-20,16:35,SVQ,WAW,87.99,EUR,https://www.ryanair.com/pl/pl/trip/flights/select?adults=1&dateOut=2027-04-20&originIata=SVQ&destinationIata=WAW&isReturn=false
2027-04-20,05:55,BRI,WAW,88.99,EUR,https://www.ryanair.com/pl/pl/trip/flights/select?adults=1&dateOut=2027-04-20&originIata=BRI&destinationIata=WAW&isReturn=false
2027-04-20,15:15,BLQ,WAW,88.99,EUR,https://www.ryanair.com/pl/pl/trip/flights/select?adults=1&dateOut=2027-04-20&originIata=BLQ&destinationIata=WAW&isReturn=false
2027-04-20,17:00,NAP,WAW,99.99,EUR,https://www.ryanair.com/pl/pl/trip/flights/select?adults=1&dateOut=2027-04-20&originIata=NAP&destinationIata=WAW&isReturn=false
2027-04-20,11:30,WAW,VIE,272.0,PLN,https://www.ryanair.com/pl/pl/trip/flights/select?adults=1&dateOut=2027-04-20&originIata=WAW&destinationIata=VIE&isReturn=false
2027-04-20,20:50,WAW,SVQ,289.0,PLN,https://www.ryanair.com/pl/pl/trip/flights/select?adults=1&dateOut=2027-04-20&originIata=WAW&destinationIata=SVQ&isReturn=false
2027-04-20,10:20,WAW,LPL,327.0,PLN,https://www.ryanair.com/pl/pl/trip/flights/select?adults=1&dateOut=2027-04-20&originIata=WAW&destinationIata=LPL&isReturn=false
2027-04-20,15:00,WAW,VCE,361.0,PLN,https://www.ryanair.com/pl/pl/trip/flights/select?adults=1&dateOut=2027-04-20&originIata=WAW&destinationIata=VCE&isReturn=false
2027-04-20,08:35,WAW,BRI,378.0,PLN,https://www.ryanair.com/pl/pl/trip/flights/select?adults=1&dateOut=2027-04-20&originIata=WAW&destinationIata=BRI&isReturn=false
2027-04-20,17:50,WAW,BLQ,378.0,PLN,https://www.ryanair.com/pl/pl/trip/flights/select?adults=1&dateOut=2027-04-20&originIata=WAW&destinationIata=BLQ&isReturn=false
2027-04-20,20:00,WAW,NAP,425.0,PLN,https://www.ryanair.com/pl/pl/trip/flights/select?adults=1&dateOut=2027-04-20&originIata=WAW&destinationIata=NAP&isReturn=false
2027-04-21,06:05,LBA,WAW,63.74,GBP,https://www.ryanair.com/pl/pl/trip/flights/select?adults=1&dateOut=2027-04-21&originIata=LBA&destinationIata=WAW&isReturn=false
2027-04-21,15:10,BRI,WAW,88.99,EUR,https://www.ryanair.com/pl/pl/trip/flights/select?adults=1&dateOut=2027-04-21&originIata=BRI&destinationIata=WAW&isReturn=false
2027-04-21,15:45,BLQ,WAW,88.99,EUR,https://www.ryanair.com/pl/pl/trip/flights/select?adults=1&dateOut=2027-04-21&originIata=BLQ&destinationIata=WAW&isReturn=false
2027-04-21,16:15,NAP,WAW,99.99,EUR,https://www.ryanair.com/pl/pl/trip/flights/select?adults=1&dateOut=2027-04-21&originIata=NAP&destinationIata=WAW&isReturn=false
2027-04-21,11:00,WAW,LBA,272.0,PLN,https://www.ryanair.com/pl/pl/trip/flights/select?adults=1&dateOut=2027-04-21&originIata=WAW&destinationIata=LBA&isReturn=false
2027-04-21,17:50,WAW,BRI,378.0,PLN,https://www.ryanair.com/pl/pl/trip/flights/select?adults=1&dateOut=2027-04-21&originIata=WAW&destinationIata=BRI&isReturn=false
2027-04-21,18:15,WAW,BLQ,378.0,PLN,https://www.ryanair.com/pl/pl/trip/flights/select?adults=1&dateOut=2027-04-21&originIata=WAW&destinationIata=BLQ&isReturn=false
2027-04-21,19:00,WAW,NAP,425.0,PLN,https://www.ryanair.com/pl/pl/trip/flights/select?adults=1&dateOut=2027-04-21&originIata=WAW&destinationIata=NAP&isReturn=false
2027-04-22,19:55,VIE,WAW,63.99,EUR,https://www.ryanair.com/pl/pl/trip/flights/select?adults=1&dateOut=2027-04-22&originIata=VIE&destinationIata=WAW&isReturn=false
2027-04-22,05:50,LPL,WAW,70.99,GBP,https://www.ryanair.com/pl/pl/trip/flights/select?adults=1&dateOut=2027-04-22&originIata=LPL&destinationIata=WAW&isReturn=false
2027-04-22,17:05,VCE,WAW,84.99,EUR,https://www.ryanair.com/pl/pl/trip/flights/select?adults=1&dateOut=2027-04-22&originIata=VCE&destinationIata=WAW&isReturn=false
2027-04-22,15:55,BRI,WAW,88.99,EUR,https://www.ryanair.com/pl/pl/trip/flights/select?adults=1&dateOut=2027-04-22&originIata=BRI&destinationIata=WAW&isReturn=false
2027-04-22,15:40,BLQ,WAW,88.99,EUR,https://www.ryanair.com/pl/pl/trip/flights/select?adults=1&dateOut=2027-04-22&originIata=BLQ&destinationIata=WAW&isReturn=false
2027-04-22,17:30,NAP,WAW,99.99,EUR,https://www.ryanair.com/pl/pl/trip/flights/select?adults=1&dateOut=2027-04-22&originIata=NAP&destinationIata=WAW&isReturn=false
2027-04-22,09:55,WAW,LPL,327.0,PLN,https://www.ryanair.com/pl/pl/trip/flights/select?adults=1&dateOut=2027-04-22&originIata=WAW&destinationIata=LPL&isReturn=false
2027-04-22,21:40,WAW,VIE,357.0,PLN,https://www.ryanair.com/pl/pl/trip/flights/select?adults=1&dateOut=2027-04-22&originIata=WAW&destinationIata=VIE&isReturn=false
2027-04-22,19:30,WAW,VCE,361.0,PLN,https://www.ryanair.com/pl/pl/trip/flights/select?adults=1&dateOut=2027-04-22&originIata=WAW&destinationIata=VCE&isReturn=false
2027-04-22,18:35,WAW,BRI,378.0,PLN,https://www.ryanair.com/pl/pl/trip/flights/select?adults=1&dateOut=2027-04-22&originIata=WAW&destinationIata=BRI&isReturn=false
2027-04-22,18:10,WAW,BLQ,378.0,PLN,https://www.ryanair.com/pl/pl/trip/flights/select?adults=1&dateOut=2027-04-22&originIata=WAW&destinationIata=BLQ&isReturn=false
2027-04-22,20:20,WAW,NAP,425.0,PLN,https://www.ryanair.com/pl/pl/trip/flights/select?adults=1&dateOut=2027-04-22&originIata=WAW&destinationIata=NAP&isReturn=false
2027-04-23,06:05,LBA,WAW,58.99,GBP,https://www.ryanair.com/pl/pl/trip/flights/select?adults=1&dateOut=2027-04-23&originIata=LBA&destinationIata=WAW&isReturn=false
2027-04-23,15:55,VIE,WAW,63.99,EUR,https://www.ryanair.com/pl/pl/trip/flights/select?adults=1&dateOut=2027-04-23&originIata=VIE&destinationIata=WAW&isReturn=false
2027-04-23,16:05,LPL,WAW,70.99,GBP,https://www.ryanair.com/pl/pl/trip/flights/select?adults=1&dateOut=2027-04-23&originIata=LPL&destinationIata=WAW&isReturn=false
2027-04-23,06:25,BLQ,WAW,88.99,EUR,https://www.ryanair.com/pl/pl/trip/flights/select?adults=1&dateOut=2027-04-23&originIata=BLQ&destinationIata=WAW&isReturn=false
2027-04-23,17:50,NAP,WAW,99.99,EUR,https://www.ryanair.com/pl/pl/trip/flights/select?adults=1&dateOut=2027-04-23&originIata=NAP&destinationIata=WAW&isReturn=false
2027-04-23,16:40,SVQ,WAW,145.99,EUR,https://www.ryanair.com/pl/pl/trip/flights/select?adults=1&dateOut=2027-04-23&originIata=SVQ&destinationIata=WAW&isReturn=false
2027-04-23,10:05,WAW,LBA,272.0,PLN,https://www.ryanair.com/pl/pl/trip/flights/select?adults=1&dateOut=2027-04-23&originIata=WAW&destinationIata=LBA&isReturn=false
2027-04-23,20:10,WAW,LPL,327.0,PLN,https://www.ryanair.com/pl/pl/trip/flights/select?adults=1&dateOut=2027-04-23&originIata=WAW&destinationIata=LPL&isReturn=false
2027-04-23,18:00,WAW,VIE,357.0,PLN,https://www.ryanair.com/pl/pl/trip/flights/select?adults=1&dateOut=2027-04-23&originIata=WAW&destinationIata=VIE&isReturn=false
2027-04-23,08:55,WAW,BLQ,378.0,PLN,https://www.ryanair.com/pl/pl/trip/flights/select?adults=1&dateOut=2027-04-23&originIata=WAW&destinationIata=BLQ&isReturn=false
2027-04-23,20:35,WAW,NAP,425.0,PLN,https://www.ryanair.com/pl/pl/trip/flights/select?adults=1&dateOut=2027-04-23&originIata=WAW&destinationIata=NAP&isReturn=false
2027-04-23,20:55,WAW,SVQ,468.0,PLN,https://www.ryanair.com/pl/pl/trip/flights/select?adults=1&dateOut=2027-04-23&originIata=WAW&destinationIata=SVQ&isReturn=false
2027-04-24,15:40,VCE,WAW,84.99,EUR,https://www.ryanair.com/pl/pl/trip/flights/select?adults=1&dateOut=2027-04-24&originIata=VCE&destinationIata=WAW&isReturn=false
2027-04-24,16:00,BRI,WAW,88.99,EUR,https://www.ryanair.com/pl/pl/trip/flights/select?adults=1&dateOut=2027-04-24&originIata=BRI&destinationIata=WAW&isReturn=false
2027-04-24,14:55,BLQ,WAW,88.99,EUR,https://www.ryanair.com/pl/pl/trip/flights/select?adults=1&dateOut=2027-04-24&originIata=BLQ&destinationIata=WAW&isReturn=false
2027-04-24,16:20,NAP,WAW,99.99,EUR,https://www.ryanair.com/pl/pl/trip/flights/select?adults=1&dateOut=2027-04-24&originIata=NAP&destinationIata=WAW&isReturn=false
2027-04-24,18:25,WAW,VCE,361.0,PLN,https://www.ryanair.com/pl/pl/trip/flights/select?adults=1&dateOut=2027-04-24&originIata=WAW&destinationIata=VCE&isReturn=false
2027-04-24,18:40,WAW,BRI,378.0,PLN,https://www.ryanair.com/pl/pl/trip/flights/select?adults=1&dateOut=2027-04-24&originIata=WAW&destinationIata=BRI&isReturn=false
2027-04-24,17:25,WAW,BLQ,378.0,PLN,https://www.ryanair.com/pl/pl/trip/flights/select?adults=1&dateOut=2027-04-24&originIata=WAW&destinationIata=BLQ&isReturn=false
2027-04-24,19:05,WAW,NAP,425.0,PLN,https://www.ryanair.com/pl/pl/trip/flights/select?adults=1&dateOut=2027-04-24&originIata=WAW&destinationIata=NAP&isReturn=false
2027-04-25,07:40,LBA,WAW,58.99,GBP,https://www.ryanair.com/pl/pl/trip/flights/select?adults=1&dateOut=2027-04-25&originIata=LBA&destinationIata=WAW&isReturn=false
2027-04-25,15:25,LPL,WAW,70.99,GBP,https://www.ryanair.com/pl/pl/trip/flights/select?adults=1&dateOut=2027-04-25&originIata=LPL&destinationIata=WAW&isReturn=false
2027-04-25,05:50,BRI,WAW,88.99,EUR,https://www.ryanair.com/pl/pl/trip/flights/select?adults=1&dateOut=2027-04-25&originIata=BRI&destinationIata=WAW&isReturn=false
2027-04-25,15:40,BLQ,WAW,88.99,EUR,https://www.ryanair.com/pl/pl/trip/flights/select?adults=1&dateOut=2027-04-25&originIata=BLQ&destinationIata=WAW&isReturn=false
2027-04-25,17:20,VIE,WAW,94.99,EUR,https://www.ryanair.com/pl/pl/trip/flights/select?adults=1&dateOut=2027-04-25&originIata=VIE&destinationIata=WAW&isReturn=false
2027-04-25,13:40,NAP,WAW,107.84,EUR,https://www.ryanair.com/pl/pl/trip/flights/select?adults=1&dateOut=2027-04-25&originIata=NAP&destinationIata=WAW&isReturn=false
2027-04-25,06:35,SVQ,WAW,145.99,EUR,https://www.ryanair.com/pl/pl/trip/flights/select?adults=1&dateOut=2027-04-25&originIata=SVQ&destinationIata=WAW&isReturn=false
2027-04-25,11:30,WAW,LBA,272.0,PLN,https://www.ryanair.com/pl/pl/trip/flights/select?adults=1&dateOut=2027-04-25&originIata=WAW&destinationIata=LBA&isReturn=false
2027-04-25,19:05,WAW,VIE,310.0,PLN,https://www.ryanair.com/pl/pl/trip/flights/select?adults=1&dateOut=2027-04-25&originIata=WAW&destinationIata=VIE&isReturn=false
2027-04-25,19:30,WAW,LPL,327.0,PLN,https://www.ryanair.com/pl/pl/trip/flights/select?adults=1&dateOut=2027-04-25&originIata=WAW&destinationIata=LPL&isReturn=false
2027-04-25,08:30,WAW,BRI,378.0,PLN,https://www.ryanair.com/pl/pl/trip/flights/select?adults=1&dateOut=2027-04-25&originIata=WAW&destinationIata=BRI&isReturn=false
2027-04-25,18:25,WAW,BLQ,378.0,PLN,https://www.ryanair.com/pl/pl/trip/flights/select?adults=1&dateOut=2027-04-25&originIata=WAW&destinationIata=BLQ&isReturn=false
2027-04-25,16:25,WAW,NAP,425.0,PLN,https://www.ryanair.com/pl/pl/trip/flights/select?adults=1&dateOut=2027-04-25&originIata=WAW&destinationIata=NAP&isReturn=false
2027-04-25,10:50,WAW,SVQ,468.0,PLN,https://www.ryanair.com/pl/pl/trip/flights/select?adults=1&dateOut=2027-04-25&originIata=WAW&destinationIata=SVQ&isReturn=false
2027-04-26,06:25,VCE,WAW,84.99,EUR,https://www.ryanair.com/pl/pl/trip/flights/select?adults=1&dateOut=2027-04-26&originIata=VCE&destinationIata=WAW&isReturn=false
2027-04-26,16:10,BRI,WAW,88.99,EUR,https://www.ryanair.com/pl/pl/trip/flights/select?adults=1&dateOut=2027-04-26&originIata=BRI&destinationIata=WAW&isReturn=false
2027-04-26,17:55,BLQ,WAW,88.99,EUR,https://www.ryanair.com/pl/pl/trip/flights/select?adults=1&dateOut=2027-04-26&originIata=BLQ&destinationIata=WAW&isReturn=false
2027-04-26,07:15,NAP,WAW,99.99,EUR,https://www.ryanair.com/pl/pl/trip/flights/select?adults=1&dateOut=2027-04-26&originIata=NAP&destinationIata=WAW&isReturn=false
2027-04-26,08:50,WAW,VCE,361.0,PLN,https://www.ryanair.com/pl/pl/trip/flights/select?adults=1&dateOut=2027-04-26&originIata=WAW&destinationIata=VCE&isReturn=false
2027-04-26,18:50,WAW,BRI,378.0,PLN,https://www.ryanair.com/pl/pl/trip/flights/select?adults=1&dateOut=2027-04-26&originIata=WAW&destinationIata=BRI&isReturn=false
2027-04-26,20:25,WAW,BLQ,378.0,PLN,https://www.ryanair.com/pl/pl/trip/flights/select?adults=1&dateOut=2027-04-26&originIata=WAW&destinationIata=BLQ&isReturn=false
2027-04-26,10:00,WAW,NAP,425.0,PLN,https://www.ryanair.com/pl/pl/trip/flights/select?adults=1&dateOut=2027-04-26&originIata=WAW&destinationIata=NAP&isReturn=false
2027-04-27,06:15,LPL,WAW,70.99,GBP,https://www.ryanair.com/pl/pl/trip/flights/select?adults=1&dateOut=2027-04-27&originIata=LPL&destinationIata=WAW&isReturn=false
2027-04-27,15:15,BLQ,WAW,77.99,EUR,https://www.ryanair.com/pl/pl/trip/flights/select?adults=1&dateOut=2027-04-27&originIata=BLQ&destinationIata=WAW&isReturn=false
2027-04-27,09:45,VIE,WAW,83.99,EUR,https://www.ryanair.com/pl/pl/trip/flights/select?adults=1&dateOut=2027-04-27&originIata=VIE&destinationIata=WAW&isReturn=false
2027-04-27,12:35,VCE,WAW,84.99,EUR,https://www.ryanair.com/pl/pl/trip/flights/select?adults=1&dateOut=2027-04-27&originIata=VCE&destinationIata=WAW&isReturn=false
2027-04-27,05:55,BRI,WAW,88.99,EUR,https://www.ryanair.com/pl/pl/trip/flights/select?adults=1&dateOut=2027-04-27&originIata=BRI&destinationIata=WAW&isReturn=false
2027-04-27,16:35,SVQ,WAW,99.99,EUR,https://www.ryanair.com/pl/pl/trip/flights/select?adults=1&dateOut=2027-04-27&originIata=SVQ&destinationIata=WAW&isReturn=false
2027-04-27,17:00,NAP,WAW,99.99,EUR,https://www.ryanair.com/pl/pl/trip/flights/select?adults=1&dateOut=2027-04-27&originIata=NAP&destinationIata=WAW&isReturn=false
2027-04-27,11:30,WAW,VIE,272.0,PLN,https://www.ryanair.com/pl/pl/trip/flights/select?adults=1&dateOut=2027-04-27&originIata=WAW&destinationIata=VIE&isReturn=false
2027-04-27,10:20,WAW,LPL,327.0,PLN,https://www.ryanair.com/pl/pl/trip/flights/select?adults=1&dateOut=2027-04-27&originIata=WAW&destinationIata=LPL&isReturn=false
2027-04-27,15:00,WAW,VCE,361.0,PLN,https://www.ryanair.com/pl/pl/trip/flights/select?adults=1&dateOut=2027-04-27&originIata=WAW&destinationIata=VCE&isReturn=false
2027-04-27,08:35,WAW,BRI,378.0,PLN,https://www.ryanair.com/pl/pl/trip/flights/select?adults=1&dateOut=2027-04-27&originIata=WAW&destinationIata=BRI&isReturn=false
2027-04-27,17:50,WAW,BLQ,378.0,PLN,https://www.ryanair.com/pl/pl/trip/flights/select?adults=1&dateOut=2027-04-27&originIata=WAW&destinationIata=BLQ&isReturn=false
2027-04-27,20:50,WAW,SVQ,425.0,PLN,https://www.ryanair.com/pl/pl/trip/flights/select?adults=1&dateOut=2027-04-27&originIata=WAW&destinationIata=SVQ&isReturn=false
2027-04-27,20:00,WAW,NAP,425.0,PLN,https://www.ryanair.com/pl/pl/trip/flights/select?adults=1&dateOut=2027-04-27&originIata=WAW&destinationIata=NAP&isReturn=false
2027-04-28,06:05,LBA,WAW,66.99,GBP,https://www.ryanair.com/pl/pl/trip/flights/select?adults=1&dateOut=2027-04-28&originIata=LBA&destinationIata=WAW&isReturn=false
2027-04-28,15:10,BRI,WAW,88.99,EUR,https://www.ryanair.com/pl/pl/trip/flights/select?adults=1&dateOut=2027-04-28&originIata=BRI&destinationIata=WAW&isReturn=false
2027-04-28,15:45,BLQ,WAW,88.99,EUR,https://www.ryanair.com/pl/pl/trip/flights/select?adults=1&dateOut=2027-04-28&originIata=BLQ&destinationIata=WAW&isReturn=false
2027-04-28,16:15,NAP,WAW,99.99,EUR,https://www.ryanair.com/pl/pl/trip/flights/select?adults=1&dateOut=2027-04-28&originIata=NAP&destinationIata=WAW&isReturn=false
2027-04-28,11:00,WAW,LBA,357.0,PLN,https://www.ryanair.com/pl/pl/trip/flights/select?adults=1&dateOut=2027-04-28&originIata=WAW&destinationIata=LBA&isReturn=false
2027-04-28,17:50,WAW,BRI,378.0,PLN,https://www.ryanair.com/pl/pl/trip/flights/select?adults=1&dateOut=2027-04-28&originIata=WAW&destinationIata=BRI&isReturn=false
2027-04-28,18:15,WAW,BLQ,378.0,PLN,https://www.ryanair.com/pl/pl/trip/flights/select?adults=1&dateOut=2027-04-28&originIata=WAW&destinationIata=BLQ&isReturn=false
2027-04-28,19:00,WAW,NAP,425.0,PLN,https://www.ryanair.com/pl/pl/trip/flights/select?adults=1&dateOut=2027-04-28&originIata=WAW&destinationIata=NAP&isReturn=false
2027-04-29,05:50,LPL,WAW,70.99,GBP,https://www.ryanair.com/pl/pl/trip/flights/select?adults=1&dateOut=2027-04-29&originIata=LPL&destinationIata=WAW&isReturn=false
2027-04-29,19:55,VIE,WAW,94.99,EUR,https://www.ryanair.com/pl/pl/trip/flights/select?adults=1&dateOut=2027-04-29&originIata=VIE&destinationIata=WAW&isReturn=false
2027-04-29,17:05,VCE,WAW,114.99,EUR,https://www.ryanair.com/pl/pl/trip/flights/select?adults=1&dateOut=2027-04-29&originIata=VCE&destinationIata=WAW&isReturn=false
2027-04-29,15:55,BRI,WAW,120.99,EUR,https://www.ryanair.com/pl/pl/trip/flights/select?adults=1&dateOut=2027-04-29&originIata=BRI&destinationIata=WAW&isReturn=false
2027-04-29,15:40,BLQ,WAW,120.99,EUR,https://www.ryanair.com/pl/pl/trip/flights/select?adults=1&dateOut=2027-04-29&originIata=BLQ&destinationIata=WAW&isReturn=false
2027-04-29,17:30,NAP,WAW,132.99,EUR,https://www.ryanair.com/pl/pl/trip/flights/select?adults=1&dateOut=2027-04-29&originIata=NAP&destinationIata=WAW&isReturn=false
2027-04-29,09:55,WAW,LPL,327.0,PLN,https://www.ryanair.com/pl/pl/trip/flights/select?adults=1&dateOut=2027-04-29&originIata=WAW&destinationIata=LPL&isReturn=false
2027-04-29,21:40,WAW,VIE,446.0,PLN,https://www.ryanair.com/pl/pl/trip/flights/select?adults=1&dateOut=2027-04-29&originIata=WAW&destinationIata=VIE&isReturn=false
2027-04-29,19:30,WAW,VCE,489.0,PLN,https://www.ryanair.com/pl/pl/trip/flights/select?adults=1&dateOut=2027-04-29&originIata=WAW&destinationIata=VCE&isReturn=false
2027-04-29,18:35,WAW,BRI,514.0,PLN,https://www.ryanair.com/pl/pl/trip/flights/select?adults=1&dateOut=2027-04-29&originIata=WAW&destinationIata=BRI&isReturn=false
2027-04-29,18:10,WAW,BLQ,514.0,PLN,https://www.ryanair.com/pl/pl/trip/flights/select?adults=1&dateOut=2027-04-29&originIata=WAW&destinationIata=BLQ&isReturn=false
2027-04-29,20:20,WAW,NAP,565.0,PLN,https://www.ryanair.com/pl/pl/trip/flights/select?adults=1&dateOut=2027-04-29&originIata=WAW&destinationIata=NAP&isReturn=false
